customerID,gender,SeniorCitizen,Partner,Dependents,tenure,PhoneService,MultipleLines,InternetService,OnlineSecurity,OnlineBackup,DeviceProtection,TechSupport,StreamingTV,StreamingMovies,Contract,PaperlessBilling,PaymentMethod,MonthlyCharges,TotalCharges,Churn
CUST-100000,Male,0,Yes,No,18,Yes,Yes,No,No internet service,No internet service,No internet service,No internet service,No internet service,No internet service,Two year,Yes,Electronic check,32.43,548.27,No
CUST-100001,Female,1,Yes,No,4,Yes,No,Fiber optic,No,Yes,No,No,Yes,Yes,Month-to-month,No,Mailed check,103.88,400.07,Yes
CUST-100002,Female,0,No,Yes,4,Yes,No,Fiber optic,No,Yes,No,No,No,Yes,One year,No,Mailed check,85.19,324.32,No
CUST-100003,Male,0,Yes,No,65,Yes,No,Fiber optic,No,Yes,No,Yes,No,No,One year,Yes,Mailed check,89.41,5800.53,No
CUST-100004,Male,0,Yes,No,66,Yes,No,Fiber optic,No,Yes,No,No,Yes,No,Month-to-month,Yes,Credit card (automatic),87.25,5740.81,Yes
CUST-100005,Female,0,Yes,No,13,Yes,No,Fiber optic,Yes,Yes,No,No,Yes,No,Month-to-month,Yes,Credit card (automatic),99.09,1298.58,Yes
CUST-100006,Male,0,Yes,No,22,Yes,Yes,Fiber optic,No,No,No,Yes,Yes,No,Month-to-month,Yes,Mailed check,92.29,2035.33,Yes
CUST-100007,Female,0,Yes,No,6,Yes,No,DSL,No,No,No,Yes,Yes,No,Month-to-month,No,Electronic check,68.08,440.08,No
CUST-100008,Male,0,No,No,0,Yes,No,Fiber optic,Yes,Yes,Yes,No,No,No,One year,Yes,Mailed check,89.13,0.0,No
CUST-100009,Male,0,Yes,No,9,Yes,Yes,DSL,No,No,Yes,Yes,Yes,Yes,Month-to-month,No,Credit card (automatic),73.84,668.56,No
CUST-100010,Female,0,No,No,38,Yes,Yes,No,No internet service,No internet service,No internet service,No internet service,No internet service,No internet service,Two year,Yes,Credit card (automatic),25.44,981.54,No
CUST-100011,Female,0,No,No,17,Yes,Yes,Fiber optic,No,No,No,No,No,No,Month-to-month,Yes,Electronic check,79.23,1367.34,No
CUST-100012,Female,0,No,Yes,8,Yes,Yes,DSL,No,No,Yes,No,Yes,No,Month-to-month,No,Electronic check,64.03,487.54,No
CUST-100013,Female,0,Yes,No,8,No,No phone service,Fiber optic,No,No,No,No,Yes,No,Two year,Yes,Electronic check,79.01,640.18,No
CUST-100014,Female,1,Yes,No,50,Yes,Yes,DSL,No,No,No,No,No,No,Month-to-month,Yes,Credit card (automatic),48.9,2447.93,No
CUST-100015,Female,0,Yes,No,6,Yes,Yes,Fiber optic,No,No,Yes,No,No,Yes,One year,Yes,Mailed check,89.97,545.88,No
CUST-100016,Female,0,Yes,No,3,Yes,No,No,No internet service,No internet service,No internet service,No internet service,No internet service,No internet service,One year,No,Electronic check,33.58,101.93,No
CUST-100017,Male,1,Yes,No,22,Yes,No,Fiber optic,No,Yes,Yes,No,No,No,Two year,Yes,Electronic check,88.33,1977.52,No
CUST-100018,Female,0,No,No,6,Yes,Yes,Fiber optic,No,No,Yes,No,No,Yes,Month-to-month,No,Electronic check,91.58,531.66,Yes
CUST-100019,Male,0,Yes,Yes,72,Yes,No,Fiber optic,No,No,No,Yes,No,Yes,Month-to-month,No,Credit card (automatic),92.61,6648.92,No
CUST-100020,Female,0,Yes,Yes,20,Yes,Yes,Fiber optic,No,No,No,Yes,Yes,Yes,Two year,No,Mailed check,96.95,1922.58,No
CUST-100021,Male,0,Yes,No,72,Yes,No,DSL,No,No,Yes,No,No,No,Month-to-month,No,Electronic check,63.53,4568.36,Yes
CUST-100022,Male,1,No,No,1,Yes,No,Fiber optic,Yes,No,No,No,Yes,Yes,One year,No,Bank transfer (automatic),100.43,106.3,Yes
CUST-100023,Female,0,No,Yes,34,No,No phone service,Fiber optic,No,No,No,Yes,No,Yes,One year,No,Bank transfer (automatic),83.71,2837.02,No
CUST-100024,Female,0,No,Yes,72,No,No phone service,DSL,No,No,Yes,No,No,No,One year,Yes,Bank transfer (automatic),51.75,3746.13,No
CUST-100025,Female,0,No,Yes,9,Yes,No,DSL,Yes,No,Yes,Yes,Yes,Yes,One year,No,Credit card (automatic),86.76,780.77,Yes
CUST-100026,Male,0,No,No,31,Yes,No,DSL,Yes,No,Yes,Yes,No,Yes,Two year,No,Electronic check,70.02,2168.69,No
CUST-100027,Female,0,No,No,13,Yes,No,DSL,No,No,No,No,No,No,Month-to-month,Yes,Electronic check,53.23,665.39,Yes
CUST-100028,Female,0,Yes,No,1,Yes,Yes,DSL,Yes,No,Yes,No,Yes,Yes,One year,No,Electronic check,86.94,123.36,Yes
CUST-100029,Male,0,No,Yes,25,Yes,No,Fiber optic,Yes,Yes,Yes,No,No,Yes,One year,Yes,Bank transfer (automatic),106.62,2664.55,Yes
CUST-100030,Male,0,No,Yes,9,Yes,Yes,Fiber optic,No,No,No,No,No,Yes,Month-to-month,Yes,Credit card (automatic),85.57,802.87,Yes
CUST-100031,Male,0,Yes,Yes,2,Yes,No,Fiber optic,Yes,No,No,No,Yes,Yes,Two year,Yes,Electronic check,101.91,191.37,No
CUST-100032,Male,0,No,No,11,No,No phone service,DSL,No,No,No,Yes,No,Yes,Month-to-month,Yes,Bank transfer (automatic),56.69,640.2,Yes
CUST-100033,Female,0,No,Yes,10,Yes,No,Fiber optic,No,Yes,No,No,No,No,Month-to-month,Yes,Bank transfer (automatic),84.41,832.85,Yes
CUST-100034,Female,0,No,No,2,Yes,No,No,No internet service,No internet service,No internet service,No internet service,No internet service,No internet service,Two year,Yes,Credit card (automatic),26.17,88.72,No
CUST-100035,Male,0,Yes,No,9,No,No phone service,DSL,Yes,Yes,No,No,Yes,Yes,Two year,Yes,Mailed check,69.1,644.32,Yes
CUST-100036,Female,0,No,No,33,Yes,No,DSL,No,Yes,No,No,Yes,No,Month-to-month,Yes,Electronic check,63.63,2116.78,No
CUST-100037,Female,0,No,No,43,Yes,No,Fiber optic,Yes,Yes,No,No,No,Yes,One year,Yes,Bank transfer (automatic),102.73,4402.9,No
CUST-100038,Male,0,Yes,Yes,36,Yes,No,DSL,No,No,No,No,No,No,Month-to-month,Yes,Credit card (automatic),51.08,1877.01,No
CUST-100039,Female,0,Yes,Yes,23,Yes,No,DSL,No,No,No,No,No,No,Month-to-month,No,Bank transfer (automatic),57.57,1364.87,Yes
CUST-100040,Male,0,Yes,No,72,Yes,No,Fiber optic,No,No,Yes,Yes,No,Yes,Month-to-month,No,Credit card (automatic),93.27,6707.85,Yes
CUST-100041,Female,0,Yes,No,9,Yes,No,Fiber optic,No,Yes,No,No,No,No,Two year,Yes,Mailed check,80.82,730.61,No
CUST-100042,Female,0,No,No,10,Yes,No,No,No internet service,No internet service,No internet service,No internet service,No internet service,No internet service,Month-to-month,Yes,Bank transfer (automatic),29.56,314.14,Yes
CUST-100043,Male,0,No,No,26,Yes,Yes,No,No internet service,No internet service,No internet service,No internet service,No internet service,No internet service,Month-to-month,Yes,Electronic check,22.81,553.62,No
CUST-100044,Male,0,Yes,No,16,Yes,No,Fiber optic,No,No,No,Yes,No,Yes,One year,Yes,Mailed check,93.66,1521.48,No
CUST-100045,Female,0,Yes,No,63,Yes,Yes,Fiber optic,No,No,Yes,No,Yes,Yes,Month-to-month,Yes,Electronic check,97.46,6160.45,No
CUST-100046,Male,0,No,No,35,Yes,Yes,No,No internet service,No internet service,No internet service,No internet service,No internet service,No internet service,Month-to-month,No,Electronic check,25.8,891.74,No
CUST-100047,Female,0,Yes,Yes,34,Yes,No,Fiber optic,No,No,Yes,No,No,Yes,Month-to-month,No,Electronic check,86.94,2912.11,No
CUST-100048,Female,0,No,Yes,50,No,No phone service,No,No internet service,No internet service,No internet service,No internet service,No internet service,No internet service,Two year,Yes,Bank transfer (automatic),27.89,1401.16,No
CUST-100049,Female,0,Yes,Yes,27,Yes,No,Fiber optic,Yes,Yes,No,No,Yes,No,One year,No,Credit card (automatic),95.86,2565.55,Yes
CUST-100050,Female,0,Yes,No,16,Yes,No,DSL,No,No,No,No,No,Yes,One year,Yes,Electronic check,60.69,939.28,No
CUST-100051,Male,0,No,No,19,Yes,Yes,DSL,No,No,Yes,No,Yes,Yes,Month-to-month,No,Mailed check,76.49,1460.72,No
CUST-100052,Male,0,Yes,Yes,59,Yes,Yes,DSL,No,Yes,No,No,Yes,No,Month-to-month,No,Electronic check,62.63,3721.53,Yes
CUST-100053,Male,0,No,Yes,0,Yes,Yes,No,No internet service,No internet service,No internet service,No internet service,No internet service,No internet service,Two year,Yes,Mailed check,32.54,0.0,No
CUST-100054,Male,0,Yes,No,12,No,No phone service,DSL,Yes,No,Yes,No,No,No,Month-to-month,No,Electronic check,53.86,670.02,No
CUST-100055,Male,0,No,No,34,Yes,Yes,Fiber optic,No,No,No,No,Yes,No,Month-to-month,No,Bank transfer (automatic),80.46,2748.92,No
CUST-100056,Female,1,No,Yes,23,Yes,Yes,Fiber optic,No,Yes,No,No,Yes,No,Month-to-month,Yes,Credit card (automatic),88.88,2016.78,Yes
CUST-100057,Male,0,No,No,2,Yes,Yes,No,No internet service,No internet service,No internet service,No internet service,No internet service,No internet service,Month-to-month,Yes,Mailed check,23.62,36.16,No
CUST-100058,Female,0,Yes,No,50,Yes,Yes,Fiber optic,No,No,No,No,No,No,Month-to-month,No,Bank transfer (automatic),78.32,3937.59,Yes
CUST-100059,Female,1,No,No,14,Yes,Yes,DSL,No,No,No,No,No,No,Two year,Yes,Bank transfer (automatic),49.83,686.37,No
CUST-100060,Female,1,No,No,26,Yes,Yes,DSL,No,No,No,Yes,Yes,Yes,Month-to-month,Yes,Electronic check,70.39,1846.52,No
CUST-100061,Female,0,Yes,Yes,1,Yes,No,Fiber optic,No,Yes,No,No,Yes,No,One year,No,Mailed check,92.17,83.97,Yes
CUST-100062,Male,1,Yes,Yes,34,Yes,No,No,No internet service,No internet service,No internet service,No internet service,No internet service,No internet service,Month-to-month,Yes,Electronic check,28.18,972.55,Yes
CUST-100063,Female,1,No,No,39,Yes,No,Fiber optic,No,Yes,No,No,No,Yes,One year,Yes,Mailed check,95.84,3746.34,Yes
CUST-100064,Male,0,Yes,Yes,5,Yes,Yes,Fiber optic,No,No,No,No,No,No,One year,No,Credit card (automatic),82.66,408.33,No
CUST-100065,Male,0,No,No,9,Yes,Yes,No,No internet service,No internet service,No internet service,No internet service,No internet service,No internet service,Two year,Yes,Mailed check,28.25,268.11,No
CUST-100066,Female,0,No,Yes,9,Yes,No,Fiber optic,No,No,Yes,No,Yes,Yes,Month-to-month,Yes,Mailed check,100.0,856.8,Yes
CUST-100067,Male,0,Yes,No,72,No,No phone service,DSL,Yes,No,Yes,No,Yes,Yes,One year,No,Electronic check,64.37,4612.93,No
CUST-100068,Male,0,No,No,7,Yes,No,No,No internet service,No internet service,No internet service,No internet service,No internet service,No internet service,Month-to-month,Yes,Electronic check,30.78,206.19,No
CUST-100069,Male,0,No,No,72,Yes,No,Fiber optic,Yes,Yes,No,Yes,No,Yes,One year,No,Credit card (automatic),102.64,7413.53,No
CUST-100070,Female,0,Yes,No,9,Yes,No,No,No internet service,No internet service,No internet service,No internet service,No internet service,No internet service,Two year,No,Electronic check,31.82,257.46,No
CUST-100071,Male,0,No,No,13,Yes,No,Fiber optic,No,Yes,Yes,No,Yes,No,One year,Yes,Bank transfer (automatic),93.78,1218.45,No
CUST-100072,Male,0,Yes,Yes,22,Yes,No,Fiber optic,No,Yes,No,No,No,Yes,One year,Yes,Electronic check,89.81,1982.17,No
CUST-100073,Male,0,Yes,No,48,Yes,No,DSL,Yes,No,Yes,Yes,Yes,No,Two year,No,Electronic check,73.83,3548.79,No
CUST-100074,Female,0,No,Yes,43,Yes,Yes,Fiber optic,No,No,Yes,No,No,Yes,Two year,No,Electronic check,95.74,4114.85,No
CUST-100075,Male,0,Yes,No,20,Yes,Yes,DSL,Yes,Yes,Yes,No,No,No,Month-to-month,Yes,Credit card (automatic),68.13,1350.19,Yes
CUST-100076,Male,0,No,No,19,Yes,No,Fiber optic,No,No,Yes,Yes,Yes,No,Month-to-month,Yes,Electronic check,89.02,1686.45,No
CUST-100077,Male,1,Yes,Yes,1,Yes,Yes,DSL,Yes,No,Yes,No,No,No,One year,Yes,Bank transfer (automatic),64.58,84.08,No
CUST-100078,Female,1,No,Yes,18,Yes,Yes,DSL,No,No,No,No,Yes,Yes,Two year,No,Electronic check,67.15,1194.93,Yes
CUST-100079,Female,1,Yes,No,18,Yes,No,Fiber optic,No,Yes,Yes,Yes,No,Yes,Month-to-month,No,Bank transfer (automatic),104.34,1834.93,Yes
CUST-100080,Female,1,No,Yes,49,Yes,No,Fiber optic,No,No,No,No,No,Yes,Month-to-month,Yes,Bank transfer (automatic),88.16,4329.16,No
CUST-100081,Male,0,No,No,9,Yes,No,Fiber optic,No,No,No,Yes,Yes,No,Month-to-month,No,Bank transfer (automatic),95.96,893.56,Yes
CUST-100082,Male,0,No,Yes,12,No,No phone service,Fiber optic,No,Yes,No,No,No,No,Month-to-month,Yes,Electronic check,79.16,928.9,Yes
CUST-100083,Female,0,No,No,36,Yes,Yes,Fiber optic,No,Yes,No,No,No,Yes,Month-to-month,Yes,Electronic check,94.75,3438.22,Yes
CUST-100084,Female,0,No,No,7,Yes,No,Fiber optic,No,No,Yes,No,Yes,No,Month-to-month,No,Credit card (automatic),94.54,672.19,No
CUST-100085,Female,1,No,No,36,Yes,Yes,Fiber optic,No,Yes,Yes,No,Yes,Yes,Month-to-month,Yes,Mailed check,106.26,3802.23,No
CUST-100086,Male,0,No,Yes,3,Yes,No,DSL,No,No,No,No,No,No,One year,No,Electronic check,50.22,136.59,Yes
CUST-100087,Male,0,No,No,19,Yes,Yes,Fiber optic,Yes,No,No,No,Yes,No,Month-to-month,Yes,Mailed check,86.43,1627.22,No
CUST-100088,Female,0,No,No,1,Yes,No,No,No internet service,No internet service,No internet service,No internet service,No internet service,No internet service,Month-to-month,No,Electronic check,24.68,28.06,No
CUST-100089,Female,0,No,No,72,Yes,No,Fiber optic,No,Yes,Yes,No,No,No,Month-to-month,No,Mailed check,89.92,6470.61,No
CUST-100090,Male,0,Yes,No,48,Yes,Yes,No,No internet service,No internet service,No internet service,No internet service,No internet service,No internet service,Month-to-month,Yes,Mailed check,19.11,939.39,No
CUST-100091,Female,0,No,No,28,Yes,No,DSL,Yes,No,No,No,Yes,No,Month-to-month,Yes,Electronic check,65.94,1863.31,No
CUST-100092,Female,1,No,No,16,Yes,No,Fiber optic,No,No,Yes,No,No,No,Month-to-month,No,Mailed check,80.94,1264.13,Yes
CUST-100093,Male,0,Yes,No,72,Yes,Yes,Fiber optic,Yes,No,Yes,Yes,Yes,Yes,Month-to-month,Yes,Bank transfer (automatic),112.9,8100.42,No
CUST-100094,Female,0,Yes,No,9,Yes,No,Fiber optic,No,Yes,Yes,No,Yes,Yes,One year,No,Credit card (automatic),102.53,935.06,Yes
CUST-100095,Male,0,No,No,15,Yes,Yes,Fiber optic,No,No,No,No,No,No,Month-to-month,Yes,Bank transfer (automatic),76.53,1137.64,No
CUST-100096,Male,0,Yes,Yes,2,Yes,No,DSL,No,No,Yes,No,No,Yes,Month-to-month,Yes,Mailed check,70.26,137.02,No
CUST-100097,Female,0,Yes,No,15,Yes,Yes,Fiber optic,No,Yes,No,No,Yes,No,Month-to-month,No,Bank transfer (automatic),90.63,1370.38,Yes
CUST-100098,Female,0,Yes,No,29,Yes,No,Fiber optic,Yes,Yes,Yes,No,No,Yes,Month-to-month,Yes,Electronic check,98.99,2887.88,No
CUST-100099,Male,0,Yes,No,25,Yes,No,Fiber optic,Yes,No,Yes,No,No,Yes,Month-to-month,Yes,Bank transfer (automatic),93.04,2301.33,No
CUST-100100,Female,1,No,No,59,Yes,Yes,DSL,Yes,Yes,Yes,No,Yes,No,Month-to-month,Yes,Electronic check,76.14,4447.83,No
CUST-100101,Male,0,No,No,72,Yes,Yes,DSL,No,Yes,No,No,No,Yes,Month-to-month,No,Electronic check,64.67,4653.98,Yes
CUST-100102,Female,0,No,No,35,No,No phone service,No,No internet service,No internet service,No internet service,No internet service,No internet service,No internet service,Month-to-month,No,Bank transfer (automatic),18.69,637.05,No
CUST-100103,Male,0,No,No,5,Yes,No,DSL,No,Yes,No,Yes,No,No,Two year,Yes,Electronic check,68.8,345.33,No
CUST-100104,Female,0,No,No,22,Yes,Yes,Fiber optic,Yes,No,No,Yes,Yes,No,Month-to-month,Yes,Bank transfer (automatic),96.2,2114.63,No
CUST-100105,Female,0,Yes,No,72,No,No phone service,DSL,No,No,Yes,No,No,Yes,Month-to-month,Yes,Bank transfer (automatic),55.21,3955.61,No
CUST-100106,Female,1,No,No,72,Yes,No,Fiber optic,No,Yes,Yes,No,No,Yes,Month-to-month,No,Electronic check,91.02,6595.18,Yes
CUST-100107,Female,0,Yes,Yes,32,Yes,No,Fiber optic,No,Yes,Yes,No,Yes,Yes,Month-to-month,Yes,Mailed check,103.79,3321.62,Yes
CUST-100108,Male,0,Yes,No,12,Yes,Yes,No,No internet service,No internet service,No internet service,No internet service,No internet service,No internet service,One year,Yes,Bank transfer (automatic),25.76,297.64,No
CUST-100109,Female,0,No,No,10,Yes,No,Fiber optic,No,No,No,Yes,No,No,Month-to-month,Yes,Bank transfer (automatic),81.53,817.33,No
CUST-100110,Male,0,No,No,5,No,No phone service,DSL,No,No,No,No,Yes,No,Month-to-month,Yes,Credit card (automatic),49.59,258.55,Yes
CUST-100111,Female,0,Yes,No,2,No,No phone service,DSL,No,Yes,No,No,No,No,Two year,No,Electronic check,50.79,88.93,No
CUST-100112,Female,0,No,No,29,Yes,No,DSL,Yes,No,Yes,No,No,Yes,Month-to-month,Yes,Credit card (automatic),64.79,1925.32,No
CUST-100113,Male,0,Yes,No,33,Yes,No,Fiber optic,No,No,No,No,Yes,Yes,Month-to-month,Yes,Mailed check,95.65,3126.0,No
CUST-100114,Female,0,Yes,No,20,Yes,Yes,No,No internet service,No internet service,No internet service,No internet service,No internet service,No internet service,One year,Yes,Electronic check,25.81,487.14,No
CUST-100115,Female,0,Yes,No,72,Yes,No,DSL,No,Yes,No,No,Yes,Yes,Two year,Yes,Bank transfer (automatic),76.87,5502.65,No
CUST-100116,Male,0,Yes,Yes,58,Yes,Yes,Fiber optic,Yes,Yes,No,No,Yes,Yes,Month-to-month,Yes,Electronic check,105.94,6144.6,Yes
CUST-100117,Male,0,No,No,49,Yes,No,Fiber optic,Yes,No,No,No,No,No,One year,Yes,Electronic check,83.42,4097.04,Yes
CUST-100118,Male,1,Yes,No,40,Yes,Yes,Fiber optic,No,No,Yes,No,No,No,Month-to-month,Yes,Electronic check,85.38,3408.59,No
CUST-100119,Male,0,No,No,31,Yes,Yes,Fiber optic,No,Yes,No,No,No,Yes,One year,Yes,Credit card (automatic),97.23,3023.53,No
CUST-100120,Male,0,Yes,No,5,Yes,No,Fiber optic,No,No,No,Yes,No,No,Month-to-month,Yes,Credit card (automatic),88.07,449.48,Yes
CUST-100121,Female,0,No,No,11,Yes,Yes,DSL,No,No,Yes,No,No,No,One year,No,Credit card (automatic),51.76,562.14,No
CUST-100122,Female,0,No,Yes,33,Yes,No,Fiber optic,No,No,No,No,Yes,No,Month-to-month,Yes,Electronic check,83.58,2766.69,No
CUST-100123,Male,0,No,Yes,27,Yes,Yes,Fiber optic,Yes,No,No,Yes,No,No,Month-to-month,Yes,Mailed check,86.07,2319.96,No
CUST-100124,Female,0,Yes,No,14,Yes,No,Fiber optic,No,No,No,No,Yes,No,Month-to-month,No,Credit card (automatic),88.55,1231.52,Yes
CUST-100125,Female,0,No,Yes,1,Yes,No,DSL,Yes,No,No,Yes,Yes,Yes,One year,Yes,Electronic check,76.91,66.94,No
CUST-100126,Male,0,No,No,11,No,No phone service,Fiber optic,Yes,Yes,Yes,No,Yes,Yes,One year,Yes,Mailed check,97.75,1079.91,No
CUST-100127,Female,0,Yes,No,49,Yes,No,No,No internet service,No internet service,No internet service,No internet service,No internet service,No internet service,Two year,No,Electronic check,25.06,1252.3,No
CUST-100128,Female,0,Yes,Yes,17,Yes,Yes,Fiber optic,No,No,No,Yes,No,Yes,Two year,Yes,Bank transfer (automatic),92.2,1543.3,No
CUST-100129,Female,0,Yes,No,11,Yes,No,DSL,Yes,Yes,No,Yes,No,Yes,Month-to-month,No,Bank transfer (automatic),78.54,854.33,No
CUST-100130,Female,0,Yes,No,58,Yes,No,No,No internet service,No internet service,No internet service,No internet service,No internet service,No internet service,One year,Yes,Electronic check,23.15,1345.95,No
CUST-100131,Female,1,Yes,No,43,Yes,Yes,DSL,Yes,No,No,No,Yes,No,Month-to-month,No,Electronic check,63.94,2784.56,No
CUST-100132,Male,0,Yes,No,18,Yes,No,Fiber optic,Yes,Yes,Yes,No,No,No,Two year,No,Bank transfer (automatic),84.42,1528.19,No
CUST-100133,Female,0,Yes,No,3,Yes,Yes,DSL,No,No,No,Yes,No,No,One year,Yes,Bank transfer (automatic),48.43,129.04,No
CUST-100134,Female,1,No,Yes,25,Yes,Yes,No,No internet service,No internet service,No internet service,No internet service,No internet service,No internet service,Month-to-month,Yes,Electronic check,29.94,730.02,No
CUST-100135,Male,0,Yes,Yes,50,Yes,Yes,DSL,No,No,Yes,Yes,No,Yes,Month-to-month,No,Electronic check,71.26,3582.7,No
CUST-100136,Female,0,Yes,No,14,Yes,No,Fiber optic,Yes,Yes,No,Yes,Yes,Yes,One year,Yes,Credit card (automatic),109.69,1529.39,No
CUST-100137,Male,1,No,No,6,Yes,Yes,No,No internet service,No internet service,No internet service,No internet service,No internet service,No internet service,Two year,Yes,Bank transfer (automatic),34.35,181.48,No
CUST-100138,Male,0,Yes,No,47,Yes,No,Fiber optic,No,No,Yes,Yes,Yes,No,Two year,No,Bank transfer (automatic),88.3,4170.38,No
CUST-100139,Male,0,Yes,No,27,Yes,Yes,DSL,No,No,Yes,No,Yes,Yes,Month-to-month,No,Bank transfer (automatic),64.68,1752.52,No
CUST-100140,Female,0,Yes,Yes,36,No,No phone service,DSL,No,No,No,Yes,No,Yes,Month-to-month,No,Credit card (automatic),53.51,1902.48,Yes
CUST-100141,Male,0,Yes,No,22,Yes,Yes,DSL,Yes,No,No,No,No,Yes,Two year,No,Electronic check,57.52,1238.63,No
CUST-100142,Male,0,Yes,No,26,Yes,Yes,DSL,Yes,No,No,No,Yes,No,One year,No,Electronic check,63.55,1608.95,No
CUST-100143,Male,0,Yes,No,3,No,No phone service,Fiber optic,No,Yes,Yes,Yes,Yes,Yes,Month-to-month,No,Mailed check,102.33,294.54,Yes
CUST-100144,Female,0,Yes,No,54,Yes,Yes,Fiber optic,Yes,No,No,No,No,No,One year,No,Credit card (automatic),84.19,4552.35,Yes
CUST-100145,Female,0,No,Yes,17,Yes,Yes,No,No internet service,No internet service,No internet service,No internet service,No internet service,No internet service,One year,No,Electronic check,32.11,565.08,No
CUST-100146,Male,0,No,Yes,10,Yes,Yes,Fiber optic,No,No,No,No,No,No,One year,No,Electronic check,79.48,803.3,Yes
CUST-100147,Male,0,Yes,No,8,Yes,Yes,No,No internet service,No internet service,No internet service,No internet service,No internet service,No internet service,One year,Yes,Electronic check,26.38,184.94,No
CUST-100148,Female,1,Yes,No,37,Yes,No,Fiber optic,Yes,Yes,Yes,No,Yes,No,Two year,Yes,Bank transfer (automatic),97.9,3616.63,No
CUST-100149,Male,0,Yes,No,14,Yes,Yes,Fiber optic,No,No,Yes,No,No,No,Two year,Yes,Bank transfer (automatic),83.75,1201.09,No
CUST-100150,Female,0,No,No,25,Yes,Yes,Fiber optic,No,No,No,Yes,No,No,Month-to-month,No,Mailed check,76.88,1911.76,Yes
CUST-100151,Male,0,No,Yes,10,Yes,No,Fiber optic,No,Yes,No,No,No,Yes,Month-to-month,No,Electronic check,78.29,798.28,No
CUST-100152,Female,0,Yes,No,15,Yes,No,DSL,No,No,Yes,No,Yes,Yes,One year,Yes,Bank transfer (automatic),74.56,1131.31,No
CUST-100153,Male,0,Yes,Yes,8,Yes,Yes,No,No internet service,No internet service,No internet service,No internet service,No internet service,No internet service,One year,Yes,Electronic check,28.94,246.72,No
CUST-100154,Male,1,Yes,Yes,37,Yes,No,Fiber optic,Yes,Yes,No,No,No,Yes,Month-to-month,Yes,Bank transfer (automatic),102.28,3792.98,Yes
CUST-100155,Female,0,No,No,58,Yes,No,DSL,Yes,No,No,No,No,Yes,Two year,Yes,Electronic check,68.79,4004.95,No
CUST-100156,Male,0,No,No,3,Yes,No,Fiber optic,No,No,No,No,No,Yes,Month-to-month,No,Credit card (automatic),87.24,232.09,Yes
CUST-100157,Female,1,Yes,No,21,No,No phone service,DSL,No,Yes,No,No,Yes,No,Month-to-month,No,Mailed check,56.75,1222.06,No
CUST-100158,Female,0,No,Yes,19,Yes,No,Fiber optic,No,No,No,Yes,Yes,Yes,Two year,Yes,Bank transfer (automatic),95.76,1783.31,No
CUST-100159,Female,0,Yes,No,15,Yes,No,Fiber optic,No,No,Yes,No,Yes,No,Two year,Yes,Electronic check,88.88,1339.44,Yes
CUST-100160,Female,0,No,No,59,No,No phone service,No,No internet service,No internet service,No internet service,No internet service,No internet service,No internet service,Month-to-month,Yes,Electronic check,23.82,1404.41,No
CUST-100161,Female,0,No,No,44,Yes,Yes,Fiber optic,No,No,Yes,No,Yes,No,Month-to-month,Yes,Bank transfer (automatic),91.85,4028.89,No
CUST-100162,Male,0,Yes,No,14,Yes,No,Fiber optic,Yes,No,Yes,No,No,No,Month-to-month,No,Mailed check,90.74,1250.86,Yes
CUST-100163,Male,0,Yes,No,18,Yes,Yes,Fiber optic,Yes,No,No,No,Yes,No,Month-to-month,No,Bank transfer (automatic),91.43,1656.73,No
CUST-100164,Male,1,No,Yes,3,Yes,No,No,No internet service,No internet service,No internet service,No internet service,No internet service,No internet service,Month-to-month,No,Mailed check,24.4,89.23,Yes
CUST-100165,Female,1,Yes,No,1,Yes,Yes,No,No internet service,No internet service,No internet service,No internet service,No internet service,No internet service,Month-to-month,Yes,Mailed check,32.64,30.58,No
CUST-100166,Male,1,No,No,28,Yes,No,Fiber optic,Yes,Yes,No,No,No,Yes,Month-to-month,Yes,Credit card (automatic),100.28,2802.06,No
CUST-100167,Male,0,Yes,No,7,Yes,No,Fiber optic,No,Yes,Yes,No,No,Yes,One year,No,Mailed check,95.74,695.81,No
CUST-100168,Male,0,No,No,12,Yes,No,Fiber optic,No,Yes,No,No,No,Yes,One year,No,Credit card (automatic),93.22,1110.21,No
CUST-100169,Male,1,Yes,No,51,Yes,Yes,No,No internet service,No internet service,No internet service,No internet service,No internet service,No internet service,One year,Yes,Mailed check,30.0,1529.16,No
CUST-100170,Male,0,Yes,No,11,Yes,No,No,No internet service,No internet service,No internet service,No internet service,No internet service,No internet service,Month-to-month,No,Electronic check,26.13,283.36,No
CUST-100171,Male,0,Yes,Yes,60,Yes,No,Fiber optic,No,No,No,Yes,Yes,No,Month-to-month,Yes,Bank transfer (automatic),89.96,5447.02,Yes
CUST-100172,Female,0,Yes,No,23,Yes,Yes,Fiber optic,No,Yes,Yes,No,Yes,Yes,Month-to-month,Yes,Electronic check,99.36,2268.48,Yes
CUST-100173,Female,0,Yes,No,27,Yes,Yes,DSL,Yes,No,Yes,No,Yes,Yes,Two year,No,Electronic check,76.94,2094.01,No
CUST-100174,Female,0,No,No,12,No,No phone service,DSL,Yes,No,No,Yes,No,No,Month-to-month,No,Electronic check,59.12,675.45,Yes
CUST-100175,Male,1,Yes,No,50,Yes,No,DSL,Yes,Yes,No,Yes,Yes,Yes,One year,No,Mailed check,87.36,4348.84,No
CUST-100176,Female,0,Yes,Yes,1,Yes,No,DSL,Yes,Yes,Yes,No,Yes,No,Month-to-month,Yes,Bank transfer (automatic),77.23,71.05,Yes
CUST-100177,Male,0,Yes,No,46,Yes,Yes,Fiber optic,No,Yes,Yes,No,Yes,No,Two year,Yes,Electronic check,98.84,4544.02,No
CUST-100178,Female,1,Yes,No,18,Yes,Yes,Fiber optic,Yes,No,Yes,No,No,Yes,Month-to-month,No,Electronic check,93.54,1678.23,No
CUST-100179,Female,0,No,No,27,No,No phone service,Fiber optic,No,Yes,No,No,No,No,Month-to-month,No,Electronic check,70.31,1896.38,Yes
CUST-100180,Female,0,No,No,72,Yes,No,Fiber optic,No,Yes,Yes,Yes,No,Yes,Two year,Yes,Electronic check,99.37,7140.86,No
CUST-100181,Male,0,Yes,No,27,Yes,No,DSL,No,Yes,Yes,Yes,Yes,Yes,Month-to-month,Yes,Electronic check,82.69,2258.38,Yes
CUST-100182,Male,0,No,No,25,No,No phone service,Fiber optic,Yes,No,Yes,No,Yes,No,One year,Yes,Electronic check,89.7,2222.49,No
CUST-100183,Female,0,No,No,11,Yes,Yes,DSL,No,Yes,No,No,No,Yes,Month-to-month,No,Credit card (automatic),68.05,763.44,No
CUST-100184,Male,0,No,Yes,4,Yes,No,DSL,Yes,No,No,No,Yes,No,Two year,No,Bank transfer (automatic),70.04,293.71,No
CUST-100185,Male,0,Yes,No,9,No,No phone service,No,No internet service,No internet service,No internet service,No internet service,No internet service,No internet service,One year,Yes,Electronic check,18.0,143.04,No
CUST-100186,Male,0,Yes,No,61,Yes,No,DSL,Yes,No,Yes,Yes,Yes,No,Month-to-month,Yes,Electronic check,71.81,4373.07,Yes
CUST-100187,Male,0,Yes,No,72,Yes,Yes,Fiber optic,No,No,No,No,No,No,Two year,Yes,Electronic check,77.63,5589.31,No
CUST-100188,Male,0,No,No,15,Yes,Yes,Fiber optic,No,Yes,No,No,No,Yes,One year,Yes,Mailed check,92.92,1427.31,No
CUST-100189,Male,0,No,No,7,Yes,Yes,Fiber optic,No,No,No,No,Yes,Yes,One year,Yes,Mailed check,102.38,709.28,Yes
CUST-100190,Female,0,Yes,Yes,15,Yes,No,Fiber optic,No,Yes,No,No,No,Yes,Month-to-month,Yes,Credit card (automatic),87.09,1378.82,Yes
CUST-100191,Female,1,Yes,No,72,Yes,No,Fiber optic,Yes,No,No,Yes,Yes,Yes,Month-to-month,No,Bank transfer (automatic),101.16,7298.88,No
CUST-100192,Female,0,No,No,2,Yes,No,Fiber optic,No,No,No,No,Yes,Yes,One year,Yes,Mailed check,92.31,191.49,No
CUST-100193,Male,0,No,Yes,2,No,No phone service,Fiber optic,Yes,No,Yes,No,Yes,Yes,Month-to-month,No,Electronic check,92.02,201.72,No
CUST-100194,Female,0,Yes,Yes,15,Yes,No,No,No internet service,No internet service,No internet service,No internet service,No internet service,No internet service,Two year,Yes,Bank transfer (automatic),24.45,332.38,No
CUST-100195,Male,0,No,No,45,Yes,Yes,DSL,No,Yes,No,No,Yes,No,Month-to-month,Yes,Credit card (automatic),66.18,3001.54,No
CUST-100196,Male,0,Yes,No,72,Yes,No,Fiber optic,No,No,No,Yes,Yes,Yes,One year,No,Electronic check,102.93,7384.5,No
CUST-100197,Male,0,Yes,No,37,Yes,Yes,DSL,Yes,No,Yes,No,No,Yes,Month-to-month,No,Credit card (automatic),70.48,2625.15,Yes
CUST-100198,Male,1,No,Yes,13,Yes,No,DSL,No,Yes,No,No,No,No,One year,Yes,Electronic check,54.56,697.43,No
CUST-100199,Female,0,No,No,8,Yes,No,No,No internet service,No internet service,No internet service,No internet service,No internet service,No internet service,Month-to-month,Yes,Bank transfer (automatic),27.22,201.77,No
CUST-100200,Male,1,No,Yes,23,Yes,No,Fiber optic,Yes,No,Yes,No,No,Yes,Month-to-month,Yes,Electronic check,90.85,2125.0,No
CUST-100201,Female,1,Yes,No,14,Yes,No,DSL,No,Yes,No,No,No,Yes,Month-to-month,Yes,Bank transfer (automatic),69.93,977.03,Yes
CUST-100202,Male,0,Yes,No,13,Yes,Yes,Fiber optic,Yes,No,Yes,No,Yes,Yes,One year,Yes,Electronic check,108.88,1384.82,Yes
CUST-100203,Female,0,Yes,No,69,Yes,No,DSL,No,No,Yes,Yes,Yes,Yes,Month-to-month,Yes,Mailed check,71.62,4961.28,No
CUST-100204,Male,0,Yes,No,8,Yes,No,Fiber optic,Yes,Yes,Yes,Yes,Yes,Yes,One year,Yes,Bank transfer (automatic),113.92,886.95,Yes
CUST-100205,Male,1,Yes,No,55,Yes,No,Fiber optic,No,Yes,Yes,Yes,No,Yes,Month-to-month,Yes,Bank transfer (automatic),96.89,5356.16,Yes
CUST-100206,Female,0,Yes,Yes,23,Yes,No,No,No internet service,No internet service,No internet service,No internet service,No internet service,No internet service,One year,No,Bank transfer (automatic),28.25,649.43,No
CUST-100207,Female,0,Yes,No,8,Yes,No,DSL,Yes,Yes,Yes,No,Yes,No,One year,Yes,Electronic check,74.66,571.8,No
CUST-100208,Male,1,Yes,No,18,Yes,No,Fiber optic,No,No,No,No,Yes,Yes,Month-to-month,No,Bank transfer (automatic),88.64,1611.95,No
CUST-100209,Female,0,Yes,No,15,Yes,No,No,No internet service,No internet service,No internet service,No internet service,No internet service,No internet service,Month-to-month,No,Electronic check,32.84,503.02,No
CUST-100210,Male,0,No,No,4,Yes,No,No,No internet service,No internet service,No internet service,No internet service,No internet service,No internet service,Month-to-month,Yes,Bank transfer (automatic),27.39,67.09,No
CUST-100211,Female,0,Yes,No,2,Yes,No,DSL,No,Yes,No,No,No,Yes,One year,No,Electronic check,64.12,126.97,No
CUST-100212,Female,1,No,No,12,Yes,Yes,Fiber optic,Yes,Yes,No,No,Yes,No,Two year,Yes,Mailed check,96.47,1163.62,No
CUST-100213,Male,1,No,Yes,56,Yes,No,No,No internet service,No internet service,No internet service,No internet service,No internet service,No internet service,Month-to-month,No,Mailed check,24.52,1377.93,No
CUST-100214,Female,0,No,Yes,16,Yes,No,Fiber optic,Yes,No,Yes,No,No,No,One year,No,Credit card (automatic),86.27,1376.63,No
CUST-100215,Male,0,Yes,Yes,0,No,No phone service,Fiber optic,No,Yes,No,Yes,Yes,Yes,One year,No,Bank transfer (automatic),88.65,14.9,No
CUST-100216,Male,0,Yes,No,14,Yes,No,Fiber optic,No,Yes,No,No,No,No,One year,Yes,Electronic check,73.57,1041.36,Yes
CUST-100217,Male,0,No,No,2,Yes,Yes,No,No internet service,No internet service,No internet service,No internet service,No internet service,No internet service,Month-to-month,No,Bank transfer (automatic),24.12,48.86,No
CUST-100218,Male,0,No,No,20,Yes,Yes,Fiber optic,No,No,No,No,No,No,Two year,No,Electronic check,75.87,1512.67,Yes
CUST-100219,Female,0,Yes,No,1,Yes,Yes,DSL,Yes,No,No,No,Yes,No,Month-to-month,No,Electronic check,58.97,61.93,No
CUST-100220,Male,0,Yes,Yes,9,Yes,No,Fiber optic,No,No,No,Yes,Yes,Yes,Two year,Yes,Mailed check,97.01,861.02,No
CUST-100221,Male,0,No,No,64,Yes,Yes,Fiber optic,No,Yes,No,No,No,Yes,Month-to-month,No,Bank transfer (automatic),88.87,5667.23,No
CUST-100222,Female,0,Yes,Yes,42,Yes,No,Fiber optic,No,No,Yes,No,No,Yes,Two year,No,Credit card (automatic),89.75,3747.02,Yes
CUST-100223,Male,0,No,No,34,Yes,Yes,DSL,Yes,No,No,Yes,Yes,No,Two year,Yes,Credit card (automatic),73.46,2495.64,Yes
CUST-100224,Female,0,Yes,No,69,Yes,No,Fiber optic,Yes,No,Yes,No,Yes,No,Two year,No,Electronic check,101.85,7010.5,No
CUST-100225,Male,0,Yes,No,17,Yes,No,Fiber optic,No,No,No,Yes,Yes,No,Month-to-month,No,Electronic check,92.71,1572.89,No
CUST-100226,Female,0,No,Yes,2,Yes,No,No,No internet service,No internet service,No internet service,No internet service,No internet service,No internet service,Two year,No,Credit card (automatic),24.06,74.72,No
CUST-100227,Female,1,Yes,Yes,25,Yes,No,Fiber optic,No,Yes,No,No,Yes,Yes,Month-to-month,Yes,Electronic check,101.67,2537.61,Yes
CUST-100228,Female,0,No,No,72,No,No phone service,Fiber optic,No,No,No,Yes,No,No,One year,Yes,Bank transfer (automatic),80.6,5805.96,No
CUST-100229,Male,0,Yes,Yes,12,Yes,Yes,Fiber optic,No,No,Yes,No,Yes,No,Month-to-month,No,Credit card (automatic),85.52,1021.67,No
CUST-100230,Male,1,Yes,No,35,Yes,Yes,DSL,Yes,Yes,No,No,No,No,One year,Yes,Electronic check,58.74,2082.03,No
CUST-100231,Female,0,No,No,10,Yes,No,Fiber optic,No,No,No,Yes,No,No,Month-to-month,No,Mailed check,77.32,806.36,Yes
CUST-100232,Male,0,Yes,No,9,Yes,No,DSL,No,No,No,Yes,No,Yes,Month-to-month,No,Credit card (automatic),63.74,564.27,No
CUST-100233,Female,0,Yes,Yes,47,Yes,Yes,No,No internet service,No internet service,No internet service,No internet service,No internet service,No internet service,Month-to-month,Yes,Bank transfer (automatic),29.49,1400.59,No
CUST-100234,Male,1,No,No,28,Yes,Yes,Fiber optic,No,Yes,No,No,Yes,Yes,Month-to-month,No,Credit card (automatic),104.93,2979.86,No
CUST-100235,Female,0,No,No,72,Yes,No,DSL,No,Yes,Yes,No,No,No,Month-to-month,Yes,Bank transfer (automatic),65.57,4697.83,Yes
CUST-100236,Female,1,No,No,12,Yes,No,Fiber optic,No,Yes,No,Yes,No,Yes,Two year,No,Electronic check,97.54,1190.09,No
CUST-100237,Male,0,Yes,No,2,Yes,No,No,No internet service,No internet service,No internet service,No internet service,No internet service,No internet service,One year,No,Credit card (automatic),28.18,21.55,No
CUST-100238,Male,0,Yes,Yes,72,Yes,Yes,DSL,Yes,No,No,Yes,Yes,No,One year,Yes,Bank transfer (automatic),72.57,5225.63,No
CUST-100239,Female,0,No,No,28,Yes,No,No,No internet service,No internet service,No internet service,No internet service,No internet service,No internet service,Two year,Yes,Credit card (automatic),29.8,831.6,No
CUST-100240,Male,0,Yes,No,51,Yes,No,DSL,No,No,No,No,Yes,No,Month-to-month,Yes,Mailed check,66.21,3342.57,No
CUST-100241,Female,0,Yes,No,24,Yes,No,DSL,No,No,No,No,No,No,Month-to-month,Yes,Mailed check,52.92,1291.86,No
CUST-100242,Male,0,No,No,53,Yes,Yes,Fiber optic,No,Yes,No,No,Yes,Yes,Month-to-month,No,Electronic check,100.05,5305.6,No
CUST-100243,Female,1,Yes,No,18,Yes,Yes,DSL,No,No,Yes,Yes,Yes,No,Month-to-month,Yes,Electronic check,68.37,1212.11,No
CUST-100244,Female,0,Yes,No,5,Yes,Yes,No,No internet service,No internet service,No internet service,No internet service,No internet service,No internet service,One year,Yes,Credit card (automatic),28.45,148.82,Yes
CUST-100245,Male,0,Yes,No,17,Yes,Yes,Fiber optic,Yes,No,Yes,No,No,Yes,One year,Yes,Credit card (automatic),93.97,1615.57,Yes
CUST-100246,Female,0,Yes,No,6,Yes,No,Fiber optic,No,Yes,Yes,Yes,Yes,No,One year,No,Mailed check,95.24,536.06,No
CUST-100247,Male,0,No,No,18,Yes,No,Fiber optic,No,Yes,No,No,Yes,No,One year,No,Credit card (automatic),94.49,1637.85,No
CUST-100248,Female,0,No,Yes,2,Yes,No,Fiber optic,No,Yes,No,Yes,Yes,No,Month-to-month,Yes,Mailed check,101.95,203.06,Yes
CUST-100249,Male,0,Yes,No,45,Yes,No,Fiber optic,No,Yes,No,No,Yes,No,One year,Yes,Credit card (automatic),90.85,4072.88,No
CUST-100250,Male,0,Yes,No,21,No,No phone service,Fiber optic,No,No,No,No,No,No,Month-to-month,Yes,Bank transfer (automatic),71.33,1524.7,No
CUST-100251,Male,0,No,Yes,23,Yes,Yes,No,No internet service,No internet service,No internet service,No internet service,No internet service,No internet service,Two year,Yes,Bank transfer (automatic),31.45,715.94,No
CUST-100252,Male,1,Yes,No,12,Yes,No,Fiber optic,No,Yes,No,No,Yes,No,Month-to-month,Yes,Bank transfer (automatic),90.43,1091.35,Yes
CUST-100253,Male,0,No,No,16,Yes,No,Fiber optic,Yes,Yes,No,No,Yes,No,Month-to-month,No,Bank transfer (automatic),96.76,1544.42,Yes
CUST-100254,Female,0,No,No,72,Yes,No,Fiber optic,No,Yes,No,No,No,No,Month-to-month,Yes,Credit card (automatic),82.13,5882.44,No
CUST-100255,Male,0,No,No,13,Yes,No,Fiber optic,No,No,No,No,No,No,Month-to-month,Yes,Mailed check,75.8,986.01,Yes
CUST-100256,Female,0,Yes,Yes,25,Yes,Yes,DSL,No,No,No,No,No,No,Month-to-month,No,Credit card (automatic),55.09,1350.73,Yes
CUST-100257,Male,1,No,Yes,29,Yes,No,Fiber optic,No,Yes,No,No,Yes,Yes,Month-to-month,No,Electronic check,101.05,2902.95,No
CUST-100258,Male,1,Yes,No,53,Yes,No,Fiber optic,Yes,No,No,Yes,Yes,Yes,One year,Yes,Electronic check,107.69,5685.62,No
CUST-100259,Female,1,No,No,15,Yes,No,DSL,Yes,No,No,No,No,Yes,Two year,Yes,Bank transfer (automatic),65.99,966.14,No
CUST-100260,Female,0,No,No,20,Yes,Yes,No,No internet service,No internet service,No internet service,No internet service,No internet service,No internet service,Month-to-month,No,Bank transfer (automatic),23.2,459.79,No
CUST-100261,Male,0,No,No,24,No,No phone service,Fiber optic,No,Yes,No,No,Yes,Yes,Month-to-month,Yes,Credit card (automatic),95.43,2282.48,Yes
CUST-100262,Male,0,No,Yes,6,Yes,Yes,DSL,No,Yes,No,No,Yes,No,Two year,No,Electronic check,63.06,384.04,No
CUST-100263,Female,0,No,Yes,52,Yes,No,No,No internet service,No internet service,No internet service,No internet service,No internet service,No internet service,Month-to-month,No,Electronic check,24.99,1268.0,No
CUST-100264,Female,0,Yes,No,11,Yes,Yes,No,No internet service,No internet service,No internet service,No internet service,No internet service,No internet service,Two year,No,Mailed check,25.87,279.54,No
CUST-100265,Female,0,Yes,Yes,1,Yes,No,No,No internet service,No internet service,No internet service,No internet service,No internet service,No internet service,Month-to-month,Yes,Credit card (automatic),21.03,11.4,Yes
CUST-100266,Male,1,No,No,7,Yes,Yes,DSL,No,No,No,No,No,No,Month-to-month,Yes,Credit card (automatic),52.13,368.94,Yes
CUST-100267,Male,0,No,No,18,Yes,Yes,Fiber optic,Yes,No,No,No,No,Yes,Month-to-month,No,Credit card (automatic),93.48,1687.63,Yes
CUST-100268,Female,0,Yes,No,14,Yes,Yes,Fiber optic,No,Yes,No,No,No,No,Month-to-month,Yes,Mailed check,81.27,1140.91,No
CUST-100269,Female,0,No,No,25,Yes,Yes,Fiber optic,No,No,No,No,Yes,Yes,One year,Yes,Credit card (automatic),99.35,2463.94,Yes
CUST-100270,Male,0,No,Yes,13,Yes,Yes,Fiber optic,Yes,Yes,Yes,No,No,No,Two year,Yes,Electronic check,97.1,1262.79,No
CUST-100271,Male,0,Yes,Yes,22,Yes,No,Fiber optic,No,No,No,Yes,Yes,Yes,Month-to-month,Yes,Credit card (automatic),102.56,2246.06,No
CUST-100272,Male,0,Yes,Yes,47,Yes,Yes,Fiber optic,No,No,Yes,Yes,No,Yes,Two year,No,Mailed check,87.26,4127.5,Yes
CUST-100273,Female,1,Yes,No,5,Yes,Yes,No,No internet service,No internet service,No internet service,No internet service,No internet service,No internet service,Month-to-month,No,Mailed check,33.73,170.86,No
CUST-100274,Male,0,Yes,No,42,Yes,No,Fiber optic,No,No,Yes,No,Yes,Yes,Month-to-month,No,Bank transfer (automatic),97.05,4077.69,No
CUST-100275,Male,0,Yes,No,14,No,No phone service,No,No internet service,No internet service,No internet service,No internet service,No internet service,No internet service,Two year,Yes,Bank transfer (automatic),26.71,348.32,No
CUST-100276,Male,0,Yes,Yes,72,Yes,No,No,No internet service,No internet service,No internet service,No internet service,No internet service,No internet service,Two year,No,Electronic check,25.58,1829.95,No
CUST-100277,Female,0,Yes,No,20,Yes,No,DSL,No,No,Yes,Yes,No,Yes,Month-to-month,No,Electronic check,69.44,1393.98,No
CUST-100278,Male,0,Yes,Yes,4,Yes,No,No,No internet service,No internet service,No internet service,No internet service,No internet service,No internet service,Month-to-month,Yes,Bank transfer (automatic),28.36,111.87,No
CUST-100279,Male,0,No,No,43,Yes,Yes,DSL,No,No,No,No,No,No,Month-to-month,No,Credit card (automatic),49.27,2116.82,No
CUST-100280,Male,0,Yes,No,23,Yes,No,DSL,Yes,Yes,No,No,No,No,Month-to-month,Yes,Bank transfer (automatic),56.52,1264.89,No
CUST-100281,Male,0,No,Yes,39,No,No phone service,No,No internet service,No internet service,No internet service,No internet service,No internet service,No internet service,One year,Yes,Electronic check,18.0,685.72,No
CUST-100282,Female,0,No,No,3,Yes,Yes,Fiber optic,Yes,No,No,Yes,No,Yes,Month-to-month,No,Bank transfer (automatic),107.81,317.93,No
CUST-100283,Male,0,No,Yes,2,Yes,Yes,Fiber optic,Yes,Yes,No,No,Yes,No,One year,Yes,Electronic check,89.33,202.69,No
CUST-100284,Male,0,No,No,3,Yes,Yes,No,No internet service,No internet service,No internet service,No internet service,No internet service,No internet service,Month-to-month,Yes,Electronic check,21.38,26.32,No
CUST-100285,Female,1,No,No,8,Yes,No,Fiber optic,No,Yes,Yes,No,No,No,Month-to-month,No,Electronic check,89.29,693.44,Yes
CUST-100286,Male,0,Yes,No,23,Yes,Yes,DSL,No,No,No,No,Yes,No,Month-to-month,Yes,Mailed check,55.3,1233.94,Yes
CUST-100287,Female,0,No,No,8,Yes,No,DSL,No,No,No,Yes,No,Yes,Month-to-month,Yes,Electronic check,59.56,482.99,No
CUST-100288,Female,1,Yes,No,34,Yes,No,Fiber optic,No,No,No,No,Yes,No,One year,Yes,Electronic check,74.5,2556.72,No
CUST-100289,Male,0,No,Yes,2,Yes,Yes,DSL,No,No,Yes,No,Yes,No,Two year,No,Electronic check,66.17,139.55,No
CUST-100290,Female,0,No,No,3,Yes,Yes,DSL,Yes,Yes,No,No,Yes,No,Two year,No,Bank transfer (automatic),66.72,211.7,No
CUST-100291,Male,0,Yes,No,72,Yes,Yes,No,No internet service,No internet service,No internet service,No internet service,No internet service,No internet service,One year,Yes,Electronic check,30.57,2180.4,No
CUST-100292,Female,0,Yes,Yes,48,Yes,Yes,DSL,Yes,No,No,No,No,Yes,Month-to-month,No,Electronic check,65.7,3160.99,No
CUST-100293,Male,0,No,No,10,Yes,No,Fiber optic,No,Yes,Yes,No,Yes,Yes,Two year,Yes,Mailed check,103.34,1017.95,No
CUST-100294,Female,1,Yes,No,4,Yes,Yes,DSL,No,Yes,Yes,Yes,No,Yes,Two year,Yes,Bank transfer (automatic),73.19,293.95,No
CUST-100295,Female,0,Yes,No,22,Yes,No,Fiber optic,No,No,Yes,No,Yes,No,Two year,Yes,Credit card (automatic),88.9,1965.85,No
CUST-100296,Female,0,Yes,Yes,3,Yes,Yes,Fiber optic,No,No,No,No,Yes,No,Month-to-month,Yes,Mailed check,82.42,241.42,No
CUST-100297,Male,0,Yes,No,1,Yes,No,Fiber optic,No,No,No,Yes,No,No,Month-to-month,Yes,Bank transfer (automatic),79.8,96.2,Yes
CUST-100298,Male,0,No,No,15,Yes,Yes,DSL,Yes,No,Yes,No,Yes,No,One year,No,Credit card (automatic),65.62,981.03,No
CUST-100299,Male,0,No,Yes,27,Yes,Yes,DSL,No,No,Yes,No,No,Yes,Month-to-month,No,Bank transfer (automatic),71.06,1924.09,No
CUST-100300,Male,0,Yes,Yes,6,Yes,Yes,DSL,No,Yes,No,No,Yes,Yes,Month-to-month,No,Mailed check,72.42,472.34,Yes
CUST-100301,Female,0,Yes,No,10,Yes,No,DSL,No,Yes,No,No,No,No,Month-to-month,No,Electronic check,48.94,499.35,Yes
CUST-100302,Male,0,Yes,No,72,Yes,No,Fiber optic,Yes,No,No,Yes,Yes,Yes,One year,Yes,Electronic check,105.04,7547.89,Yes
CUST-100303,Female,0,Yes,No,29,Yes,Yes,DSL,No,Yes,Yes,No,Yes,No,Month-to-month,Yes,Electronic check,66.79,1927.3,No
CUST-100304,Female,0,No,Yes,72,No,No phone service,DSL,Yes,No,No,No,No,Yes,One year,Yes,Mailed check,57.82,4180.5,No
CUST-100305,Male,0,No,No,31,Yes,No,DSL,Yes,Yes,No,No,No,No,One year,Yes,Credit card (automatic),61.92,1940.37,No
CUST-100306,Male,0,Yes,No,19,Yes,No,No,No internet service,No internet service,No internet service,No internet service,No internet service,No internet service,Month-to-month,No,Electronic check,33.96,644.51,Yes
CUST-100307,Female,0,No,No,5,Yes,No,Fiber optic,No,No,Yes,No,No,Yes,Month-to-month,Yes,Mailed check,88.47,411.81,No
CUST-100308,Male,0,Yes,No,1,Yes,No,Fiber optic,No,Yes,No,Yes,Yes,No,Two year,Yes,Credit card (automatic),99.26,80.25,No
CUST-100309,Male,0,No,Yes,16,Yes,Yes,Fiber optic,No,Yes,Yes,No,Yes,No,Month-to-month,Yes,Bank transfer (automatic),97.84,1569.05,No
CUST-100310,Female,0,No,Yes,64,Yes,No,Fiber optic,Yes,No,Yes,Yes,No,Yes,Month-to-month,No,Electronic check,94.53,6061.53,Yes
CUST-100311,Female,0,No,No,5,Yes,No,DSL,Yes,No,No,No,Yes,No,Month-to-month,Yes,Credit card (automatic),66.75,353.85,No
CUST-100312,Male,0,No,No,4,Yes,No,Fiber optic,No,Yes,No,No,Yes,No,Month-to-month,No,Electronic check,87.97,311.24,No
CUST-100313,Male,0,No,Yes,35,Yes,No,Fiber optic,No,No,Yes,Yes,No,No,One year,Yes,Electronic check,82.17,2893.38,No
CUST-100314,Male,0,Yes,No,2,Yes,Yes,Fiber optic,No,No,Yes,Yes,Yes,Yes,Month-to-month,Yes,Mailed check,98.18,224.9,No
CUST-100315,Female,0,Yes,No,5,Yes,Yes,DSL,Yes,Yes,Yes,No,No,No,Two year,Yes,Electronic check,70.29,303.58,No
CUST-100316,Female,0,Yes,No,47,Yes,No,No,No internet service,No internet service,No internet service,No internet service,No internet service,No internet service,Month-to-month,No,Credit card (automatic),38.57,1812.68,Yes
CUST-100317,Female,0,No,No,5,Yes,No,Fiber optic,No,No,No,No,Yes,Yes,Two year,No,Electronic check,90.78,469.06,No
CUST-100318,Female,0,No,No,43,Yes,Yes,DSL,Yes,No,Yes,Yes,No,Yes,One year,Yes,Credit card (automatic),75.86,3233.75,No
CUST-100319,Female,0,No,No,27,Yes,No,No,No internet service,No internet service,No internet service,No internet service,No internet service,No internet service,Month-to-month,Yes,Electronic check,29.24,779.49,No
CUST-100320,Male,1,No,No,69,Yes,Yes,DSL,Yes,Yes,No,Yes,No,No,One year,Yes,Credit card (automatic),65.88,4556.92,No
CUST-100321,Male,0,Yes,No,27,Yes,Yes,DSL,No,No,Yes,No,No,No,Month-to-month,Yes,Electronic check,62.63,1680.56,No
CUST-100322,Female,0,No,No,3,Yes,Yes,DSL,Yes,Yes,No,No,No,Yes,Two year,Yes,Credit card (automatic),79.79,232.1,No
CUST-100323,Female,0,No,Yes,72,Yes,No,No,No internet service,No internet service,No internet service,No internet service,No internet service,No internet service,One year,Yes,Electronic check,25.61,1848.34,No
CUST-100324,Female,0,Yes,No,3,Yes,Yes,DSL,No,No,No,Yes,Yes,Yes,Month-to-month,No,Credit card (automatic),80.94,219.42,No
CUST-100325,Male,0,Yes,Yes,13,Yes,Yes,No,No internet service,No internet service,No internet service,No internet service,No internet service,No internet service,Month-to-month,No,Credit card (automatic),25.81,314.19,No
CUST-100326,Male,0,Yes,No,31,Yes,Yes,Fiber optic,No,No,Yes,No,Yes,Yes,Two year,No,Bank transfer (automatic),94.12,2927.09,No
CUST-100327,Male,0,Yes,Yes,11,Yes,No,Fiber optic,No,Yes,No,No,Yes,No,One year,No,Electronic check,90.44,1013.82,No
CUST-100328,Male,1,No,No,7,Yes,No,Fiber optic,No,No,No,No,No,No,Month-to-month,No,Bank transfer (automatic),81.48,578.33,No
CUST-100329,Female,0,No,Yes,26,Yes,Yes,DSL,No,No,Yes,Yes,Yes,No,Month-to-month,No,Bank transfer (automatic),69.58,1836.3,No
CUST-100330,Female,0,No,No,4,Yes,Yes,Fiber optic,No,Yes,No,No,No,Yes,Month-to-month,Yes,Mailed check,93.95,384.19,No
CUST-100331,Male,1,Yes,No,2,Yes,Yes,Fiber optic,No,No,No,Yes,No,Yes,One year,Yes,Bank transfer (automatic),91.91,220.76,Yes
CUST-100332,Male,0,No,Yes,13,Yes,Yes,Fiber optic,No,No,No,No,Yes,No,One year,Yes,Credit card (automatic),91.41,1189.65,No
CUST-100333,Female,0,No,No,72,Yes,No,DSL,No,No,No,No,No,Yes,Two year,No,Credit card (automatic),63.12,4549.69,No
CUST-100334,Male,0,Yes,No,26,Yes,No,Fiber optic,No,No,Yes,Yes,No,Yes,One year,Yes,Mailed check,101.12,2637.18,No
CUST-100335,Female,0,No,No,5,Yes,Yes,Fiber optic,Yes,Yes,Yes,Yes,No,Yes,One year,Yes,Electronic check,101.57,495.29,No
CUST-100336,Female,0,Yes,Yes,55,Yes,No,Fiber optic,Yes,Yes,No,Yes,Yes,No,Month-to-month,Yes,Electronic check,100.19,5494.93,Yes
CUST-100337,Male,0,Yes,No,2,Yes,Yes,Fiber optic,No,Yes,No,Yes,Yes,No,One year,No,Bank transfer (automatic),95.99,173.98,No
CUST-100338,Male,0,Yes,No,72,Yes,Yes,DSL,No,No,No,Yes,No,No,Month-to-month,No,Credit card (automatic),54.58,3918.65,No
CUST-100339,Female,0,Yes,No,23,Yes,No,Fiber optic,Yes,Yes,No,No,Yes,Yes,Two year,No,Mailed check,99.97,2340.73,Yes
CUST-100340,Female,0,No,No,2,Yes,No,DSL,No,No,Yes,No,No,No,Month-to-month,Yes,Electronic check,58.53,153.49,No
CUST-100341,Male,0,Yes,Yes,33,Yes,Yes,Fiber optic,Yes,No,Yes,Yes,No,No,One year,No,Mailed check,94.66,3117.22,No
CUST-100342,Female,0,Yes,Yes,20,Yes,Yes,DSL,No,Yes,No,No,No,Yes,Two year,Yes,Mailed check,66.45,1320.59,No
CUST-100343,Female,1,Yes,No,18,Yes,Yes,DSL,No,No,Yes,No,Yes,No,One year,No,Credit card (automatic),69.24,1203.38,No
CUST-100344,Female,0,Yes,Yes,19,Yes,Yes,DSL,No,Yes,No,No,Yes,No,Month-to-month,No,Bank transfer (automatic),61.59,1150.32,No
CUST-100345,Male,0,Yes,Yes,16,Yes,No,DSL,No,Yes,Yes,No,No,Yes,One year,Yes,Electronic check,68.44,1078.85,No
CUST-100346,Female,0,Yes,No,13,Yes,No,Fiber optic,Yes,No,Yes,No,Yes,No,Month-to-month,No,Electronic check,90.28,1164.85,No
CUST-100347,Female,0,No,Yes,64,Yes,Yes,Fiber optic,No,Yes,Yes,Yes,Yes,No,Month-to-month,No,Electronic check,100.56,6424.45,Yes
CUST-100348,Male,0,Yes,Yes,10,Yes,No,Fiber optic,No,Yes,No,Yes,No,No,Two year,No,Bank transfer (automatic),89.95,903.8,Yes
CUST-100349,Male,0,No,No,39,No,No phone service,Fiber optic,Yes,No,Yes,No,No,No,Two year,No,Bank transfer (automatic),84.37,3305.93,No
CUST-100350,Female,0,Yes,No,53,No,No phone service,Fiber optic,Yes,No,No,No,Yes,No,Month-to-month,Yes,Electronic check,78.29,4134.81,No
CUST-100351,Male,1,No,No,56,Yes,No,Fiber optic,No,No,No,No,No,No,Two year,Yes,Electronic check,79.49,4480.18,No
CUST-100352,Male,0,No,No,22,Yes,Yes,No,No internet service,No internet service,No internet service,No internet service,No internet service,No internet service,Month-to-month,Yes,Credit card (automatic),33.74,749.19,No
CUST-100353,Male,0,Yes,No,20,Yes,No,No,No internet service,No internet service,No internet service,No internet service,No internet service,No internet service,Two year,No,Credit card (automatic),23.99,497.57,No
CUST-100354,Female,1,Yes,Yes,13,Yes,Yes,No,No internet service,No internet service,No internet service,No internet service,No internet service,No internet service,One year,No,Bank transfer (automatic),23.06,290.99,No
CUST-100355,Female,1,No,No,4,Yes,No,No,No internet service,No internet service,No internet service,No internet service,No internet service,No internet service,Two year,No,Mailed check,22.1,99.33,No
CUST-100356,Male,0,Yes,Yes,32,Yes,No,No,No internet service,No internet service,No internet service,No internet service,No internet service,No internet service,Two year,No,Credit card (automatic),30.5,985.07,No
CUST-100357,Female,0,No,Yes,27,No,No phone service,Fiber optic,Yes,Yes,Yes,No,No,Yes,Two year,No,Bank transfer (automatic),89.1,2435.05,No
CUST-100358,Male,0,Yes,No,10,Yes,No,Fiber optic,No,Yes,No,No,Yes,No,One year,Yes,Credit card (automatic),92.91,942.15,No
CUST-100359,Female,0,Yes,No,2,Yes,No,Fiber optic,No,Yes,Yes,Yes,Yes,No,Month-to-month,Yes,Electronic check,99.14,215.35,Yes
CUST-100360,Female,0,No,No,2,Yes,No,DSL,Yes,Yes,No,Yes,No,No,Month-to-month,Yes,Electronic check,75.2,139.82,Yes
CUST-100361,Female,1,No,Yes,15,Yes,No,Fiber optic,No,No,No,No,Yes,No,One year,No,Electronic check,89.15,1361.17,No
CUST-100362,Male,1,Yes,Yes,16,Yes,No,No,No internet service,No internet service,No internet service,No internet service,No internet service,No internet service,Month-to-month,Yes,Credit card (automatic),24.78,370.96,No
CUST-100363,Female,0,No,No,22,Yes,No,Fiber optic,No,Yes,No,Yes,No,No,Two year,No,Bank transfer (automatic),86.79,1897.92,Yes
CUST-100364,Male,0,No,No,7,Yes,No,DSL,No,No,No,No,Yes,No,Month-to-month,No,Electronic check,64.15,454.68,No
CUST-100365,Female,1,Yes,No,44,Yes,Yes,Fiber optic,No,Yes,Yes,No,No,No,Two year,Yes,Credit card (automatic),82.73,3617.07,No
CUST-100366,Male,1,Yes,Yes,15,Yes,Yes,DSL,Yes,No,No,No,No,Yes,Month-to-month,No,Credit card (automatic),70.73,1042.49,No
CUST-100367,Male,0,Yes,Yes,14,Yes,No,Fiber optic,No,Yes,No,No,No,Yes,Two year,No,Electronic check,90.0,1241.55,No
CUST-100368,Male,0,Yes,No,23,Yes,Yes,Fiber optic,Yes,Yes,No,Yes,Yes,No,Two year,No,Bank transfer (automatic),104.24,2405.09,No
CUST-100369,Female,0,No,No,24,Yes,No,Fiber optic,No,Yes,Yes,No,No,No,Month-to-month,Yes,Bank transfer (automatic),86.22,2066.1,Yes
CUST-100370,Male,0,Yes,Yes,40,Yes,No,Fiber optic,No,No,Yes,Yes,No,No,One year,Yes,Electronic check,84.9,3415.27,No
CUST-100371,Female,0,Yes,Yes,2,No,No phone service,DSL,Yes,No,No,Yes,Yes,No,Month-to-month,Yes,Bank transfer (automatic),60.25,158.11,Yes
CUST-100372,Male,1,No,Yes,27,Yes,No,Fiber optic,No,No,No,No,Yes,No,Two year,Yes,Electronic check,92.93,2514.52,No
CUST-100373,Male,1,No,Yes,20,Yes,No,DSL,No,Yes,Yes,No,Yes,No,Two year,No,Credit card (automatic),68.82,1366.17,No
CUST-100374,Female,1,No,No,60,Yes,Yes,Fiber optic,No,No,No,No,Yes,No,Month-to-month,No,Credit card (automatic),98.32,5906.57,Yes
CUST-100375,Male,0,No,Yes,13,Yes,No,Fiber optic,No,No,No,Yes,Yes,No,Month-to-month,No,Credit card (automatic),91.61,1173.02,No
CUST-100376,Female,0,Yes,No,26,Yes,No,DSL,Yes,No,Yes,No,No,No,Month-to-month,Yes,Bank transfer (automatic),58.6,1522.33,No
CUST-100377,Female,0,No,No,53,Yes,Yes,No,No internet service,No internet service,No internet service,No internet service,No internet service,No internet service,Month-to-month,No,Electronic check,21.66,1197.23,No
CUST-100378,Male,0,Yes,No,55,Yes,No,Fiber optic,Yes,No,No,Yes,No,Yes,Two year,Yes,Mailed check,100.93,5547.09,No
CUST-100379,Male,0,Yes,No,16,Yes,No,DSL,Yes,No,No,No,No,No,Month-to-month,Yes,Bank transfer (automatic),57.23,921.73,No
CUST-100380,Male,0,Yes,Yes,2,Yes,Yes,Fiber optic,No,No,No,No,Yes,Yes,Two year,No,Electronic check,97.29,191.35,No
CUST-100381,Female,0,No,Yes,19,Yes,Yes,DSL,No,No,No,No,No,No,Two year,No,Bank transfer (automatic),62.29,1175.32,No
CUST-100382,Female,0,No,No,19,Yes,Yes,DSL,No,No,Yes,No,Yes,Yes,Two year,No,Electronic check,75.68,1447.54,No
CUST-100383,Male,0,Yes,No,58,Yes,No,No,No internet service,No internet service,No internet service,No internet service,No internet service,No internet service,One year,No,Electronic check,29.35,1676.88,No
CUST-100384,Male,0,No,Yes,22,Yes,Yes,Fiber optic,No,Yes,No,No,Yes,No,Month-to-month,Yes,Mailed check,95.91,2106.7,Yes
CUST-100385,Male,0,No,No,16,Yes,No,Fiber optic,No,Yes,No,No,No,Yes,Two year,Yes,Bank transfer (automatic),94.22,1480.37,No
CUST-100386,Male,0,Yes,Yes,45,Yes,No,Fiber optic,Yes,Yes,No,Yes,Yes,No,One year,Yes,Mailed check,95.95,4348.64,No
CUST-100387,Female,0,No,Yes,39,Yes,Yes,No,No internet service,No internet service,No internet service,No internet service,No internet service,No internet service,Two year,Yes,Bank transfer (automatic),33.33,1319.61,No
CUST-100388,Female,1,Yes,No,35,Yes,No,No,No internet service,No internet service,No internet service,No internet service,No internet service,No internet service,Month-to-month,Yes,Mailed check,27.82,958.34,No
CUST-100389,Male,0,No,No,1,Yes,Yes,DSL,Yes,Yes,Yes,No,Yes,No,Month-to-month,Yes,Bank transfer (automatic),81.17,44.05,No
CUST-100390,Female,0,Yes,No,5,Yes,Yes,DSL,No,Yes,No,No,No,Yes,Two year,Yes,Bank transfer (automatic),68.03,349.96,No
CUST-100391,Male,0,Yes,No,11,Yes,Yes,Fiber optic,Yes,No,No,No,No,Yes,Two year,Yes,Bank transfer (automatic),95.77,1052.6,Yes
CUST-100392,Male,0,Yes,Yes,11,Yes,No,Fiber optic,No,No,No,No,No,No,Month-to-month,No,Mailed check,77.1,892.98,Yes
CUST-100393,Female,0,Yes,Yes,72,Yes,No,Fiber optic,Yes,No,Yes,No,Yes,Yes,One year,Yes,Mailed check,96.93,7006.99,No
CUST-100394,Female,0,No,No,61,Yes,Yes,DSL,No,No,No,No,No,No,Month-to-month,Yes,Electronic check,55.25,3382.95,Yes
CUST-100395,Female,0,No,No,10,Yes,Yes,No,No internet service,No internet service,No internet service,No internet service,No internet service,No internet service,One year,No,Bank transfer (automatic),31.91,308.54,No
CUST-100396,Male,0,Yes,No,2,Yes,Yes,DSL,No,Yes,Yes,No,Yes,No,Month-to-month,No,Electronic check,67.77,130.31,Yes
CUST-100397,Male,0,No,Yes,61,Yes,Yes,No,No internet service,No internet service,No internet service,No internet service,No internet service,No internet service,Month-to-month,Yes,Credit card (automatic),27.19,1664.63,No
CUST-100398,Male,0,No,No,2,Yes,Yes,Fiber optic,No,Yes,No,No,Yes,No,Month-to-month,Yes,Credit card (automatic),82.14,171.38,Yes
CUST-100399,Male,0,No,No,8,Yes,Yes,DSL,No,No,Yes,Yes,No,Yes,Month-to-month,No,Mailed check,69.38,540.89,Yes
CUST-100400,Female,0,No,No,13,Yes,No,No,No internet service,No internet service,No internet service,No internet service,No internet service,No internet service,Month-to-month,No,Credit card (automatic),23.0,271.72,Yes
CUST-100401,Female,0,Yes,No,2,Yes,No,Fiber optic,No,No,No,No,No,No,Month-to-month,Yes,Bank transfer (automatic),80.07,198.7,Yes
CUST-100402,Male,1,Yes,No,18,No,No phone service,Fiber optic,Yes,No,No,No,Yes,No,Month-to-month,Yes,Electronic check,84.34,1518.8,Yes
CUST-100403,Female,0,No,No,31,Yes,Yes,No,No internet service,No internet service,No internet service,No internet service,No internet service,No internet service,One year,No,Bank transfer (automatic),28.06,878.34,No
CUST-100404,Male,0,No,No,17,Yes,No,DSL,No,No,No,No,No,Yes,One year,Yes,Credit card (automatic),66.29,1109.78,No
CUST-100405,Female,0,No,Yes,21,No,No phone service,DSL,Yes,Yes,No,Yes,Yes,No,One year,Yes,Electronic check,68.96,1475.48,Yes
CUST-100406,Male,0,No,No,39,Yes,Yes,DSL,Yes,No,Yes,No,No,Yes,Month-to-month,No,Electronic check,70.77,2780.83,No
CUST-100407,Male,0,Yes,No,45,Yes,Yes,DSL,No,No,Yes,No,Yes,No,Month-to-month,Yes,Bank transfer (automatic),66.29,2984.26,No
CUST-100408,Female,0,No,No,0,Yes,Yes,No,No internet service,No internet service,No internet service,No internet service,No internet service,No internet service,Two year,Yes,Mailed check,25.67,4.2,No
CUST-100409,Male,1,Yes,No,34,Yes,Yes,No,No internet service,No internet service,No internet service,No internet service,No internet service,No internet service,Two year,No,Bank transfer (automatic),31.97,1092.68,No
CUST-100410,Male,0,Yes,No,14,Yes,No,Fiber optic,Yes,No,Yes,Yes,No,Yes,Two year,Yes,Bank transfer (automatic),96.33,1350.58,No
CUST-100411,Male,0,Yes,Yes,59,Yes,Yes,Fiber optic,Yes,No,No,No,No,Yes,Two year,No,Bank transfer (automatic),92.69,5479.87,No
CUST-100412,Male,1,Yes,No,16,Yes,No,No,No internet service,No internet service,No internet service,No internet service,No internet service,No internet service,One year,Yes,Electronic check,32.87,533.45,No
CUST-100413,Male,0,No,No,6,Yes,No,DSL,No,Yes,No,No,No,Yes,Two year,Yes,Mailed check,61.89,367.82,Yes
CUST-100414,Male,0,Yes,No,17,No,No phone service,DSL,No,Yes,Yes,No,No,No,Month-to-month,Yes,Credit card (automatic),48.63,803.34,No
CUST-100415,Female,0,No,No,72,Yes,No,No,No internet service,No internet service,No internet service,No internet service,No internet service,No internet service,One year,No,Mailed check,23.82,1714.53,No
CUST-100416,Female,0,No,No,26,No,No phone service,Fiber optic,No,Yes,No,No,No,No,Two year,No,Mailed check,82.27,2154.03,Yes
CUST-100417,Male,0,No,Yes,51,Yes,Yes,DSL,Yes,No,Yes,Yes,Yes,Yes,Two year,No,Electronic check,80.56,4122.0,No
CUST-100418,Male,0,No,No,8,Yes,Yes,Fiber optic,No,No,Yes,No,No,Yes,Month-to-month,Yes,Electronic check,85.2,707.85,No
CUST-100419,Female,1,Yes,No,12,Yes,No,DSL,No,No,No,Yes,No,No,Month-to-month,No,Mailed check,59.47,742.0,No
CUST-100420,Female,0,Yes,No,21,Yes,No,Fiber optic,No,No,No,No,Yes,Yes,Month-to-month,Yes,Mailed check,83.1,1759.13,No
CUST-100421,Female,0,Yes,No,50,Yes,No,Fiber optic,Yes,Yes,No,Yes,Yes,No,Month-to-month,No,Bank transfer (automatic),97.18,4862.75,Yes
CUST-100422,Female,0,Yes,No,10,Yes,Yes,DSL,No,No,No,No,Yes,No,Two year,Yes,Bank transfer (automatic),66.66,673.47,No
CUST-100423,Female,0,No,No,15,Yes,No,No,No internet service,No internet service,No internet service,No internet service,No internet service,No internet service,One year,No,Credit card (automatic),24.18,351.21,No
CUST-100424,Male,0,Yes,No,0,No,No phone service,Fiber optic,No,Yes,No,No,Yes,No,Month-to-month,Yes,Credit card (automatic),81.96,15.99,Yes
CUST-100425,Male,0,Yes,Yes,8,Yes,No,Fiber optic,Yes,No,Yes,No,No,No,One year,Yes,Electronic check,88.18,731.91,No
CUST-100426,Female,0,Yes,Yes,72,No,No phone service,Fiber optic,Yes,Yes,Yes,Yes,No,No,Month-to-month,No,Electronic check,90.18,6513.79,Yes
CUST-100427,Female,0,No,No,27,Yes,Yes,Fiber optic,No,No,No,No,No,Yes,One year,Yes,Credit card (automatic),83.87,2275.62,No
CUST-100428,Male,0,No,Yes,72,Yes,No,DSL,Yes,No,No,Yes,Yes,Yes,Month-to-month,Yes,Electronic check,81.19,5840.87,No
CUST-100429,Female,0,Yes,No,42,Yes,No,DSL,Yes,Yes,Yes,Yes,Yes,Yes,Month-to-month,No,Mailed check,93.78,3931.64,No
CUST-100430,Male,0,No,Yes,56,Yes,Yes,Fiber optic,No,No,Yes,No,Yes,Yes,One year,Yes,Electronic check,93.75,5246.8,No
CUST-100431,Female,0,No,No,7,Yes,Yes,Fiber optic,Yes,No,Yes,Yes,Yes,No,One year,Yes,Bank transfer (automatic),98.06,671.82,Yes
CUST-100432,Female,0,No,Yes,72,Yes,No,DSL,Yes,Yes,No,No,No,No,One year,No,Electronic check,62.58,4511.25,No
CUST-100433,Male,0,Yes,Yes,15,Yes,No,No,No internet service,No internet service,No internet service,No internet service,No internet service,No internet service,Month-to-month,No,Electronic check,30.8,406.07,No
CUST-100434,Male,0,No,No,27,Yes,No,No,No internet service,No internet service,No internet service,No internet service,No internet service,No internet service,One year,Yes,Mailed check,28.13,748.73,No
CUST-100435,Male,0,Yes,No,44,Yes,No,DSL,No,Yes,No,No,No,No,Month-to-month,Yes,Bank transfer (automatic),57.49,2530.92,No
CUST-100436,Female,0,Yes,Yes,31,Yes,Yes,DSL,No,No,No,Yes,No,No,Month-to-month,Yes,Electronic check,51.8,1655.83,No
CUST-100437,Female,0,No,Yes,3,Yes,Yes,Fiber optic,No,Yes,No,No,Yes,Yes,One year,Yes,Bank transfer (automatic),94.47,283.5,Yes
CUST-100438,Male,0,No,Yes,19,Yes,No,DSL,Yes,Yes,No,Yes,No,No,One year,No,Mailed check,68.77,1307.46,Yes
CUST-100439,Male,0,Yes,No,72,Yes,No,No,No internet service,No internet service,No internet service,No internet service,No internet service,No internet service,Two year,No,Mailed check,25.94,1851.01,No
CUST-100440,Female,0,No,Yes,72,Yes,No,Fiber optic,Yes,No,Yes,No,Yes,No,Month-to-month,Yes,Mailed check,93.63,6775.75,No
CUST-100441,Male,0,Yes,No,29,Yes,No,DSL,No,No,Yes,No,Yes,No,Two year,Yes,Electronic check,64.75,1861.48,No
CUST-100442,Male,0,No,No,16,Yes,No,Fiber optic,No,Yes,Yes,No,Yes,Yes,Month-to-month,No,Electronic check,112.37,1838.58,Yes
CUST-100443,Male,0,No,No,21,Yes,No,DSL,No,No,Yes,No,Yes,No,One year,Yes,Credit card (automatic),63.01,1308.41,No
CUST-100444,Female,0,No,No,8,Yes,No,Fiber optic,Yes,No,No,Yes,No,Yes,Two year,No,Electronic check,101.55,831.23,No
CUST-100445,Female,1,No,Yes,6,Yes,No,DSL,Yes,No,No,No,No,Yes,One year,Yes,Credit card (automatic),71.26,426.43,No
CUST-100446,Male,0,No,No,42,No,No phone service,No,No internet service,No internet service,No internet service,No internet service,No internet service,No internet service,Two year,Yes,Electronic check,23.22,963.99,No
CUST-100447,Female,1,No,No,7,Yes,No,Fiber optic,Yes,No,Yes,Yes,No,No,Two year,No,Mailed check,88.61,640.46,Yes
CUST-100448,Female,0,No,Yes,24,Yes,No,No,No internet service,No internet service,No internet service,No internet service,No internet service,No internet service,Month-to-month,No,Bank transfer (automatic),28.55,711.77,No
CUST-100449,Male,1,No,No,72,Yes,No,DSL,No,Yes,No,No,Yes,Yes,Two year,Yes,Credit card (automatic),72.44,5211.97,No
CUST-100450,Female,1,Yes,No,26,Yes,Yes,Fiber optic,No,Yes,No,Yes,No,Yes,Two year,No,Electronic check,104.06,2705.08,No
CUST-100451,Female,0,No,No,29,Yes,No,No,No internet service,No internet service,No internet service,No internet service,No internet service,No internet service,Month-to-month,Yes,Electronic check,29.64,851.31,Yes
CUST-100452,Male,0,Yes,No,25,Yes,No,Fiber optic,Yes,No,No,Yes,No,No,Month-to-month,Yes,Bank transfer (automatic),87.15,2183.23,Yes
CUST-100453,Male,1,No,Yes,68,Yes,No,Fiber optic,No,No,Yes,Yes,No,Yes,Month-to-month,Yes,Electronic check,102.14,6923.63,No
CUST-100454,Female,1,Yes,No,25,Yes,Yes,No,No internet service,No internet service,No internet service,No internet service,No internet service,No internet service,Two year,Yes,Bank transfer (automatic),26.59,610.88,No
CUST-100455,Female,1,Yes,No,5,Yes,Yes,Fiber optic,No,No,Yes,No,Yes,Yes,Two year,No,Credit card (automatic),100.21,463.65,Yes
CUST-100456,Male,0,No,No,20,Yes,No,No,No internet service,No internet service,No internet service,No internet service,No internet service,No internet service,Two year,Yes,Electronic check,30.81,611.78,No
CUST-100457,Female,0,Yes,Yes,8,Yes,Yes,Fiber optic,No,No,Yes,No,No,No,Month-to-month,Yes,Credit card (automatic),83.39,645.72,No
CUST-100458,Female,1,Yes,Yes,20,No,No phone service,Fiber optic,No,Yes,No,No,No,No,Month-to-month,Yes,Electronic check,74.57,1489.05,Yes
CUST-100459,Male,0,No,No,6,Yes,Yes,Fiber optic,Yes,No,No,No,No,No,Month-to-month,No,Credit card (automatic),86.35,507.85,No
CUST-100460,Female,0,Yes,Yes,24,Yes,Yes,Fiber optic,No,Yes,No,No,Yes,No,Month-to-month,No,Credit card (automatic),88.48,2109.39,Yes
CUST-100461,Male,0,Yes,Yes,11,Yes,Yes,DSL,Yes,No,No,No,Yes,Yes,Month-to-month,Yes,Bank transfer (automatic),78.45,849.97,Yes
CUST-100462,Female,0,No,No,33,Yes,No,No,No internet service,No internet service,No internet service,No internet service,No internet service,No internet service,Month-to-month,Yes,Credit card (automatic),26.87,906.05,No
CUST-100463,Male,0,Yes,No,17,Yes,No,Fiber optic,Yes,No,Yes,No,No,Yes,Month-to-month,No,Credit card (automatic),100.35,1710.66,Yes
CUST-100464,Male,0,Yes,Yes,6,No,No phone service,Fiber optic,Yes,No,Yes,Yes,Yes,Yes,Month-to-month,Yes,Electronic check,104.19,656.44,No
CUST-100465,Female,0,Yes,No,13,No,No phone service,No,No internet service,No internet service,No internet service,No internet service,No internet service,No internet service,One year,No,Electronic check,22.2,290.67,Yes
CUST-100466,Male,0,Yes,No,25,Yes,Yes,Fiber optic,No,No,Yes,No,No,No,Month-to-month,Yes,Electronic check,81.64,2002.8,No
CUST-100467,Female,1,Yes,No,8,Yes,No,DSL,Yes,No,No,Yes,No,Yes,Month-to-month,No,Mailed check,75.41,582.4,Yes
CUST-100468,Male,0,Yes,Yes,3,Yes,Yes,Fiber optic,No,Yes,No,No,No,No,One year,Yes,Bank transfer (automatic),85.28,258.14,No
CUST-100469,Female,0,No,Yes,46,Yes,No,Fiber optic,No,Yes,Yes,No,Yes,No,Two year,Yes,Mailed check,82.13,3782.82,No
CUST-100470,Female,0,No,No,8,Yes,No,DSL,No,Yes,Yes,Yes,No,No,One year,Yes,Bank transfer (automatic),63.73,498.12,No
CUST-100471,Female,1,Yes,Yes,21,Yes,No,DSL,No,Yes,No,No,Yes,No,One year,Yes,Mailed check,66.67,1384.16,No
CUST-100472,Male,0,Yes,No,11,Yes,No,Fiber optic,No,Yes,No,Yes,No,No,One year,Yes,Electronic check,89.12,968.16,Yes
CUST-100473,Male,0,No,Yes,7,Yes,No,Fiber optic,No,Yes,Yes,No,Yes,No,One year,No,Electronic check,97.83,681.92,No
CUST-100474,Female,0,No,No,51,Yes,Yes,No,No internet service,No internet service,No internet service,No internet service,No internet service,No internet service,One year,Yes,Credit card (automatic),34.2,1743.22,No
CUST-100475,Female,0,Yes,No,72,Yes,Yes,Fiber optic,No,No,No,No,Yes,No,Month-to-month,Yes,Mailed check,88.35,6339.24,Yes
CUST-100476,Female,0,Yes,No,6,Yes,Yes,Fiber optic,No,No,Yes,No,Yes,Yes,One year,Yes,Electronic check,89.66,542.89,Yes
CUST-100477,Male,1,Yes,No,29,Yes,Yes,DSL,No,No,Yes,No,No,No,Month-to-month,Yes,Electronic check,57.79,1680.65,No
CUST-100478,Female,0,No,No,17,Yes,Yes,No,No internet service,No internet service,No internet service,No internet service,No internet service,No internet service,Month-to-month,Yes,Credit card (automatic),32.86,556.42,Yes
CUST-100479,Male,0,No,No,61,Yes,No,No,No internet service,No internet service,No internet service,No internet service,No internet service,No internet service,Month-to-month,Yes,Electronic check,28.45,1721.63,No
CUST-100480,Male,1,No,No,22,Yes,Yes,No,No internet service,No internet service,No internet service,No internet service,No internet service,No internet service,Month-to-month,No,Bank transfer (automatic),28.81,647.25,No
CUST-100481,Female,0,Yes,No,4,Yes,No,Fiber optic,Yes,No,Yes,Yes,No,Yes,Month-to-month,No,Electronic check,98.02,418.55,Yes
CUST-100482,Male,1,Yes,No,60,Yes,Yes,DSL,No,Yes,No,No,Yes,No,One year,Yes,Electronic check,69.8,4179.04,No
CUST-100483,Female,0,Yes,No,72,Yes,Yes,Fiber optic,No,Yes,No,No,Yes,No,Month-to-month,No,Bank transfer (automatic),89.59,6437.91,No
CUST-100484,Male,0,Yes,No,26,No,No phone service,Fiber optic,No,Yes,No,Yes,No,No,Month-to-month,Yes,Bank transfer (automatic),82.37,2150.94,Yes
CUST-100485,Male,1,Yes,Yes,4,Yes,No,Fiber optic,No,Yes,Yes,Yes,Yes,Yes,Month-to-month,Yes,Bank transfer (automatic),109.71,415.43,Yes
CUST-100486,Male,0,No,No,58,Yes,No,DSL,Yes,No,No,No,Yes,Yes,Month-to-month,No,Electronic check,74.22,4279.23,Yes
CUST-100487,Female,0,Yes,No,13,Yes,No,DSL,No,No,Yes,No,No,No,One year,No,Credit card (automatic),58.94,753.24,No
CUST-100488,Female,1,No,No,7,Yes,No,Fiber optic,No,Yes,Yes,No,Yes,Yes,Month-to-month,Yes,Mailed check,103.81,732.86,No
CUST-100489,Female,0,Yes,No,28,Yes,No,No,No internet service,No internet service,No internet service,No internet service,No internet service,No internet service,Month-to-month,Yes,Credit card (automatic),33.11,909.47,No
CUST-100490,Female,0,Yes,No,72,Yes,Yes,Fiber optic,No,No,No,Yes,Yes,No,Month-to-month,Yes,Electronic check,93.71,6746.74,No
CUST-100491,Female,0,No,No,40,Yes,No,Fiber optic,No,Yes,No,Yes,Yes,No,Month-to-month,Yes,Mailed check,100.16,3966.21,No
CUST-100492,Female,0,No,Yes,39,Yes,Yes,DSL,No,Yes,Yes,No,No,Yes,Month-to-month,No,Electronic check,66.94,2623.0,No
CUST-100493,Female,0,Yes,No,4,Yes,Yes,Fiber optic,Yes,No,Yes,Yes,No,No,Month-to-month,Yes,Bank transfer (automatic),88.69,383.57,No
CUST-100494,Male,0,No,Yes,43,Yes,No,Fiber optic,No,No,Yes,Yes,Yes,Yes,One year,No,Bank transfer (automatic),103.25,4421.55,Yes
CUST-100495,Male,0,Yes,No,33,Yes,No,DSL,Yes,No,No,Yes,No,No,Two year,No,Mailed check,66.0,2186.88,No
CUST-100496,Male,0,Yes,Yes,21,Yes,No,Fiber optic,No,No,No,No,Yes,Yes,One year,Yes,Electronic check,96.13,2014.57,No
CUST-100497,Male,0,Yes,No,20,Yes,Yes,DSL,Yes,No,No,Yes,Yes,Yes,Month-to-month,No,Electronic check,75.99,1521.92,No
CUST-100498,Female,1,Yes,Yes,1,Yes,No,No,No internet service,No internet service,No internet service,No internet service,No internet service,No internet service,Month-to-month,No,Electronic check,31.12,26.2,No
CUST-100499,Male,0,No,No,2,Yes,No,No,No internet service,No internet service,No internet service,No internet service,No internet service,No internet service,Two year,Yes,Credit card (automatic),25.49,44.91,No
CUST-100500,Male,1,Yes,No,28,Yes,No,DSL,Yes,Yes,Yes,Yes,Yes,Yes,Month-to-month,Yes,Electronic check,90.7,2522.94,No
CUST-100501,Female,0,No,No,65,Yes,No,Fiber optic,No,No,Yes,No,Yes,No,Two year,No,Electronic check,91.15,5902.89,No
CUST-100502,Female,1,No,Yes,31,Yes,No,Fiber optic,Yes,No,Yes,Yes,No,No,Month-to-month,No,Mailed check,91.1,2846.09,No
CUST-100503,Female,0,Yes,Yes,23,Yes,Yes,DSL,No,No,Yes,No,Yes,No,Month-to-month,Yes,Electronic check,62.86,1412.2,No
CUST-100504,Male,0,Yes,No,6,Yes,Yes,Fiber optic,No,No,No,No,No,No,Month-to-month,No,Credit card (automatic),78.53,470.81,Yes
CUST-100505,Male,1,Yes,No,30,Yes,Yes,Fiber optic,Yes,No,Yes,No,No,No,Two year,No,Electronic check,87.33,2618.62,No
CUST-100506,Female,0,No,No,0,Yes,No,Fiber optic,No,Yes,Yes,No,Yes,No,Two year,No,Credit card (automatic),90.81,0.0,No
CUST-100507,Male,0,No,No,56,Yes,No,DSL,Yes,No,Yes,Yes,No,Yes,Two year,Yes,Bank transfer (automatic),77.41,4348.26,No
CUST-100508,Male,0,No,No,20,Yes,No,Fiber optic,No,Yes,Yes,No,No,No,Month-to-month,Yes,Mailed check,91.63,1825.19,Yes
CUST-100509,Male,0,Yes,No,13,Yes,Yes,DSL,No,Yes,No,Yes,Yes,Yes,One year,No,Mailed check,82.44,1084.78,No
CUST-100510,Female,0,Yes,No,41,Yes,Yes,DSL,No,No,No,No,Yes,No,Month-to-month,Yes,Bank transfer (automatic),62.26,2592.38,No
CUST-100511,Female,0,No,No,12,Yes,Yes,DSL,Yes,No,No,Yes,No,No,Month-to-month,Yes,Bank transfer (automatic),61.2,731.36,Yes
CUST-100512,Female,0,Yes,No,42,Yes,No,DSL,No,No,Yes,No,Yes,Yes,One year,Yes,Electronic check,73.52,3047.2,No
CUST-100513,Female,0,No,No,16,Yes,No,DSL,No,No,No,No,No,No,Two year,Yes,Credit card (automatic),52.47,836.67,No
CUST-100514,Female,0,Yes,Yes,69,Yes,No,Fiber optic,No,No,No,No,No,Yes,Month-to-month,No,Mailed check,86.5,5963.68,No
CUST-100515,Male,0,Yes,Yes,18,Yes,No,Fiber optic,No,Yes,No,Yes,Yes,No,Month-to-month,Yes,Mailed check,99.75,1803.54,Yes
CUST-100516,Female,0,No,No,9,Yes,No,DSL,No,No,Yes,Yes,No,No,Month-to-month,No,Mailed check,61.57,514.25,No
CUST-100517,Male,0,No,No,24,Yes,No,DSL,No,Yes,Yes,No,No,Yes,Month-to-month,Yes,Bank transfer (automatic),62.65,1510.09,Yes
CUST-100518,Male,0,No,No,24,Yes,No,No,No internet service,No internet service,No internet service,No internet service,No internet service,No internet service,Month-to-month,No,Mailed check,31.2,740.37,No
CUST-100519,Female,0,Yes,No,59,Yes,No,No,No internet service,No internet service,No internet service,No internet service,No internet service,No internet service,Two year,Yes,Mailed check,29.59,1761.86,No
CUST-100520,Male,0,No,Yes,9,Yes,Yes,DSL,No,No,Yes,No,Yes,Yes,Month-to-month,Yes,Electronic check,73.6,652.03,No
CUST-100521,Male,0,No,Yes,47,Yes,Yes,Fiber optic,Yes,No,Yes,No,Yes,No,One year,No,Mailed check,90.3,4261.46,No
CUST-100522,Male,0,No,No,16,No,No phone service,DSL,No,Yes,No,No,Yes,Yes,Month-to-month,No,Electronic check,62.67,972.51,Yes
CUST-100523,Female,0,No,No,29,Yes,Yes,No,No internet service,No internet service,No internet service,No internet service,No internet service,No internet service,Month-to-month,Yes,Credit card (automatic),25.14,729.42,Yes
CUST-100524,Male,0,No,Yes,42,Yes,Yes,Fiber optic,Yes,No,No,Yes,No,No,Month-to-month,Yes,Electronic check,85.67,3578.7,No
CUST-100525,Male,0,No,No,5,No,No phone service,DSL,Yes,No,Yes,No,No,No,Month-to-month,Yes,Credit card (automatic),52.04,250.44,Yes
CUST-100526,Female,0,Yes,No,11,Yes,No,Fiber optic,No,No,No,No,No,Yes,Month-to-month,No,Bank transfer (automatic),81.27,948.37,Yes
CUST-100527,Male,0,Yes,No,14,Yes,No,Fiber optic,Yes,No,Yes,No,No,Yes,One year,Yes,Bank transfer (automatic),103.61,1431.55,No
CUST-100528,Female,0,No,No,3,Yes,Yes,DSL,No,No,Yes,Yes,No,No,Two year,No,Credit card (automatic),68.01,196.58,No
CUST-100529,Female,0,Yes,No,9,Yes,Yes,DSL,No,No,No,No,Yes,No,Month-to-month,Yes,Electronic check,62.11,536.12,No
CUST-100530,Female,0,Yes,No,4,Yes,Yes,Fiber optic,Yes,Yes,Yes,No,No,No,One year,No,Mailed check,91.87,361.34,No
CUST-100531,Male,0,No,No,48,Yes,No,DSL,Yes,No,No,Yes,Yes,Yes,Two year,Yes,Electronic check,86.31,4139.88,No
CUST-100532,Male,0,Yes,No,22,Yes,Yes,DSL,Yes,No,No,No,Yes,No,Month-to-month,Yes,Electronic check,72.5,1580.31,Yes
CUST-100533,Male,0,No,No,12,Yes,Yes,No,No internet service,No internet service,No internet service,No internet service,No internet service,No internet service,Two year,No,Mailed check,25.04,332.01,No
CUST-100534,Female,0,No,Yes,71,Yes,No,Fiber optic,No,No,Yes,No,Yes,Yes,Two year,Yes,Bank transfer (automatic),98.99,7051.39,No
CUST-100535,Male,0,Yes,No,6,Yes,No,Fiber optic,Yes,No,Yes,No,Yes,Yes,Two year,No,Credit card (automatic),102.27,594.68,No
CUST-100536,Male,1,No,No,10,Yes,Yes,Fiber optic,No,Yes,Yes,No,No,Yes,One year,Yes,Electronic check,93.92,955.53,No
CUST-100537,Male,0,Yes,No,50,Yes,No,Fiber optic,No,No,No,No,No,No,One year,Yes,Bank transfer (automatic),77.34,3857.4,No
CUST-100538,Female,0,No,Yes,3,No,No phone service,Fiber optic,No,No,Yes,No,No,Yes,Month-to-month,No,Electronic check,81.66,220.39,No
CUST-100539,Male,0,No,No,48,Yes,No,Fiber optic,Yes,No,No,No,Yes,Yes,One year,No,Electronic check,99.84,4777.96,No
CUST-100540,Female,0,Yes,Yes,9,Yes,No,DSL,Yes,Yes,Yes,No,Yes,No,Two year,Yes,Electronic check,75.87,657.71,Yes
CUST-100541,Male,0,Yes,No,8,Yes,No,DSL,Yes,No,No,No,No,No,Month-to-month,No,Bank transfer (automatic),63.75,528.82,Yes
CUST-100542,Male,0,Yes,No,9,Yes,Yes,DSL,Yes,No,Yes,No,No,Yes,Two year,Yes,Mailed check,66.77,583.4,No
CUST-100543,Male,1,Yes,No,7,Yes,Yes,Fiber optic,No,No,No,No,No,No,Month-to-month,No,Electronic check,81.87,598.85,Yes
CUST-100544,Female,1,Yes,No,11,Yes,No,Fiber optic,Yes,No,No,Yes,Yes,Yes,Month-to-month,Yes,Electronic check,99.7,1099.52,Yes
CUST-100545,Male,0,No,Yes,21,Yes,Yes,Fiber optic,Yes,No,Yes,Yes,Yes,Yes,One year,Yes,Mailed check,108.95,2279.88,No
CUST-100546,Male,0,Yes,No,10,Yes,Yes,Fiber optic,No,No,Yes,Yes,No,Yes,Two year,Yes,Credit card (automatic),99.17,981.66,No
CUST-100547,Female,0,No,No,46,No,No phone service,No,No internet service,No internet service,No internet service,No internet service,No internet service,No internet service,One year,No,Electronic check,22.28,1059.93,No
CUST-100548,Female,0,Yes,No,7,Yes,Yes,DSL,No,Yes,No,No,Yes,No,Two year,No,Bank transfer (automatic),64.73,453.32,No
CUST-100549,Female,0,No,No,13,Yes,No,Fiber optic,No,No,No,No,Yes,No,Month-to-month,No,Bank transfer (automatic),87.14,1122.73,No
CUST-100550,Female,1,Yes,No,1,Yes,No,Fiber optic,No,No,No,Yes,No,Yes,Two year,Yes,Mailed check,97.61,114.68,No
CUST-100551,Male,0,Yes,No,29,Yes,No,Fiber optic,Yes,Yes,Yes,No,No,Yes,One year,Yes,Electronic check,97.63,2842.98,No
CUST-100552,Female,0,No,No,19,No,No phone service,Fiber optic,No,No,No,Yes,Yes,Yes,Two year,Yes,Credit card (automatic),93.27,1752.37,No
CUST-100553,Male,1,Yes,No,34,Yes,No,DSL,No,Yes,Yes,Yes,No,No,Month-to-month,No,Mailed check,70.86,2409.34,No
CUST-100554,Female,0,No,No,4,Yes,No,No,No internet service,No internet service,No internet service,No internet service,No internet service,No internet service,Month-to-month,Yes,Mailed check,26.45,69.63,No
CUST-100555,Female,0,Yes,No,3,Yes,No,Fiber optic,No,No,No,No,Yes,No,Two year,No,Credit card (automatic),92.94,278.15,Yes
CUST-100556,Female,1,No,No,38,Yes,Yes,No,No internet service,No internet service,No internet service,No internet service,No internet service,No internet service,Month-to-month,Yes,Credit card (automatic),36.29,1385.3,No
CUST-100557,Female,0,No,No,11,Yes,Yes,Fiber optic,Yes,No,No,No,No,Yes,Month-to-month,No,Bank transfer (automatic),95.38,1058.14,No
CUST-100558,Female,0,No,No,65,Yes,Yes,No,No internet service,No internet service,No internet service,No internet service,No internet service,No internet service,One year,Yes,Credit card (automatic),32.38,2084.71,No
CUST-100559,Female,0,Yes,No,33,Yes,Yes,DSL,No,No,No,Yes,Yes,No,One year,Yes,Electronic check,59.09,1935.2,No
CUST-100560,Female,1,Yes,No,4,Yes,No,Fiber optic,No,Yes,No,Yes,No,Yes,Two year,No,Bank transfer (automatic),90.72,367.83,No
CUST-100561,Male,0,Yes,Yes,3,No,No phone service,DSL,Yes,Yes,No,No,No,Yes,One year,No,Electronic check,62.66,212.99,No
CUST-100562,Male,0,Yes,No,32,Yes,Yes,DSL,No,No,No,No,No,Yes,Two year,Yes,Credit card (automatic),58.37,1869.68,No
CUST-100563,Male,0,Yes,No,35,Yes,Yes,DSL,Yes,No,Yes,No,No,Yes,Month-to-month,No,Mailed check,72.5,2526.34,Yes
CUST-100564,Female,0,No,No,30,Yes,No,Fiber optic,No,Yes,Yes,Yes,No,No,One year,No,Electronic check,80.61,2437.7,No
CUST-100565,Male,1,No,Yes,29,Yes,Yes,Fiber optic,Yes,No,No,No,No,No,Two year,Yes,Mailed check,85.48,2481.5,No
CUST-100566,Male,0,No,Yes,59,Yes,No,Fiber optic,No,No,No,Yes,No,No,One year,Yes,Bank transfer (automatic),82.3,4859.27,No
CUST-100567,Male,1,Yes,No,51,Yes,No,DSL,No,No,No,Yes,Yes,Yes,Month-to-month,No,Mailed check,71.83,3679.28,No
CUST-100568,Female,0,Yes,Yes,15,Yes,Yes,DSL,No,Yes,No,No,No,Yes,Month-to-month,No,Bank transfer (automatic),73.63,1102.52,Yes
CUST-100569,Female,0,No,No,35,Yes,Yes,Fiber optic,No,Yes,No,No,Yes,Yes,One year,Yes,Electronic check,97.77,3403.28,No
CUST-100570,Female,1,Yes,No,19,Yes,No,Fiber optic,No,No,No,No,No,No,One year,Yes,Electronic check,71.53,1355.98,Yes
CUST-100571,Male,0,Yes,No,3,Yes,No,DSL,Yes,No,No,No,No,Yes,Month-to-month,No,Mailed check,67.83,225.73,No
CUST-100572,Male,0,Yes,Yes,60,No,No phone service,Fiber optic,No,No,Yes,Yes,No,Yes,One year,Yes,Mailed check,88.53,5349.65,No
CUST-100573,Male,1,No,No,4,Yes,No,DSL,Yes,Yes,No,Yes,No,No,Two year,No,Bank transfer (automatic),67.3,244.83,No
CUST-100574,Male,0,No,No,40,Yes,Yes,Fiber optic,Yes,No,No,No,No,No,Month-to-month,No,Credit card (automatic),92.41,3729.15,No
CUST-100575,Male,0,Yes,No,3,Yes,No,Fiber optic,No,No,No,Yes,No,Yes,One year,Yes,Bank transfer (automatic),91.84,268.18,Yes
CUST-100576,Female,1,No,Yes,6,Yes,Yes,Fiber optic,Yes,Yes,No,No,No,No,One year,Yes,Mailed check,92.06,552.77,Yes
CUST-100577,Female,0,Yes,Yes,40,Yes,Yes,Fiber optic,No,No,No,No,Yes,Yes,Month-to-month,Yes,Mailed check,95.29,3845.6,No
CUST-100578,Female,0,Yes,No,9,Yes,Yes,No,No internet service,No internet service,No internet service,No internet service,No internet service,No internet service,Month-to-month,Yes,Credit card (automatic),33.08,289.53,No
CUST-100579,Male,0,No,No,14,Yes,No,DSL,No,No,No,No,No,No,Month-to-month,No,Bank transfer (automatic),51.68,718.03,No
CUST-100580,Male,0,Yes,Yes,21,Yes,No,Fiber optic,No,No,No,Yes,No,No,Two year,No,Credit card (automatic),78.75,1640.89,No
CUST-100581,Female,0,No,No,72,Yes,No,No,No internet service,No internet service,No internet service,No internet service,No internet service,No internet service,Month-to-month,No,Electronic check,31.06,2237.08,Yes
CUST-100582,Male,0,Yes,Yes,4,Yes,Yes,No,No internet service,No internet service,No internet service,No internet service,No internet service,No internet service,Month-to-month,Yes,Bank transfer (automatic),29.2,123.04,Yes
CUST-100583,Male,0,Yes,No,6,Yes,No,Fiber optic,Yes,No,No,Yes,No,Yes,Month-to-month,No,Electronic check,99.18,581.34,Yes
CUST-100584,Male,0,No,Yes,18,Yes,Yes,DSL,No,No,No,Yes,Yes,No,Two year,Yes,Bank transfer (automatic),63.53,1172.55,No
CUST-100585,Female,0,Yes,No,6,Yes,No,DSL,No,No,No,Yes,Yes,Yes,One year,No,Credit card (automatic),75.92,440.57,No
CUST-100586,Female,0,No,No,10,Yes,No,No,No internet service,No internet service,No internet service,No internet service,No internet service,No internet service,Month-to-month,Yes,Credit card (automatic),21.62,226.17,No
CUST-100587,Male,0,Yes,Yes,2,No,No phone service,Fiber optic,No,Yes,No,Yes,No,Yes,Two year,Yes,Electronic check,86.08,172.69,No
CUST-100588,Female,0,No,No,4,Yes,Yes,DSL,Yes,No,No,No,No,No,Month-to-month,Yes,Credit card (automatic),55.18,245.59,Yes
CUST-100589,Female,0,Yes,Yes,26,Yes,No,DSL,Yes,Yes,No,No,Yes,No,Month-to-month,Yes,Electronic check,72.98,1881.4,Yes
CUST-100590,Female,0,Yes,No,33,Yes,No,No,No internet service,No internet service,No internet service,No internet service,No internet service,No internet service,Month-to-month,No,Mailed check,26.06,871.43,No
CUST-100591,Female,1,No,Yes,11,Yes,Yes,Fiber optic,No,Yes,No,Yes,No,Yes,One year,Yes,Bank transfer (automatic),90.51,1044.03,No
CUST-100592,Male,0,Yes,Yes,12,Yes,Yes,No,No internet service,No internet service,No internet service,No internet service,No internet service,No internet service,Two year,Yes,Mailed check,25.73,279.93,No
CUST-100593,Female,0,Yes,No,1,Yes,No,Fiber optic,Yes,No,Yes,Yes,Yes,Yes,Month-to-month,No,Electronic check,110.39,92.38,Yes
CUST-100594,Male,1,No,Yes,44,No,No phone service,Fiber optic,Yes,No,No,No,No,Yes,Two year,Yes,Bank transfer (automatic),83.52,3716.56,No
CUST-100595,Female,0,No,No,37,Yes,No,DSL,No,Yes,No,Yes,No,Yes,One year,Yes,Bank transfer (automatic),68.02,2514.06,Yes
CUST-100596,Female,0,No,Yes,61,Yes,No,Fiber optic,No,Yes,No,Yes,No,Yes,Two year,Yes,Bank transfer (automatic),99.36,6063.23,No
CUST-100597,Female,0,No,No,34,Yes,Yes,DSL,Yes,Yes,No,No,No,Yes,Two year,Yes,Mailed check,77.26,2620.19,No
CUST-100598,Female,0,No,No,4,Yes,Yes,DSL,No,Yes,No,Yes,No,No,One year,No,Bank transfer (automatic),66.64,299.64,No
CUST-100599,Female,0,No,No,56,Yes,Yes,DSL,Yes,Yes,No,Yes,Yes,No,Month-to-month,Yes,Mailed check,66.77,3706.85,No
CUST-100600,Female,0,No,Yes,23,Yes,No,DSL,Yes,Yes,Yes,Yes,No,No,Month-to-month,Yes,Electronic check,72.95,1702.59,Yes
CUST-100601,Female,0,Yes,Yes,65,Yes,Yes,No,No internet service,No internet service,No internet service,No internet service,No internet service,No internet service,Two year,Yes,Mailed check,27.43,1753.4,No
CUST-100602,Female,0,Yes,No,15,Yes,Yes,DSL,Yes,No,No,No,Yes,Yes,One year,No,Bank transfer (automatic),65.86,956.56,No
CUST-100603,Male,1,No,No,3,Yes,No,Fiber optic,Yes,Yes,Yes,No,Yes,Yes,Month-to-month,No,Electronic check,102.84,286.78,Yes
CUST-100604,Female,0,No,No,15,Yes,No,Fiber optic,No,No,No,No,Yes,No,Two year,Yes,Electronic check,89.2,1335.44,No
CUST-100605,Female,0,Yes,Yes,25,Yes,Yes,DSL,Yes,Yes,Yes,No,No,No,Two year,No,Credit card (automatic),67.74,1679.21,No
CUST-100606,Male,0,Yes,Yes,15,Yes,Yes,Fiber optic,No,No,No,No,No,No,One year,Yes,Credit card (automatic),78.32,1159.33,No
CUST-100607,Female,1,Yes,No,14,Yes,No,No,No internet service,No internet service,No internet service,No internet service,No internet service,No internet service,Two year,Yes,Bank transfer (automatic),25.4,337.05,No
CUST-100608,Female,0,No,No,38,Yes,Yes,Fiber optic,No,Yes,No,Yes,No,Yes,Month-to-month,No,Bank transfer (automatic),100.33,3794.33,No
CUST-100609,Female,0,No,No,72,Yes,Yes,Fiber optic,Yes,Yes,Yes,No,No,No,One year,No,Credit card (automatic),87.08,6251.1,No
CUST-100610,Female,0,Yes,Yes,16,Yes,Yes,No,No internet service,No internet service,No internet service,No internet service,No internet service,No internet service,Two year,Yes,Mailed check,24.45,395.9,No
CUST-100611,Male,0,No,Yes,66,Yes,Yes,No,No internet service,No internet service,No internet service,No internet service,No internet service,No internet service,Month-to-month,No,Electronic check,26.73,1751.46,No
CUST-100612,Female,0,No,No,25,Yes,No,No,No internet service,No internet service,No internet service,No internet service,No internet service,No internet service,Month-to-month,No,Bank transfer (automatic),21.9,494.2,No
CUST-100613,Male,0,No,No,27,Yes,Yes,Fiber optic,No,No,No,No,No,No,Two year,No,Credit card (automatic),74.47,2009.94,No
CUST-100614,Female,0,Yes,Yes,6,Yes,No,Fiber optic,No,Yes,No,No,No,Yes,Month-to-month,No,Bank transfer (automatic),95.25,586.49,No
CUST-100615,Female,1,No,No,16,No,No phone service,Fiber optic,No,Yes,No,No,No,No,Month-to-month,Yes,Electronic check,71.62,1140.34,No
CUST-100616,Male,0,No,No,9,Yes,Yes,DSL,Yes,No,No,Yes,Yes,Yes,Month-to-month,No,Credit card (automatic),82.12,713.86,No
CUST-100617,Male,0,No,No,12,Yes,No,Fiber optic,No,No,No,Yes,No,Yes,Month-to-month,Yes,Bank transfer (automatic),93.54,1137.38,Yes
CUST-100618,Male,0,Yes,No,1,Yes,No,No,No internet service,No internet service,No internet service,No internet service,No internet service,No internet service,Month-to-month,Yes,Mailed check,27.33,0.0,Yes
CUST-100619,Male,0,No,No,16,Yes,No,DSL,Yes,Yes,Yes,No,Yes,No,Two year,Yes,Credit card (automatic),69.32,1102.7,No
CUST-100620,Male,0,No,No,11,Yes,Yes,No,No internet service,No internet service,No internet service,No internet service,No internet service,No internet service,One year,No,Bank transfer (automatic),28.25,310.31,No
CUST-100621,Male,0,Yes,No,14,Yes,No,No,No internet service,No internet service,No internet service,No internet service,No internet service,No internet service,One year,Yes,Credit card (automatic),19.56,295.42,No
CUST-100622,Male,0,Yes,No,5,Yes,No,DSL,Yes,Yes,No,Yes,Yes,No,Month-to-month,Yes,Credit card (automatic),73.88,380.95,No
CUST-100623,Male,0,No,Yes,1,Yes,Yes,DSL,No,Yes,No,No,Yes,Yes,Month-to-month,No,Electronic check,74.97,79.74,No
CUST-100624,Female,0,No,No,22,No,No phone service,No,No internet service,No internet service,No internet service,No internet service,No internet service,No internet service,Month-to-month,Yes,Bank transfer (automatic),23.48,535.17,Yes
CUST-100625,Male,0,Yes,No,2,Yes,Yes,DSL,Yes,No,No,No,Yes,Yes,Two year,Yes,Mailed check,73.39,123.62,No
CUST-100626,Male,0,Yes,No,3,No,No phone service,Fiber optic,No,No,Yes,Yes,No,Yes,Two year,Yes,Credit card (automatic),84.57,285.31,No
CUST-100627,Male,0,Yes,No,11,Yes,Yes,DSL,Yes,Yes,No,No,No,No,Month-to-month,No,Credit card (automatic),60.25,601.45,Yes
CUST-100628,Female,0,No,No,19,Yes,No,DSL,No,Yes,Yes,No,No,No,Two year,Yes,Credit card (automatic),60.13,1171.03,Yes
CUST-100629,Male,0,No,No,6,No,No phone service,DSL,No,No,No,No,No,No,Month-to-month,Yes,Bank transfer (automatic),47.5,268.17,No
CUST-100630,Female,0,Yes,No,2,Yes,Yes,DSL,Yes,No,Yes,No,No,No,Month-to-month,Yes,Credit card (automatic),63.4,134.4,Yes
CUST-100631,Male,0,Yes,No,15,Yes,Yes,No,No internet service,No internet service,No internet service,No internet service,No internet service,No internet service,One year,No,Electronic check,27.91,447.62,No
CUST-100632,Male,1,Yes,No,61,Yes,No,DSL,No,Yes,Yes,No,Yes,Yes,Month-to-month,No,Mailed check,80.52,4922.94,No
CUST-100633,Male,1,Yes,No,20,Yes,Yes,DSL,Yes,No,Yes,Yes,No,No,Two year,Yes,Electronic check,67.0,1347.45,No
CUST-100634,Male,0,No,Yes,15,Yes,Yes,Fiber optic,Yes,No,No,No,Yes,No,Month-to-month,No,Credit card (automatic),85.66,1302.23,No
CUST-100635,Female,0,No,No,5,No,No phone service,No,No internet service,No internet service,No internet service,No internet service,No internet service,No internet service,Two year,No,Bank transfer (automatic),18.0,60.4,No
CUST-100636,Male,0,Yes,No,24,Yes,No,Fiber optic,No,Yes,No,No,No,No,Month-to-month,No,Bank transfer (automatic),85.41,2023.24,No
CUST-100637,Male,0,Yes,Yes,2,Yes,Yes,Fiber optic,No,No,No,No,No,No,Month-to-month,Yes,Electronic check,72.5,150.43,Yes
CUST-100638,Female,0,Yes,No,42,Yes,No,DSL,No,No,Yes,No,No,No,Month-to-month,Yes,Bank transfer (automatic),55.48,2326.21,Yes
CUST-100639,Female,1,No,No,72,Yes,Yes,No,No internet service,No internet service,No internet service,No internet service,No internet service,No internet service,Two year,No,Mailed check,27.54,1976.62,No
CUST-100640,Female,1,No,Yes,43,Yes,No,Fiber optic,Yes,Yes,No,No,No,Yes,One year,Yes,Credit card (automatic),91.87,3975.17,No
CUST-100641,Female,0,No,Yes,0,Yes,No,No,No internet service,No internet service,No internet service,No internet service,No internet service,No internet service,One year,Yes,Credit card (automatic),21.33,23.03,Yes
CUST-100642,Female,0,Yes,Yes,19,Yes,Yes,Fiber optic,Yes,Yes,No,Yes,Yes,Yes,Month-to-month,Yes,Mailed check,104.3,1963.29,No
CUST-100643,Male,0,No,No,46,Yes,No,No,No internet service,No internet service,No internet service,No internet service,No internet service,No internet service,Month-to-month,Yes,Credit card (automatic),20.76,963.81,No
CUST-100644,Female,0,Yes,No,43,Yes,No,Fiber optic,No,Yes,Yes,No,No,Yes,Month-to-month,No,Electronic check,97.45,4159.06,No
CUST-100645,Male,1,No,No,0,Yes,Yes,Fiber optic,Yes,Yes,No,No,Yes,Yes,Two year,Yes,Electronic check,105.59,0.0,Yes
CUST-100646,Male,0,No,Yes,21,Yes,No,Fiber optic,No,No,No,No,Yes,Yes,Month-to-month,No,Bank transfer (automatic),90.96,1892.3,No
CUST-100647,Female,1,No,Yes,57,Yes,No,DSL,No,No,No,No,Yes,No,Month-to-month,No,Bank transfer (automatic),55.53,3164.15,No
CUST-100648,Female,0,No,No,26,Yes,Yes,No,No internet service,No internet service,No internet service,No internet service,No internet service,No internet service,One year,Yes,Electronic check,32.67,836.36,No
CUST-100649,Female,0,Yes,Yes,69,Yes,No,Fiber optic,No,No,Yes,No,No,Yes,One year,Yes,Electronic check,91.76,6340.46,No
CUST-100650,Male,0,No,No,31,Yes,No,No,No internet service,No internet service,No internet service,No internet service,No internet service,No internet service,Month-to-month,Yes,Mailed check,25.52,790.81,No
CUST-100651,Female,0,Yes,No,36,Yes,No,Fiber optic,No,No,No,No,No,No,Month-to-month,Yes,Electronic check,82.75,3001.28,Yes
CUST-100652,Male,0,Yes,No,13,Yes,No,No,No internet service,No internet service,No internet service,No internet service,No internet service,No internet service,Month-to-month,No,Mailed check,28.55,382.06,No
CUST-100653,Female,0,Yes,No,72,Yes,Yes,DSL,No,Yes,Yes,Yes,No,Yes,One year,No,Mailed check,76.27,5470.67,No
CUST-100654,Female,0,Yes,No,25,Yes,No,No,No internet service,No internet service,No internet service,No internet service,No internet service,No internet service,Month-to-month,No,Credit card (automatic),23.83,613.76,No
CUST-100655,Female,1,Yes,No,47,Yes,Yes,DSL,No,Yes,No,Yes,No,Yes,One year,No,Electronic check,64.94,3034.94,No
CUST-100656,Female,0,Yes,No,1,Yes,No,Fiber optic,No,No,No,No,No,Yes,Month-to-month,Yes,Electronic check,79.72,87.95,Yes
CUST-100657,Female,0,No,Yes,58,Yes,No,DSL,Yes,Yes,No,No,Yes,No,Two year,No,Electronic check,79.33,4591.29,No
CUST-100658,Male,0,Yes,Yes,10,No,No phone service,Fiber optic,No,Yes,Yes,Yes,No,Yes,Two year,Yes,Electronic check,88.69,913.38,Yes
CUST-100659,Male,0,Yes,No,3,Yes,Yes,Fiber optic,Yes,No,Yes,Yes,Yes,Yes,Month-to-month,Yes,Bank transfer (automatic),108.26,339.4,No
CUST-100660,Male,0,No,No,11,Yes,No,No,No internet service,No internet service,No internet service,No internet service,No internet service,No internet service,Month-to-month,Yes,Mailed check,29.84,314.39,No
CUST-100661,Female,0,No,No,14,Yes,No,No,No internet service,No internet service,No internet service,No internet service,No internet service,No internet service,Month-to-month,Yes,Electronic check,27.92,383.16,No
CUST-100662,Male,0,Yes,Yes,15,Yes,No,Fiber optic,Yes,No,Yes,No,No,Yes,Two year,No,Credit card (automatic),94.38,1481.09,No
CUST-100663,Male,0,Yes,Yes,5,Yes,No,No,No internet service,No internet service,No internet service,No internet service,No internet service,No internet service,Month-to-month,No,Bank transfer (automatic),27.29,111.23,Yes
CUST-100664,Female,1,No,No,4,Yes,No,Fiber optic,No,Yes,No,Yes,No,Yes,One year,Yes,Electronic check,97.92,377.28,No
CUST-100665,Female,0,No,No,18,Yes,Yes,Fiber optic,Yes,No,Yes,No,Yes,No,Month-to-month,Yes,Electronic check,90.84,1621.7,No
CUST-100666,Female,1,Yes,No,3,Yes,Yes,Fiber optic,No,Yes,No,No,Yes,No,Month-to-month,Yes,Credit card (automatic),89.24,244.54,Yes
CUST-100667,Female,0,No,No,42,Yes,Yes,DSL,No,No,Yes,Yes,Yes,Yes,One year,No,Bank transfer (automatic),68.79,2868.1,No
CUST-100668,Female,0,Yes,Yes,36,Yes,No,DSL,No,No,No,No,No,Yes,One year,Yes,Credit card (automatic),53.55,1925.63,No
CUST-100669,Male,0,Yes,No,26,Yes,No,Fiber optic,No,No,No,No,Yes,Yes,Two year,Yes,Electronic check,88.81,2318.59,No
CUST-100670,Female,0,No,No,13,Yes,Yes,Fiber optic,Yes,Yes,Yes,Yes,No,No,Two year,Yes,Bank transfer (automatic),100.41,1273.47,No
CUST-100671,Female,0,No,No,1,Yes,Yes,Fiber optic,Yes,No,No,No,Yes,Yes,One year,No,Electronic check,97.91,87.88,No
CUST-100672,Female,0,No,No,6,Yes,Yes,No,No internet service,No internet service,No internet service,No internet service,No internet service,No internet service,Month-to-month,No,Electronic check,30.79,168.66,Yes
CUST-100673,Male,0,Yes,No,1,Yes,No,DSL,Yes,Yes,No,No,No,No,Two year,Yes,Bank transfer (automatic),64.54,41.13,No
CUST-100674,Female,0,Yes,Yes,8,Yes,Yes,No,No internet service,No internet service,No internet service,No internet service,No internet service,No internet service,Two year,Yes,Bank transfer (automatic),29.04,252.24,No
CUST-100675,Female,0,Yes,No,45,Yes,No,No,No internet service,No internet service,No internet service,No internet service,No internet service,No internet service,Two year,Yes,Electronic check,24.22,1074.6,No
CUST-100676,Female,0,Yes,No,4,Yes,No,Fiber optic,No,No,No,No,No,Yes,Two year,No,Electronic check,86.3,317.8,No
CUST-100677,Male,0,Yes,No,59,Yes,No,Fiber optic,No,No,No,No,Yes,Yes,Month-to-month,Yes,Bank transfer (automatic),95.02,5623.78,No
CUST-100678,Female,0,No,No,12,Yes,No,DSL,Yes,Yes,Yes,No,No,No,One year,No,Electronic check,75.8,934.62,No
CUST-100679,Female,1,No,No,2,Yes,Yes,No,No internet service,No internet service,No internet service,No internet service,No internet service,No internet service,One year,No,Electronic check,26.62,57.99,No
CUST-100680,Female,0,No,Yes,2,Yes,Yes,Fiber optic,Yes,No,Yes,Yes,Yes,No,Month-to-month,Yes,Electronic check,102.93,187.04,Yes
CUST-100681,Male,1,Yes,No,21,Yes,Yes,No,No internet service,No internet service,No internet service,No internet service,No internet service,No internet service,One year,Yes,Electronic check,27.5,571.95,No
CUST-100682,Female,0,Yes,No,20,Yes,No,DSL,Yes,Yes,No,No,Yes,No,Month-to-month,Yes,Credit card (automatic),68.19,1350.7,Yes
CUST-100683,Female,0,No,Yes,12,Yes,Yes,Fiber optic,No,No,No,No,Yes,No,Month-to-month,Yes,Electronic check,89.48,1072.77,Yes
CUST-100684,Male,0,Yes,No,2,Yes,Yes,Fiber optic,Yes,No,Yes,No,Yes,No,Month-to-month,No,Mailed check,102.57,219.46,Yes
CUST-100685,Female,0,No,No,26,Yes,Yes,Fiber optic,No,No,Yes,Yes,No,No,One year,No,Bank transfer (automatic),88.05,2288.8,No
CUST-100686,Male,0,Yes,No,13,Yes,No,Fiber optic,Yes,No,No,Yes,No,Yes,One year,Yes,Electronic check,93.27,1212.44,No
CUST-100687,Female,0,No,No,4,Yes,Yes,DSL,Yes,No,No,No,No,No,Month-to-month,No,Bank transfer (automatic),59.87,229.22,Yes
CUST-100688,Male,0,No,No,4,Yes,Yes,DSL,No,No,No,No,Yes,No,Month-to-month,Yes,Electronic check,62.12,261.78,No
CUST-100689,Female,1,No,No,10,Yes,Yes,DSL,No,No,Yes,No,No,No,One year,Yes,Credit card (automatic),65.87,666.07,No
CUST-100690,Female,0,No,No,4,Yes,No,DSL,Yes,Yes,No,Yes,No,No,Month-to-month,No,Credit card (automatic),70.97,247.12,No
CUST-100691,Female,0,No,No,36,Yes,Yes,DSL,Yes,No,No,No,Yes,Yes,Month-to-month,Yes,Credit card (automatic),70.27,2494.09,No
CUST-100692,Female,0,Yes,Yes,19,Yes,No,DSL,Yes,Yes,No,No,No,No,Month-to-month,Yes,Mailed check,68.1,1287.27,Yes
CUST-100693,Female,0,No,No,34,Yes,No,Fiber optic,No,Yes,Yes,No,No,No,Two year,No,Credit card (automatic),90.1,3082.81,No
CUST-100694,Male,0,No,No,31,Yes,No,Fiber optic,No,No,Yes,No,No,No,Month-to-month,Yes,Bank transfer (automatic),85.74,2681.27,Yes
CUST-100695,Male,0,No,No,62,Yes,Yes,No,No internet service,No internet service,No internet service,No internet service,No internet service,No internet service,One year,No,Mailed check,29.78,1861.62,No
CUST-100696,Female,0,Yes,No,10,Yes,No,Fiber optic,No,Yes,Yes,Yes,No,Yes,Two year,Yes,Electronic check,104.03,1037.29,No
CUST-100697,Female,0,Yes,Yes,10,Yes,Yes,DSL,No,No,No,Yes,Yes,No,Month-to-month,Yes,Electronic check,67.76,706.9,Yes
CUST-100698,Male,0,No,No,14,Yes,Yes,Fiber optic,No,Yes,Yes,Yes,No,Yes,Two year,No,Electronic check,98.98,1371.27,Yes
CUST-100699,Male,0,No,Yes,8,Yes,Yes,Fiber optic,Yes,No,Yes,No,No,No,Month-to-month,Yes,Electronic check,87.54,693.5,No
CUST-100700,Female,0,Yes,Yes,17,Yes,No,DSL,Yes,Yes,Yes,Yes,No,No,Month-to-month,Yes,Credit card (automatic),71.54,1187.76,No
CUST-100701,Female,1,Yes,No,26,Yes,Yes,Fiber optic,No,Yes,No,Yes,Yes,No,Month-to-month,Yes,Credit card (automatic),97.37,2524.71,Yes
CUST-100702,Male,1,Yes,Yes,13,Yes,No,No,No internet service,No internet service,No internet service,No internet service,No internet service,No internet service,One year,Yes,Electronic check,28.32,350.93,No
CUST-100703,Male,0,Yes,No,39,Yes,Yes,Fiber optic,No,No,Yes,No,Yes,No,Two year,Yes,Credit card (automatic),88.74,3491.62,No
CUST-100704,Male,0,Yes,No,9,Yes,No,No,No internet service,No internet service,No internet service,No internet service,No internet service,No internet service,One year,Yes,Bank transfer (automatic),27.27,272.25,No
CUST-100705,Female,0,Yes,No,1,Yes,Yes,DSL,Yes,No,No,No,Yes,No,One year,Yes,Mailed check,65.99,67.26,No
CUST-100706,Male,0,Yes,No,62,Yes,No,DSL,No,Yes,No,No,Yes,Yes,Month-to-month,Yes,Credit card (automatic),66.88,4155.9,No
CUST-100707,Female,0,No,No,41,Yes,Yes,DSL,No,No,No,No,No,Yes,Two year,No,Bank transfer (automatic),65.1,2657.02,No
CUST-100708,Male,0,Yes,No,21,Yes,Yes,Fiber optic,No,No,No,Yes,No,No,Month-to-month,No,Bank transfer (automatic),84.39,1721.46,No
CUST-100709,Male,0,Yes,No,5,Yes,No,Fiber optic,No,No,No,Yes,No,Yes,Month-to-month,Yes,Electronic check,88.55,427.5,No
CUST-100710,Female,1,Yes,No,6,Yes,Yes,Fiber optic,No,Yes,Yes,No,Yes,No,Two year,No,Electronic check,97.36,599.12,No
CUST-100711,Female,0,Yes,No,32,Yes,Yes,No,No internet service,No internet service,No internet service,No internet service,No internet service,No internet service,Month-to-month,No,Credit card (automatic),25.97,839.8,No
CUST-100712,Female,1,No,No,72,Yes,No,Fiber optic,No,No,Yes,No,No,No,Month-to-month,No,Electronic check,79.97,5750.0,Yes
CUST-100713,Female,0,No,No,29,No,No phone service,DSL,No,Yes,Yes,No,No,No,Month-to-month,No,Electronic check,55.5,1624.29,Yes
CUST-100714,Female,1,Yes,Yes,37,Yes,No,Fiber optic,No,Yes,No,No,No,No,Month-to-month,Yes,Electronic check,88.72,3273.22,No
CUST-100715,Female,0,Yes,Yes,7,Yes,Yes,DSL,No,Yes,Yes,No,Yes,Yes,Two year,Yes,Mailed check,79.12,531.01,No
CUST-100716,Female,0,Yes,No,32,Yes,No,Fiber optic,No,Yes,No,No,No,No,Month-to-month,No,Mailed check,79.9,2571.59,No
CUST-100717,Male,1,Yes,No,11,No,No phone service,No,No internet service,No internet service,No internet service,No internet service,No internet service,No internet service,Two year,Yes,Credit card (automatic),18.59,192.25,No
CUST-100718,Male,1,Yes,No,48,Yes,Yes,Fiber optic,No,No,No,Yes,No,No,Month-to-month,No,Mailed check,86.4,4167.73,No
CUST-100719,Female,0,Yes,No,26,Yes,No,DSL,No,No,No,No,No,No,One year,No,Credit card (automatic),54.62,1380.17,No
CUST-100720,Male,0,Yes,No,11,Yes,No,Fiber optic,Yes,No,Yes,No,Yes,Yes,One year,Yes,Bank transfer (automatic),106.84,1163.85,Yes
CUST-100721,Female,0,No,No,23,Yes,No,DSL,No,No,No,Yes,Yes,Yes,One year,Yes,Mailed check,75.57,1750.05,No
CUST-100722,Female,0,Yes,No,9,Yes,Yes,DSL,No,No,No,No,No,No,Month-to-month,No,Electronic check,56.08,514.6,No
CUST-100723,Male,0,Yes,No,4,Yes,Yes,Fiber optic,No,No,Yes,No,No,Yes,One year,Yes,Electronic check,98.05,387.78,Yes
CUST-100724,Female,1,No,Yes,47,Yes,No,DSL,No,No,Yes,Yes,No,No,One year,No,Credit card (automatic),56.59,2665.48,No
CUST-100725,Male,0,Yes,Yes,24,Yes,No,DSL,No,No,No,No,Yes,Yes,Two year,No,Bank transfer (automatic),78.63,1889.92,No
CUST-100726,Female,0,Yes,No,7,Yes,No,Fiber optic,Yes,Yes,No,No,Yes,No,Month-to-month,Yes,Mailed check,99.75,668.47,No
CUST-100727,Male,0,Yes,Yes,4,Yes,Yes,Fiber optic,No,Yes,Yes,Yes,No,No,Month-to-month,Yes,Credit card (automatic),102.5,402.73,Yes
CUST-100728,Male,0,Yes,No,19,Yes,Yes,Fiber optic,Yes,No,Yes,No,No,No,One year,Yes,Credit card (automatic),83.07,1582.88,No
CUST-100729,Female,0,Yes,No,1,Yes,No,No,No internet service,No internet service,No internet service,No internet service,No internet service,No internet service,Month-to-month,No,Electronic check,29.53,39.65,Yes
CUST-100730,Female,0,No,Yes,5,Yes,Yes,DSL,Yes,No,No,No,No,No,Month-to-month,Yes,Bank transfer (automatic),58.64,291.9,No
CUST-100731,Male,0,No,Yes,10,Yes,No,DSL,Yes,Yes,No,No,No,No,Two year,Yes,Credit card (automatic),66.53,654.26,No
CUST-100732,Female,0,Yes,No,40,Yes,No,No,No internet service,No internet service,No internet service,No internet service,No internet service,No internet service,Month-to-month,Yes,Credit card (automatic),29.88,1168.51,No
CUST-100733,Female,1,Yes,No,9,Yes,No,DSL,No,Yes,No,Yes,No,No,Month-to-month,Yes,Electronic check,64.43,594.93,Yes
CUST-100734,Male,0,No,No,40,Yes,Yes,No,No internet service,No internet service,No internet service,No internet service,No internet service,No internet service,One year,Yes,Electronic check,31.12,1257.66,No
CUST-100735,Female,1,No,Yes,44,Yes,Yes,Fiber optic,Yes,No,Yes,No,No,No,Month-to-month,Yes,Mailed check,86.57,3828.82,No
CUST-100736,Female,0,Yes,No,63,Yes,No,Fiber optic,Yes,No,No,No,Yes,Yes,Month-to-month,No,Electronic check,96.94,6085.65,Yes
CUST-100737,Male,0,Yes,No,12,Yes,No,DSL,No,No,No,Yes,No,No,Month-to-month,Yes,Electronic check,59.81,720.16,No
CUST-100738,Female,0,Yes,No,3,Yes,Yes,Fiber optic,No,No,No,Yes,No,No,Month-to-month,No,Bank transfer (automatic),80.93,228.94,No
CUST-100739,Female,0,No,No,11,Yes,No,No,No internet service,No internet service,No internet service,No internet service,No internet service,No internet service,Month-to-month,No,Mailed check,27.5,303.43,No
CUST-100740,Female,0,Yes,Yes,21,Yes,Yes,DSL,No,No,No,No,No,No,Two year,No,Electronic check,47.24,1050.17,No
CUST-100741,Female,0,Yes,No,22,Yes,No,Fiber optic,No,No,Yes,Yes,No,No,Month-to-month,No,Bank transfer (automatic),87.22,1936.91,No
CUST-100742,Female,0,Yes,No,5,Yes,Yes,No,No internet service,No internet service,No internet service,No internet service,No internet service,No internet service,Month-to-month,Yes,Electronic check,24.29,106.34,No
CUST-100743,Male,0,Yes,No,11,Yes,No,Fiber optic,Yes,No,No,No,Yes,Yes,One year,Yes,Mailed check,98.87,1082.52,No
CUST-100744,Female,0,Yes,No,7,Yes,No,DSL,No,Yes,No,Yes,Yes,No,Month-to-month,Yes,Credit card (automatic),66.66,459.38,Yes
CUST-100745,Male,0,No,Yes,21,Yes,Yes,Fiber optic,No,No,No,No,No,No,Month-to-month,Yes,Credit card (automatic),77.92,1638.8,Yes
CUST-100746,Female,0,No,Yes,8,Yes,Yes,Fiber optic,No,No,No,No,No,Yes,Month-to-month,Yes,Electronic check,89.6,686.32,No
CUST-100747,Male,0,Yes,Yes,6,Yes,No,DSL,Yes,No,No,No,Yes,Yes,Month-to-month,Yes,Credit card (automatic),71.62,436.19,No
CUST-100748,Male,0,Yes,No,17,Yes,Yes,No,No internet service,No internet service,No internet service,No internet service,No internet service,No internet service,Month-to-month,Yes,Credit card (automatic),24.27,370.24,Yes
CUST-100749,Male,0,No,Yes,8,Yes,No,DSL,No,No,Yes,No,No,No,Month-to-month,No,Bank transfer (automatic),60.13,447.59,Yes
CUST-100750,Female,0,Yes,No,2,Yes,No,No,No internet service,No internet service,No internet service,No internet service,No internet service,No internet service,Two year,Yes,Credit card (automatic),31.65,103.33,No
CUST-100751,Male,0,Yes,Yes,36,Yes,Yes,DSL,No,Yes,Yes,Yes,Yes,Yes,Two year,Yes,Electronic check,84.7,3041.98,No
CUST-100752,Male,0,Yes,No,4,Yes,No,DSL,No,No,No,No,No,No,Two year,Yes,Electronic check,51.14,233.08,No
CUST-100753,Female,0,No,No,1,Yes,No,Fiber optic,Yes,No,Yes,No,No,No,Month-to-month,Yes,Credit card (automatic),84.48,68.28,Yes
CUST-100754,Female,1,No,No,16,Yes,Yes,DSL,No,Yes,No,No,No,No,One year,Yes,Mailed check,56.67,864.69,No
CUST-100755,Male,0,No,Yes,6,Yes,Yes,DSL,Yes,Yes,Yes,No,Yes,Yes,One year,Yes,Mailed check,82.76,475.55,No
CUST-100756,Female,1,No,No,1,No,No phone service,DSL,No,No,Yes,No,Yes,Yes,Month-to-month,Yes,Electronic check,58.1,111.86,No
CUST-100757,Male,0,Yes,Yes,11,Yes,No,No,No internet service,No internet service,No internet service,No internet service,No internet service,No internet service,Two year,No,Electronic check,24.07,236.56,No
CUST-100758,Male,0,Yes,No,9,Yes,No,DSL,Yes,Yes,Yes,No,Yes,No,One year,No,Electronic check,80.0,755.53,No
CUST-100759,Female,0,Yes,No,72,Yes,No,Fiber optic,No,No,No,No,Yes,Yes,Month-to-month,Yes,Electronic check,94.83,6834.66,No
CUST-100760,Male,0,No,No,47,No,No phone service,Fiber optic,No,No,Yes,No,Yes,No,Two year,Yes,Credit card (automatic),86.91,4087.17,Yes
CUST-100761,Female,1,No,Yes,23,No,No phone service,Fiber optic,No,No,No,Yes,No,No,Month-to-month,No,Electronic check,79.06,1803.41,Yes
CUST-100762,Female,0,Yes,No,17,No,No phone service,Fiber optic,No,No,Yes,No,No,No,Month-to-month,No,Credit card (automatic),72.75,1218.73,Yes
CUST-100763,Female,0,No,No,40,Yes,Yes,DSL,No,No,No,No,Yes,Yes,Month-to-month,No,Electronic check,67.81,2723.68,No
CUST-100764,Male,0,Yes,No,34,No,No phone service,No,No internet service,No internet service,No internet service,No internet service,No internet service,No internet service,Month-to-month,Yes,Electronic check,23.87,837.97,No
CUST-100765,Female,0,Yes,No,13,Yes,Yes,No,No internet service,No internet service,No internet service,No internet service,No internet service,No internet service,Two year,Yes,Credit card (automatic),31.03,407.32,No
CUST-100766,Female,0,Yes,No,43,Yes,No,No,No internet service,No internet service,No internet service,No internet service,No internet service,No internet service,One year,Yes,Electronic check,31.95,1388.64,No
CUST-100767,Male,0,No,Yes,24,Yes,Yes,Fiber optic,Yes,No,No,No,No,No,Month-to-month,No,Electronic check,82.95,1982.29,No
CUST-100768,Male,0,No,No,72,Yes,Yes,No,No internet service,No internet service,No internet service,No internet service,No internet service,No internet service,One year,Yes,Credit card (automatic),28.57,2100.5,No
CUST-100769,Male,1,No,No,20,Yes,No,No,No internet service,No internet service,No internet service,No internet service,No internet service,No internet service,Two year,No,Electronic check,26.98,544.37,No
CUST-100770,Female,0,No,No,41,Yes,Yes,Fiber optic,No,No,No,No,Yes,Yes,Two year,Yes,Electronic check,93.79,3886.05,No
CUST-100771,Female,0,No,Yes,72,Yes,Yes,No,No internet service,No internet service,No internet service,No internet service,No internet service,No internet service,Two year,No,Credit card (automatic),25.26,1799.42,No
CUST-100772,Male,0,No,No,58,Yes,Yes,DSL,No,Yes,No,No,No,No,Two year,Yes,Mailed check,57.7,3345.7,No
CUST-100773,Female,1,No,No,38,Yes,Yes,DSL,No,No,No,Yes,No,Yes,One year,Yes,Bank transfer (automatic),65.36,2505.11,No
CUST-100774,Female,1,Yes,Yes,33,Yes,Yes,Fiber optic,Yes,No,No,No,No,No,Month-to-month,Yes,Electronic check,81.17,2681.45,Yes
CUST-100775,Female,0,No,No,22,Yes,Yes,Fiber optic,No,No,Yes,No,Yes,No,Two year,No,Electronic check,93.16,2059.87,No
CUST-100776,Male,0,No,No,22,Yes,No,Fiber optic,No,No,Yes,No,No,Yes,Month-to-month,Yes,Mailed check,84.36,1836.36,No
CUST-100777,Male,0,No,No,5,Yes,Yes,Fiber optic,No,Yes,No,Yes,Yes,Yes,Month-to-month,Yes,Bank transfer (automatic),105.35,518.64,Yes
CUST-100778,Male,1,Yes,No,19,Yes,Yes,Fiber optic,No,No,No,Yes,No,No,Month-to-month,No,Electronic check,79.31,1489.38,No
CUST-100779,Female,0,No,No,16,No,No phone service,No,No internet service,No internet service,No internet service,No internet service,No internet service,No internet service,Month-to-month,No,Credit card (automatic),18.0,286.29,Yes
CUST-100780,Female,0,No,No,15,Yes,No,Fiber optic,No,No,No,No,Yes,No,One year,No,Bank transfer (automatic),82.95,1240.48,No
CUST-100781,Female,0,Yes,No,1,Yes,No,DSL,Yes,No,No,No,No,Yes,Two year,No,Mailed check,67.88,57.3,Yes
CUST-100782,Male,0,No,No,10,Yes,Yes,Fiber optic,No,No,Yes,No,No,No,Month-to-month,Yes,Mailed check,72.97,742.35,No
CUST-100783,Male,0,Yes,No,28,Yes,No,Fiber optic,Yes,No,Yes,No,No,Yes,One year,No,Bank transfer (automatic),95.67,2657.46,No
CUST-100784,Male,0,Yes,Yes,12,Yes,No,No,No internet service,No internet service,No internet service,No internet service,No internet service,No internet service,Month-to-month,Yes,Bank transfer (automatic),28.18,295.18,No
CUST-100785,Female,0,Yes,Yes,19,Yes,No,DSL,No,No,No,No,No,No,One year,No,Electronic check,49.12,921.85,No
CUST-100786,Male,1,No,No,7,No,No phone service,DSL,Yes,Yes,No,No,No,No,Month-to-month,No,Credit card (automatic),55.73,433.16,No
CUST-100787,Female,0,No,No,7,Yes,No,No,No internet service,No internet service,No internet service,No internet service,No internet service,No internet service,Month-to-month,Yes,Mailed check,23.15,172.25,No
CUST-100788,Female,0,Yes,No,2,No,No phone service,DSL,No,No,No,No,Yes,No,One year,Yes,Credit card (automatic),52.82,88.72,No
CUST-100789,Male,0,No,Yes,28,Yes,No,Fiber optic,Yes,No,No,No,Yes,Yes,Month-to-month,No,Credit card (automatic),94.0,2640.9,No
CUST-100790,Male,1,Yes,No,1,Yes,No,DSL,Yes,Yes,Yes,Yes,No,No,Month-to-month,No,Electronic check,80.2,77.52,No
CUST-100791,Male,0,Yes,No,6,Yes,No,Fiber optic,No,No,Yes,No,Yes,No,Month-to-month,No,Mailed check,93.45,568.45,No
CUST-100792,Female,0,No,No,5,Yes,No,No,No internet service,No internet service,No internet service,No internet service,No internet service,No internet service,Month-to-month,No,Mailed check,28.99,162.56,No
CUST-100793,Female,0,No,Yes,14,Yes,Yes,Fiber optic,Yes,No,Yes,No,No,Yes,One year,Yes,Mailed check,91.18,1280.39,Yes
CUST-100794,Male,0,No,No,6,Yes,No,DSL,Yes,Yes,Yes,No,Yes,No,Month-to-month,Yes,Credit card (automatic),73.9,445.81,No
CUST-100795,Male,0,No,No,45,Yes,No,Fiber optic,No,No,No,No,Yes,Yes,Month-to-month,Yes,Electronic check,93.06,4217.43,Yes
CUST-100796,Female,0,No,No,12,Yes,Yes,DSL,No,No,No,No,Yes,No,Two year,Yes,Bank transfer (automatic),61.97,754.43,No
CUST-100797,Male,0,Yes,Yes,11,Yes,Yes,DSL,Yes,Yes,No,Yes,No,No,One year,Yes,Credit card (automatic),69.59,769.39,No
CUST-100798,Male,0,Yes,Yes,18,Yes,No,Fiber optic,No,Yes,No,Yes,Yes,No,Month-to-month,No,Credit card (automatic),96.9,1745.04,Yes
CUST-100799,Male,0,Yes,No,16,Yes,No,Fiber optic,Yes,No,Yes,No,Yes,Yes,One year,Yes,Electronic check,104.37,1658.6,Yes
CUST-100800,Male,1,No,No,2,Yes,No,Fiber optic,No,No,No,No,Yes,No,Month-to-month,No,Credit card (automatic),85.32,145.73,No
CUST-100801,Male,0,No,No,47,Yes,No,Fiber optic,Yes,No,Yes,Yes,Yes,No,Month-to-month,No,Electronic check,101.37,4777.8,Yes
CUST-100802,Female,0,No,Yes,13,Yes,Yes,Fiber optic,No,No,Yes,No,Yes,No,One year,Yes,Mailed check,87.45,1162.38,No
CUST-100803,Female,0,Yes,No,43,No,No phone service,Fiber optic,No,No,No,No,No,No,Month-to-month,No,Electronic check,65.75,2835.81,Yes
CUST-100804,Female,0,Yes,No,39,Yes,No,No,No internet service,No internet service,No internet service,No internet service,No internet service,No internet service,Month-to-month,No,Bank transfer (automatic),35.39,1391.53,No
CUST-100805,Female,0,No,Yes,14,Yes,No,DSL,No,Yes,No,No,No,Yes,Two year,Yes,Electronic check,67.66,929.5,No
CUST-100806,Female,0,No,No,22,Yes,Yes,No,No internet service,No internet service,No internet service,No internet service,No internet service,No internet service,One year,Yes,Electronic check,35.22,762.92,No
CUST-100807,Male,0,Yes,No,1,Yes,Yes,Fiber optic,No,No,Yes,Yes,Yes,Yes,Two year,Yes,Electronic check,101.9,76.26,No
CUST-100808,Male,0,Yes,No,1,Yes,No,Fiber optic,No,Yes,No,Yes,Yes,No,Two year,No,Credit card (automatic),105.64,100.65,No
CUST-100809,Female,1,Yes,No,6,Yes,No,Fiber optic,No,Yes,No,No,Yes,No,Month-to-month,Yes,Bank transfer (automatic),91.32,567.58,Yes
CUST-100810,Male,1,Yes,No,24,Yes,No,Fiber optic,Yes,No,Yes,Yes,Yes,Yes,One year,Yes,Bank transfer (automatic),112.58,2687.97,No
CUST-100811,Female,0,Yes,No,16,Yes,No,Fiber optic,Yes,No,No,No,Yes,No,Month-to-month,No,Bank transfer (automatic),91.13,1456.59,No
CUST-100812,Female,0,Yes,Yes,45,Yes,No,No,No internet service,No internet service,No internet service,No internet service,No internet service,No internet service,One year,No,Mailed check,28.66,1303.75,No
CUST-100813,Male,0,No,No,15,Yes,Yes,No,No internet service,No internet service,No internet service,No internet service,No internet service,No internet service,Month-to-month,No,Electronic check,27.54,437.26,Yes
CUST-100814,Female,0,Yes,Yes,8,Yes,Yes,Fiber optic,No,Yes,Yes,No,No,Yes,Month-to-month,No,Electronic check,93.03,711.3,Yes
CUST-100815,Female,0,Yes,No,23,Yes,No,Fiber optic,Yes,Yes,No,No,Yes,Yes,Month-to-month,Yes,Mailed check,107.92,2472.63,No
CUST-100816,Male,0,Yes,No,6,Yes,No,Fiber optic,Yes,No,No,No,Yes,No,One year,Yes,Credit card (automatic),90.96,530.99,No
CUST-100817,Male,0,No,No,15,Yes,No,Fiber optic,No,Yes,No,No,No,Yes,Month-to-month,No,Electronic check,94.32,1397.27,No
CUST-100818,Female,0,Yes,No,42,Yes,Yes,DSL,Yes,No,No,No,Yes,Yes,One year,Yes,Bank transfer (automatic),77.62,3252.38,No
CUST-100819,Female,1,Yes,No,55,No,No phone service,DSL,Yes,Yes,Yes,Yes,No,No,Two year,Yes,Credit card (automatic),69.66,3792.35,No
CUST-100820,Male,0,Yes,Yes,1,Yes,No,Fiber optic,No,No,Yes,Yes,No,Yes,One year,No,Credit card (automatic),96.68,89.33,No
CUST-100821,Female,0,No,No,25,Yes,No,DSL,No,Yes,No,No,Yes,Yes,Month-to-month,Yes,Electronic check,67.96,1699.7,Yes
CUST-100822,Male,0,No,Yes,44,No,No phone service,Fiber optic,Yes,No,Yes,Yes,No,No,Month-to-month,Yes,Credit card (automatic),82.72,3618.82,No
CUST-100823,Female,0,Yes,No,2,No,No phone service,DSL,No,Yes,Yes,Yes,Yes,Yes,Two year,Yes,Bank transfer (automatic),74.9,140.17,No
CUST-100824,Female,0,Yes,No,14,Yes,No,DSL,Yes,No,No,No,Yes,Yes,One year,No,Mailed check,74.05,1037.09,No
CUST-100825,Male,1,Yes,Yes,4,Yes,No,Fiber optic,No,No,Yes,No,No,No,Month-to-month,Yes,Bank transfer (automatic),87.27,351.48,Yes
CUST-100826,Female,0,No,No,13,Yes,No,Fiber optic,No,Yes,No,No,No,No,Two year,Yes,Electronic check,87.54,1105.33,No
CUST-100827,Female,0,No,No,63,Yes,Yes,No,No internet service,No internet service,No internet service,No internet service,No internet service,No internet service,Month-to-month,No,Credit card (automatic),27.42,1741.47,No
CUST-100828,Female,0,Yes,No,6,Yes,No,DSL,No,No,No,No,Yes,No,Month-to-month,No,Bank transfer (automatic),70.72,438.81,Yes
CUST-100829,Male,0,Yes,No,14,No,No phone service,DSL,No,Yes,No,No,Yes,Yes,Month-to-month,Yes,Credit card (automatic),64.6,889.55,No
CUST-100830,Male,0,No,Yes,37,Yes,No,DSL,No,No,No,Yes,No,No,Month-to-month,Yes,Credit card (automatic),56.93,2139.97,No
CUST-100831,Male,0,No,No,9,Yes,Yes,Fiber optic,No,Yes,No,No,No,No,Month-to-month,Yes,Bank transfer (automatic),78.63,716.79,No
CUST-100832,Male,0,Yes,Yes,5,Yes,No,DSL,No,No,No,No,No,Yes,One year,Yes,Electronic check,54.76,280.03,No
CUST-100833,Male,0,Yes,No,25,Yes,Yes,Fiber optic,No,No,No,No,No,Yes,Month-to-month,Yes,Electronic check,81.28,2045.66,No
CUST-100834,Female,0,Yes,Yes,12,Yes,Yes,DSL,No,No,No,No,No,No,One year,Yes,Credit card (automatic),57.05,663.94,No
CUST-100835,Female,0,No,No,19,Yes,Yes,No,No internet service,No internet service,No internet service,No internet service,No internet service,No internet service,Two year,Yes,Bank transfer (automatic),30.97,581.36,No
CUST-100836,Female,1,No,No,17,Yes,No,Fiber optic,No,No,No,No,No,Yes,Two year,Yes,Credit card (automatic),82.47,1414.34,No
CUST-100837,Male,0,No,Yes,2,Yes,Yes,Fiber optic,No,Yes,No,No,Yes,No,Month-to-month,Yes,Mailed check,91.4,166.84,No
CUST-100838,Male,0,No,No,68,Yes,No,DSL,Yes,Yes,No,No,Yes,Yes,One year,No,Mailed check,82.23,5584.59,No
CUST-100839,Female,0,Yes,No,14,Yes,Yes,DSL,No,Yes,No,No,No,Yes,Month-to-month,Yes,Credit card (automatic),57.87,822.2,Yes
CUST-100840,Male,0,Yes,Yes,7,Yes,No,Fiber optic,No,No,No,Yes,No,No,One year,Yes,Bank transfer (automatic),90.09,636.83,No
CUST-100841,Female,0,Yes,No,14,Yes,No,Fiber optic,Yes,Yes,No,No,No,No,Month-to-month,Yes,Mailed check,92.21,1291.36,No
CUST-100842,Female,0,No,No,8,Yes,Yes,Fiber optic,No,No,No,Yes,No,Yes,One year,No,Electronic check,94.24,755.17,No
CUST-100843,Male,0,No,No,15,Yes,Yes,DSL,No,No,Yes,No,No,No,Month-to-month,Yes,Credit card (automatic),61.81,923.65,No
CUST-100844,Male,0,Yes,No,20,Yes,Yes,DSL,No,Yes,Yes,Yes,Yes,No,One year,Yes,Bank transfer (automatic),66.83,1353.66,No
CUST-100845,Male,0,Yes,No,2,Yes,Yes,No,No internet service,No internet service,No internet service,No internet service,No internet service,No internet service,Month-to-month,No,Mailed check,27.13,96.06,No
CUST-100846,Male,1,No,No,52,No,No phone service,DSL,No,Yes,No,Yes,No,Yes,Month-to-month,No,Mailed check,68.03,3543.41,No
CUST-100847,Male,0,No,Yes,2,Yes,No,DSL,No,No,Yes,No,No,No,One year,No,Electronic check,56.97,139.58,No
CUST-100848,Female,0,No,Yes,4,Yes,No,Fiber optic,No,No,Yes,No,No,No,Month-to-month,Yes,Mailed check,84.97,331.15,No
CUST-100849,Female,0,Yes,Yes,65,Yes,Yes,DSL,Yes,No,Yes,Yes,No,Yes,One year,Yes,Electronic check,80.79,5237.72,No
CUST-100850,Female,0,No,No,13,Yes,Yes,Fiber optic,No,Yes,No,No,No,No,One year,Yes,Electronic check,85.81,1099.77,No
CUST-100851,Female,1,No,No,71,Yes,No,Fiber optic,Yes,No,Yes,No,Yes,No,One year,Yes,Credit card (automatic),93.97,6653.5,No
CUST-100852,Female,0,No,No,6,Yes,No,Fiber optic,No,No,No,No,No,No,One year,Yes,Mailed check,80.3,475.93,No
CUST-100853,Male,0,No,Yes,17,No,No phone service,Fiber optic,No,Yes,No,Yes,No,Yes,Two year,Yes,Credit card (automatic),81.32,1400.16,No
CUST-100854,Male,0,No,No,11,Yes,No,DSL,Yes,Yes,No,No,No,No,Two year,Yes,Mailed check,64.96,734.62,No
CUST-100855,Female,0,No,No,11,Yes,No,DSL,Yes,No,No,No,No,No,Month-to-month,No,Electronic check,61.0,660.81,Yes
CUST-100856,Male,0,No,No,51,Yes,No,No,No internet service,No internet service,No internet service,No internet service,No internet service,No internet service,One year,Yes,Mailed check,28.6,1452.12,No
CUST-100857,Male,0,Yes,Yes,5,Yes,No,DSL,No,Yes,Yes,No,Yes,Yes,One year,Yes,Electronic check,82.65,413.21,No
CUST-100858,Female,1,Yes,No,10,Yes,Yes,DSL,Yes,No,No,Yes,Yes,No,Month-to-month,No,Bank transfer (automatic),72.11,725.78,No
CUST-100859,Female,0,No,Yes,2,Yes,No,Fiber optic,No,No,No,Yes,Yes,No,Month-to-month,No,Credit card (automatic),91.59,194.91,Yes
CUST-100860,Female,0,No,Yes,39,Yes,Yes,Fiber optic,Yes,No,Yes,No,Yes,Yes,Month-to-month,Yes,Bank transfer (automatic),110.33,4294.89,No
CUST-100861,Female,0,Yes,No,2,Yes,No,DSL,No,No,Yes,No,Yes,Yes,One year,No,Bank transfer (automatic),69.17,134.33,No
CUST-100862,Male,0,Yes,No,2,Yes,No,No,No internet service,No internet service,No internet service,No internet service,No internet service,No internet service,Month-to-month,Yes,Credit card (automatic),33.57,94.23,No
CUST-100863,Female,1,No,No,6,Yes,No,DSL,Yes,No,No,Yes,Yes,No,One year,No,Bank transfer (automatic),76.25,451.93,No
CUST-100864,Female,0,No,No,29,Yes,Yes,No,No internet service,No internet service,No internet service,No internet service,No internet service,No internet service,One year,Yes,Mailed check,31.38,898.53,No
CUST-100865,Female,0,No,No,27,Yes,No,DSL,Yes,No,No,Yes,Yes,No,One year,No,Bank transfer (automatic),69.38,1871.55,No
CUST-100866,Female,0,Yes,Yes,23,No,No phone service,Fiber optic,Yes,No,No,Yes,No,Yes,Month-to-month,Yes,Mailed check,89.37,2057.07,No
CUST-100867,Female,0,No,No,72,Yes,No,Fiber optic,No,Yes,No,No,No,Yes,One year,No,Electronic check,87.78,6289.34,No
CUST-100868,Male,0,No,No,35,Yes,Yes,No,No internet service,No internet service,No internet service,No internet service,No internet service,No internet service,One year,Yes,Bank transfer (automatic),25.75,892.38,No
CUST-100869,Male,0,Yes,Yes,11,Yes,Yes,Fiber optic,No,No,No,Yes,No,Yes,Month-to-month,Yes,Bank transfer (automatic),91.53,1015.23,No
CUST-100870,Male,0,Yes,No,14,Yes,No,No,No internet service,No internet service,No internet service,No internet service,No internet service,No internet service,Month-to-month,Yes,Electronic check,24.47,382.67,No
CUST-100871,Male,0,No,No,8,No,No phone service,Fiber optic,No,No,No,No,Yes,No,Month-to-month,No,Credit card (automatic),77.07,605.98,Yes
CUST-100872,Male,0,Yes,Yes,48,Yes,Yes,Fiber optic,No,No,Yes,Yes,No,Yes,Two year,Yes,Electronic check,90.59,4363.62,No
CUST-100873,Male,0,No,No,35,Yes,Yes,DSL,Yes,No,Yes,No,Yes,No,Month-to-month,No,Bank transfer (automatic),72.61,2544.93,No
CUST-100874,Female,0,No,No,9,Yes,No,DSL,Yes,Yes,Yes,No,No,Yes,Month-to-month,Yes,Credit card (automatic),81.54,757.06,Yes
CUST-100875,Female,0,No,No,14,Yes,No,No,No internet service,No internet service,No internet service,No internet service,No internet service,No internet service,Month-to-month,No,Electronic check,36.79,502.68,No
CUST-100876,Female,1,Yes,No,7,Yes,Yes,No,No internet service,No internet service,No internet service,No internet service,No internet service,No internet service,Month-to-month,No,Credit card (automatic),23.87,189.15,No
CUST-100877,Female,0,No,No,17,Yes,No,DSL,No,No,Yes,Yes,No,No,Month-to-month,Yes,Credit card (automatic),58.57,1023.73,No
CUST-100878,Female,0,Yes,No,8,Yes,No,DSL,Yes,Yes,Yes,No,No,No,Two year,No,Bank transfer (automatic),66.8,563.29,No
CUST-100879,Female,0,No,No,40,Yes,No,DSL,Yes,No,No,No,No,No,Month-to-month,No,Credit card (automatic),61.29,2480.15,Yes
CUST-100880,Male,1,Yes,No,38,No,No phone service,DSL,No,No,No,No,Yes,Yes,Two year,No,Bank transfer (automatic),60.63,2307.76,No
CUST-100881,Female,0,No,No,35,Yes,No,DSL,Yes,No,Yes,Yes,No,No,Month-to-month,Yes,Mailed check,71.31,2507.55,No
CUST-100882,Male,0,No,Yes,31,Yes,No,No,No internet service,No internet service,No internet service,No internet service,No internet service,No internet service,Month-to-month,No,Bank transfer (automatic),30.58,939.59,No
CUST-100883,Male,0,Yes,No,3,Yes,No,DSL,No,No,No,No,No,Yes,One year,Yes,Mailed check,54.38,118.68,No
CUST-100884,Female,0,Yes,Yes,3,Yes,Yes,No,No internet service,No internet service,No internet service,No internet service,No internet service,No internet service,One year,Yes,Electronic check,28.68,91.16,Yes
CUST-100885,Female,0,No,No,64,Yes,Yes,No,No internet service,No internet service,No internet service,No internet service,No internet service,No internet service,Two year,Yes,Electronic check,23.5,1500.78,No
CUST-100886,Male,1,Yes,No,53,Yes,No,DSL,No,No,No,Yes,No,Yes,Month-to-month,No,Mailed check,64.19,3421.33,No
CUST-100887,Male,0,Yes,No,22,Yes,Yes,Fiber optic,No,No,Yes,No,Yes,No,Month-to-month,No,Credit card (automatic),88.81,1971.06,Yes
CUST-100888,Male,0,Yes,No,14,Yes,Yes,Fiber optic,No,Yes,Yes,No,No,No,One year,Yes,Credit card (automatic),90.42,1244.64,No
CUST-100889,Male,0,No,No,18,Yes,No,DSL,No,No,No,No,No,No,Month-to-month,Yes,Credit card (automatic),53.34,1006.9,No
CUST-100890,Male,0,No,No,39,Yes,Yes,Fiber optic,No,Yes,No,No,No,Yes,Two year,Yes,Electronic check,89.59,3501.77,No
CUST-100891,Female,0,Yes,No,31,Yes,Yes,Fiber optic,Yes,No,No,Yes,No,No,Month-to-month,Yes,Bank transfer (automatic),96.84,2976.36,No
CUST-100892,Female,0,No,No,14,Yes,No,DSL,Yes,No,Yes,No,No,Yes,Month-to-month,No,Bank transfer (automatic),66.88,913.44,No
CUST-100893,Female,0,Yes,No,10,Yes,Yes,No,No internet service,No internet service,No internet service,No internet service,No internet service,No internet service,One year,No,Electronic check,29.6,252.44,No
CUST-100894,Female,0,Yes,Yes,4,No,No phone service,DSL,Yes,Yes,No,No,Yes,No,One year,No,Bank transfer (automatic),66.12,279.75,No
CUST-100895,Female,1,Yes,No,33,Yes,No,DSL,No,Yes,No,No,No,Yes,Two year,No,Mailed check,67.12,2204.42,No
CUST-100896,Female,0,Yes,No,2,Yes,No,No,No internet service,No internet service,No internet service,No internet service,No internet service,No internet service,Two year,Yes,Credit card (automatic),24.85,32.89,No
CUST-100897,Male,0,Yes,No,4,Yes,No,DSL,No,No,Yes,No,No,No,Month-to-month,Yes,Electronic check,53.65,201.72,Yes
CUST-100898,Male,0,No,No,33,Yes,Yes,DSL,No,Yes,No,No,No,No,One year,Yes,Credit card (automatic),60.93,2004.68,No
CUST-100899,Female,0,Yes,No,18,Yes,Yes,DSL,Yes,Yes,No,No,Yes,Yes,Two year,No,Credit card (automatic),83.63,1516.85,No
CUST-100900,Male,0,No,No,5,Yes,No,DSL,Yes,No,Yes,No,No,No,Month-to-month,No,Bank transfer (automatic),62.23,278.26,Yes
CUST-100901,Male,0,Yes,Yes,3,Yes,No,Fiber optic,Yes,Yes,No,Yes,Yes,No,Month-to-month,Yes,Electronic check,96.17,267.11,Yes
CUST-100902,Male,0,Yes,No,72,Yes,No,Fiber optic,No,No,Yes,No,No,No,Two year,Yes,Electronic check,82.48,5947.86,Yes
CUST-100903,Female,1,Yes,No,3,Yes,Yes,Fiber optic,Yes,No,No,No,No,No,Month-to-month,Yes,Credit card (automatic),89.5,256.62,No
CUST-100904,Male,0,No,No,3,Yes,Yes,Fiber optic,No,Yes,No,Yes,Yes,Yes,Two year,No,Electronic check,100.42,312.91,Yes
CUST-100905,Female,0,No,No,6,Yes,Yes,DSL,Yes,Yes,Yes,Yes,No,Yes,Month-to-month,Yes,Electronic check,79.17,465.07,No
CUST-100906,Male,0,Yes,Yes,27,Yes,No,Fiber optic,No,Yes,No,Yes,Yes,Yes,Two year,Yes,Credit card (automatic),104.68,2857.86,No
CUST-100907,Male,0,Yes,No,26,Yes,Yes,No,No internet service,No internet service,No internet service,No internet service,No internet service,No internet service,One year,Yes,Bank transfer (automatic),32.8,856.97,No
CUST-100908,Male,0,Yes,No,7,Yes,Yes,Fiber optic,No,No,Yes,No,No,No,One year,No,Bank transfer (automatic),80.32,586.77,No
CUST-100909,Male,1,No,No,7,Yes,No,Fiber optic,Yes,No,Yes,No,No,Yes,One year,No,Electronic check,97.38,692.02,No
CUST-100910,Female,0,Yes,No,12,Yes,Yes,DSL,No,Yes,Yes,Yes,Yes,No,Month-to-month,Yes,Mailed check,81.01,983.69,Yes
CUST-100911,Male,1,No,No,33,Yes,Yes,Fiber optic,No,No,No,No,Yes,No,One year,No,Credit card (automatic),80.52,2642.11,Yes
CUST-100912,Male,0,Yes,No,20,Yes,Yes,No,No internet service,No internet service,No internet service,No internet service,No internet service,No internet service,Two year,Yes,Electronic check,23.2,487.35,No
CUST-100913,Female,0,Yes,Yes,27,Yes,No,No,No internet service,No internet service,No internet service,No internet service,No internet service,No internet service,Two year,No,Electronic check,28.07,762.21,No
CUST-100914,Female,0,No,Yes,15,Yes,No,Fiber optic,No,Yes,No,No,No,No,Two year,Yes,Electronic check,87.36,1291.32,No
CUST-100915,Male,0,Yes,No,16,Yes,No,Fiber optic,No,Yes,Yes,Yes,Yes,Yes,One year,Yes,Bank transfer (automatic),109.77,1714.12,No
CUST-100916,Female,0,Yes,No,2,Yes,No,DSL,No,Yes,No,No,Yes,No,One year,Yes,Electronic check,70.72,144.24,Yes
CUST-100917,Female,0,No,No,20,Yes,No,DSL,No,No,No,No,No,Yes,One year,No,Credit card (automatic),54.63,1122.76,No
CUST-100918,Male,0,Yes,No,3,Yes,Yes,DSL,No,No,No,No,Yes,No,One year,Yes,Electronic check,62.83,170.35,No
CUST-100919,Female,1,Yes,Yes,72,Yes,Yes,Fiber optic,No,No,Yes,No,Yes,Yes,One year,Yes,Electronic check,87.06,6249.5,No
CUST-100920,Female,0,Yes,Yes,15,Yes,No,DSL,No,Yes,Yes,No,No,Yes,Month-to-month,Yes,Credit card (automatic),75.75,1129.92,No
CUST-100921,Female,0,No,No,17,Yes,No,Fiber optic,No,No,No,No,No,No,Month-to-month,Yes,Credit card (automatic),83.2,1436.42,Yes
CUST-100922,Male,0,No,No,59,Yes,No,Fiber optic,No,No,Yes,No,Yes,Yes,One year,No,Bank transfer (automatic),97.13,5693.93,No
CUST-100923,Male,0,Yes,No,45,Yes,No,Fiber optic,No,No,No,Yes,No,Yes,Month-to-month,Yes,Credit card (automatic),82.2,3686.0,Yes
CUST-100924,Male,1,No,No,22,Yes,No,Fiber optic,No,Yes,No,No,Yes,Yes,Month-to-month,Yes,Electronic check,98.61,2149.3,Yes
CUST-100925,Female,0,No,No,24,Yes,No,DSL,No,No,No,No,Yes,Yes,Month-to-month,No,Mailed check,73.91,1785.08,No
CUST-100926,Female,0,No,No,8,Yes,Yes,Fiber optic,No,Yes,Yes,Yes,No,No,Two year,Yes,Electronic check,94.1,749.95,No
CUST-100927,Male,0,No,Yes,13,Yes,No,No,No internet service,No internet service,No internet service,No internet service,No internet service,No internet service,Two year,No,Mailed check,35.84,458.99,No
CUST-100928,Male,0,No,No,1,Yes,No,Fiber optic,Yes,Yes,No,No,No,Yes,One year,Yes,Credit card (automatic),95.26,91.66,Yes
CUST-100929,Female,0,No,No,10,Yes,Yes,No,No internet service,No internet service,No internet service,No internet service,No internet service,No internet service,Two year,No,Credit card (automatic),36.56,381.3,Yes
CUST-100930,Female,0,Yes,Yes,5,Yes,Yes,Fiber optic,No,No,No,No,No,Yes,Two year,No,Electronic check,78.35,414.18,No
CUST-100931,Female,0,Yes,Yes,20,Yes,Yes,Fiber optic,No,No,No,Yes,No,No,Month-to-month,Yes,Mailed check,80.4,1628.49,Yes
CUST-100932,Male,0,No,No,1,Yes,Yes,Fiber optic,No,No,Yes,No,No,Yes,Month-to-month,Yes,Credit card (automatic),85.26,96.77,Yes
CUST-100933,Female,0,Yes,No,25,Yes,Yes,Fiber optic,No,Yes,No,Yes,No,Yes,Month-to-month,No,Bank transfer (automatic),99.38,2512.18,No
CUST-100934,Male,0,No,No,22,Yes,Yes,No,No internet service,No internet service,No internet service,No internet service,No internet service,No internet service,Month-to-month,No,Electronic check,23.59,500.35,No
CUST-100935,Female,1,Yes,No,42,Yes,No,Fiber optic,Yes,Yes,Yes,Yes,Yes,Yes,One year,Yes,Mailed check,117.46,4941.07,No
CUST-100936,Male,0,No,No,16,Yes,No,Fiber optic,Yes,No,Yes,No,Yes,No,Month-to-month,Yes,Electronic check,98.18,1617.85,No
CUST-100937,Male,0,Yes,No,35,Yes,Yes,No,No internet service,No internet service,No internet service,No internet service,No internet service,No internet service,Two year,Yes,Mailed check,29.16,983.87,No
CUST-100938,Male,0,No,No,32,No,No phone service,No,No internet service,No internet service,No internet service,No internet service,No internet service,No internet service,One year,No,Mailed check,19.98,628.68,No
CUST-100939,Female,0,Yes,Yes,7,Yes,Yes,DSL,Yes,No,No,Yes,Yes,No,Month-to-month,No,Mailed check,67.22,449.82,No
CUST-100940,Female,1,Yes,No,19,Yes,No,DSL,Yes,No,No,No,No,No,Two year,Yes,Mailed check,60.84,1161.73,No
CUST-100941,Male,0,No,No,50,Yes,No,No,No internet service,No internet service,No internet service,No internet service,No internet service,No internet service,Two year,Yes,Mailed check,26.39,1348.26,No
CUST-100942,Female,0,No,No,19,Yes,Yes,Fiber optic,Yes,No,Yes,Yes,No,No,One year,No,Electronic check,95.48,1824.87,No
CUST-100943,Male,0,No,No,11,Yes,No,No,No internet service,No internet service,No internet service,No internet service,No internet service,No internet service,Two year,No,Electronic check,34.4,374.05,No
CUST-100944,Male,0,No,No,42,Yes,Yes,DSL,Yes,Yes,No,No,Yes,No,Two year,Yes,Mailed check,70.17,2958.05,No
CUST-100945,Male,0,Yes,Yes,3,Yes,Yes,No,No internet service,No internet service,No internet service,No internet service,No internet service,No internet service,One year,Yes,Credit card (automatic),33.69,95.28,No
CUST-100946,Female,0,No,No,6,Yes,Yes,No,No internet service,No internet service,No internet service,No internet service,No internet service,No internet service,Two year,Yes,Credit card (automatic),29.17,178.91,No
CUST-100947,Male,0,Yes,No,2,Yes,No,No,No internet service,No internet service,No internet service,No internet service,No internet service,No internet service,Month-to-month,No,Electronic check,30.79,73.95,Yes
CUST-100948,Female,0,No,Yes,1,Yes,No,Fiber optic,No,No,No,No,Yes,No,One year,Yes,Mailed check,81.12,116.18,Yes
CUST-100949,Male,0,Yes,No,8,No,No phone service,DSL,No,No,No,Yes,No,No,Month-to-month,Yes,Bank transfer (automatic),47.66,390.27,No
CUST-100950,Male,0,Yes,No,12,Yes,No,Fiber optic,No,Yes,No,Yes,Yes,No,Month-to-month,No,Mailed check,93.62,1127.79,Yes
CUST-100951,Male,0,No,Yes,41,Yes,No,Fiber optic,No,No,No,Yes,No,No,Month-to-month,Yes,Bank transfer (automatic),88.79,3681.1,No
CUST-100952,Female,0,No,Yes,72,Yes,Yes,DSL,Yes,Yes,No,Yes,No,Yes,Month-to-month,Yes,Credit card (automatic),75.0,5360.88,No
CUST-100953,Male,0,Yes,No,36,Yes,Yes,DSL,No,Yes,Yes,No,No,No,Month-to-month,Yes,Electronic check,64.92,2335.28,Yes
CUST-100954,Female,0,No,Yes,7,Yes,Yes,No,No internet service,No internet service,No internet service,No internet service,No internet service,No internet service,Month-to-month,Yes,Mailed check,28.1,181.87,No
CUST-100955,Female,0,No,Yes,1,Yes,No,DSL,No,No,No,No,Yes,No,Month-to-month,Yes,Mailed check,59.98,55.21,Yes
CUST-100956,Male,0,Yes,No,72,Yes,No,Fiber optic,No,No,Yes,No,No,Yes,Two year,Yes,Mailed check,84.52,6097.52,No
CUST-100957,Female,0,No,No,18,No,No phone service,Fiber optic,No,Yes,No,No,Yes,Yes,One year,Yes,Electronic check,83.77,1527.47,No
CUST-100958,Female,0,Yes,No,20,Yes,Yes,No,No internet service,No internet service,No internet service,No internet service,No internet service,No internet service,One year,Yes,Bank transfer (automatic),27.05,530.59,No
CUST-100959,Male,0,Yes,No,72,Yes,No,Fiber optic,Yes,No,No,No,No,Yes,Month-to-month,No,Electronic check,90.28,6513.54,Yes
CUST-100960,Male,1,No,No,48,Yes,Yes,DSL,No,Yes,Yes,No,Yes,Yes,Two year,No,Bank transfer (automatic),74.89,3576.77,No
CUST-100961,Male,0,Yes,No,14,Yes,Yes,DSL,No,Yes,Yes,No,No,No,Month-to-month,Yes,Bank transfer (automatic),62.99,856.25,No
CUST-100962,Female,0,Yes,No,61,Yes,Yes,DSL,Yes,No,Yes,No,No,Yes,Month-to-month,No,Electronic check,78.26,4775.28,No
CUST-100963,Male,0,No,No,2,Yes,No,DSL,No,Yes,No,No,No,No,Month-to-month,Yes,Credit card (automatic),64.38,124.39,No
CUST-100964,Female,0,Yes,No,2,Yes,Yes,No,No internet service,No internet service,No internet service,No internet service,No internet service,No internet service,Two year,No,Credit card (automatic),28.34,86.49,No
CUST-100965,Female,0,No,No,0,Yes,Yes,Fiber optic,No,No,No,Yes,Yes,Yes,Two year,No,Mailed check,99.48,42.57,No
CUST-100966,Female,0,No,No,4,No,No phone service,DSL,Yes,No,No,Yes,Yes,No,One year,No,Credit card (automatic),65.81,251.07,No
CUST-100967,Male,0,Yes,No,27,Yes,Yes,No,No internet service,No internet service,No internet service,No internet service,No internet service,No internet service,One year,No,Credit card (automatic),29.23,752.98,No
CUST-100968,Female,0,No,No,33,Yes,No,DSL,Yes,No,Yes,Yes,No,Yes,Month-to-month,Yes,Electronic check,77.81,2540.39,No
CUST-100969,Male,0,Yes,No,0,Yes,Yes,DSL,No,Yes,Yes,Yes,Yes,Yes,One year,Yes,Bank transfer (automatic),84.34,0.0,No
CUST-100970,Male,0,No,No,25,Yes,No,Fiber optic,Yes,No,Yes,No,Yes,No,Month-to-month,Yes,Bank transfer (automatic),95.62,2394.65,Yes
CUST-100971,Male,1,Yes,No,19,Yes,No,DSL,No,Yes,No,No,Yes,Yes,Month-to-month,Yes,Bank transfer (automatic),71.63,1355.75,No
CUST-100972,Male,0,No,No,12,No,No phone service,DSL,No,Yes,Yes,No,No,Yes,Two year,No,Credit card (automatic),63.64,738.51,No
CUST-100973,Male,0,Yes,Yes,8,Yes,No,No,No internet service,No internet service,No internet service,No internet service,No internet service,No internet service,Two year,Yes,Mailed check,19.14,188.84,No
CUST-100974,Male,0,No,Yes,13,Yes,Yes,No,No internet service,No internet service,No internet service,No internet service,No internet service,No internet service,Month-to-month,Yes,Electronic check,29.25,393.51,No
CUST-100975,Male,0,Yes,Yes,41,Yes,Yes,Fiber optic,No,Yes,No,No,No,No,Month-to-month,Yes,Mailed check,74.92,3106.9,No
CUST-100976,Male,0,Yes,No,4,Yes,Yes,Fiber optic,Yes,No,No,Yes,No,No,Month-to-month,No,Bank transfer (automatic),89.25,320.98,No
CUST-100977,Female,0,Yes,No,28,Yes,No,DSL,No,Yes,No,No,No,No,Month-to-month,Yes,Mailed check,54.27,1545.01,Yes
CUST-100978,Male,0,No,Yes,0,Yes,No,No,No internet service,No internet service,No internet service,No internet service,No internet service,No internet service,Month-to-month,Yes,Electronic check,33.3,0.0,No
CUST-100979,Female,1,No,No,44,Yes,Yes,Fiber optic,No,No,No,Yes,No,No,One year,No,Electronic check,83.55,3668.36,Yes
CUST-100980,Female,0,Yes,Yes,8,Yes,Yes,DSL,No,No,No,No,No,No,Month-to-month,Yes,Bank transfer (automatic),53.2,426.09,No
CUST-100981,Female,0,Yes,Yes,6,No,No phone service,DSL,No,No,Yes,Yes,Yes,No,Month-to-month,No,Electronic check,63.81,368.87,Yes
CUST-100982,Female,0,Yes,No,2,Yes,Yes,Fiber optic,No,Yes,No,Yes,No,No,Month-to-month,Yes,Mailed check,84.73,166.6,No
CUST-100983,Female,0,Yes,No,17,Yes,No,DSL,Yes,Yes,No,Yes,No,No,One year,Yes,Electronic check,72.68,1254.49,No
CUST-100984,Female,0,No,No,33,Yes,Yes,DSL,No,No,Yes,No,Yes,No,Month-to-month,No,Mailed check,67.96,2203.42,Yes
CUST-100985,Female,0,No,No,14,Yes,No,DSL,No,Yes,No,Yes,No,No,Month-to-month,Yes,Electronic check,60.99,883.81,No
CUST-100986,Female,0,No,No,1,Yes,Yes,Fiber optic,No,No,Yes,Yes,Yes,Yes,One year,Yes,Electronic check,98.96,106.81,No
CUST-100987,Male,0,Yes,Yes,45,Yes,Yes,DSL,No,No,Yes,Yes,Yes,Yes,One year,Yes,Bank transfer (automatic),76.51,3440.75,No
CUST-100988,Male,0,Yes,No,18,Yes,No,Fiber optic,No,No,No,No,No,No,Month-to-month,No,Electronic check,77.57,1414.97,No
CUST-100989,Female,0,No,No,0,Yes,No,DSL,No,No,No,No,No,No,One year,No,Electronic check,48.66,7.28,Yes
CUST-100990,Male,1,Yes,Yes,18,Yes,Yes,Fiber optic,No,Yes,Yes,Yes,Yes,No,Month-to-month,Yes,Bank transfer (automatic),98.17,1757.46,Yes
CUST-100991,Female,0,No,No,1,No,No phone service,DSL,No,No,No,Yes,Yes,Yes,One year,Yes,Electronic check,63.63,48.17,No
CUST-100992,Male,0,Yes,No,72,Yes,No,Fiber optic,No,No,Yes,No,No,No,Month-to-month,Yes,Electronic check,81.19,5875.67,No
CUST-100993,Male,1,Yes,No,24,Yes,Yes,Fiber optic,No,No,No,No,No,No,Two year,No,Mailed check,77.22,1823.7,No
CUST-100994,Female,1,No,No,2,Yes,No,Fiber optic,No,No,Yes,No,Yes,Yes,Two year,Yes,Mailed check,99.95,195.96,No
CUST-100995,Female,0,Yes,No,47,Yes,No,DSL,No,No,Yes,No,Yes,No,One year,Yes,Mailed check,65.12,3032.43,No
CUST-100996,Female,0,No,Yes,6,Yes,No,Fiber optic,No,No,No,Yes,No,Yes,Two year,Yes,Credit card (automatic),92.61,565.42,No
CUST-100997,Male,0,Yes,No,16,Yes,No,No,No internet service,No internet service,No internet service,No internet service,No internet service,No internet service,Month-to-month,No,Mailed check,29.0,462.06,Yes
CUST-100998,Female,0,Yes,No,8,Yes,Yes,DSL,No,Yes,No,No,No,No,One year,Yes,Bank transfer (automatic),57.22,432.77,No
CUST-100999,Female,0,Yes,Yes,1,Yes,No,Fiber optic,No,Yes,No,No,Yes,Yes,Month-to-month,Yes,Credit card (automatic),101.73,84.35,Yes
CUST-101000,Female,0,Yes,Yes,1,Yes,Yes,Fiber optic,No,Yes,Yes,No,Yes,No,Month-to-month,No,Mailed check,84.02,84.91,No
CUST-101001,Female,0,No,No,27,Yes,Yes,No,No internet service,No internet service,No internet service,No internet service,No internet service,No internet service,Month-to-month,Yes,Bank transfer (automatic),26.56,722.82,No
CUST-101002,Female,1,Yes,Yes,6,Yes,Yes,Fiber optic,No,Yes,Yes,No,No,Yes,One year,Yes,Mailed check,92.72,517.58,Yes
CUST-101003,Female,0,No,No,9,Yes,No,No,No internet service,No internet service,No internet service,No internet service,No internet service,No internet service,One year,Yes,Bank transfer (automatic),28.48,242.21,Yes
CUST-101004,Male,0,No,No,33,Yes,No,Fiber optic,No,No,No,No,No,Yes,Two year,Yes,Credit card (automatic),83.46,2757.39,No
CUST-101005,Female,0,Yes,Yes,9,Yes,No,Fiber optic,No,No,Yes,No,Yes,Yes,One year,Yes,Electronic check,100.2,926.0,No
CUST-101006,Female,1,Yes,No,23,Yes,No,DSL,No,Yes,No,No,Yes,Yes,Two year,Yes,Credit card (automatic),76.9,1785.49,No
CUST-101007,Female,1,Yes,Yes,64,Yes,Yes,Fiber optic,No,No,Yes,No,No,No,Two year,Yes,Mailed check,76.46,4884.34,No
CUST-101008,Female,0,No,No,27,Yes,No,DSL,No,No,Yes,No,No,Yes,Two year,Yes,Bank transfer (automatic),65.89,1799.01,No
CUST-101009,Female,0,No,No,5,Yes,Yes,Fiber optic,No,No,Yes,Yes,No,Yes,Month-to-month,No,Mailed check,89.88,443.1,Yes
CUST-101010,Male,0,Yes,Yes,6,Yes,Yes,DSL,No,No,Yes,No,Yes,No,Month-to-month,Yes,Electronic check,66.92,339.07,Yes
CUST-101011,Female,0,No,No,24,Yes,No,Fiber optic,No,Yes,No,Yes,Yes,Yes,One year,No,Electronic check,102.13,2479.94,No
CUST-101012,Male,0,Yes,No,4,Yes,No,Fiber optic,No,No,Yes,No,No,No,Two year,Yes,Credit card (automatic),78.78,324.27,Yes
CUST-101013,Male,0,Yes,No,31,Yes,Yes,No,No internet service,No internet service,No internet service,No internet service,No internet service,No internet service,Month-to-month,Yes,Bank transfer (automatic),21.16,659.72,No
CUST-101014,Female,0,Yes,No,72,Yes,No,DSL,No,No,No,No,No,Yes,Month-to-month,Yes,Credit card (automatic),60.63,4365.52,No
CUST-101015,Female,0,No,No,10,Yes,No,No,No internet service,No internet service,No internet service,No internet service,No internet service,No internet service,Month-to-month,Yes,Electronic check,23.37,239.75,No
CUST-101016,Male,0,Yes,No,15,No,No phone service,No,No internet service,No internet service,No internet service,No internet service,No internet service,No internet service,Month-to-month,No,Electronic check,18.0,270.15,Yes
CUST-101017,Male,0,Yes,Yes,38,Yes,Yes,No,No internet service,No internet service,No internet service,No internet service,No internet service,No internet service,Two year,Yes,Electronic check,28.74,1086.34,No
CUST-101018,Male,0,Yes,No,3,Yes,No,Fiber optic,No,Yes,Yes,No,Yes,No,Month-to-month,No,Electronic check,98.88,283.58,No
CUST-101019,Male,0,No,Yes,46,No,No phone service,DSL,Yes,No,No,No,No,No,Month-to-month,No,Mailed check,51.58,2374.22,No
CUST-101020,Male,0,Yes,No,29,Yes,Yes,No,No internet service,No internet service,No internet service,No internet service,No internet service,No internet service,One year,Yes,Credit card (automatic),22.28,628.49,No
CUST-101021,Male,0,Yes,No,6,Yes,No,Fiber optic,Yes,No,No,No,Yes,Yes,Month-to-month,No,Credit card (automatic),98.45,567.85,Yes
CUST-101022,Female,0,Yes,No,19,Yes,Yes,Fiber optic,No,Yes,Yes,No,Yes,No,Month-to-month,Yes,Mailed check,97.72,1862.08,No
CUST-101023,Female,0,No,No,19,Yes,Yes,DSL,No,No,Yes,Yes,Yes,Yes,One year,Yes,Mailed check,77.45,1491.15,No
CUST-101024,Female,1,Yes,Yes,10,Yes,Yes,DSL,No,No,Yes,Yes,No,Yes,Month-to-month,Yes,Bank transfer (automatic),71.3,697.08,No
CUST-101025,Male,0,No,No,72,Yes,Yes,DSL,No,Yes,Yes,Yes,No,Yes,Two year,No,Bank transfer (automatic),73.25,5261.56,No
CUST-101026,Male,1,Yes,No,35,Yes,No,Fiber optic,No,Yes,Yes,No,No,No,One year,No,Bank transfer (automatic),85.46,2957.18,No
CUST-101027,Male,1,Yes,No,36,Yes,No,Fiber optic,Yes,Yes,Yes,Yes,Yes,No,Two year,No,Mailed check,102.36,3658.64,No
CUST-101028,Female,0,No,No,16,Yes,Yes,No,No internet service,No internet service,No internet service,No internet service,No internet service,No internet service,Month-to-month,No,Electronic check,30.45,461.63,No
CUST-101029,Male,0,No,Yes,32,Yes,No,DSL,No,No,Yes,Yes,No,Yes,One year,Yes,Electronic check,72.7,2345.89,No
CUST-101030,Male,0,Yes,No,37,Yes,Yes,DSL,Yes,Yes,No,Yes,Yes,No,One year,No,Credit card (automatic),73.78,2695.13,No
CUST-101031,Male,0,No,Yes,4,Yes,No,DSL,Yes,Yes,No,No,Yes,Yes,One year,No,Bank transfer (automatic),82.02,337.26,No
CUST-101032,Female,0,No,Yes,8,Yes,No,DSL,No,No,Yes,No,No,No,Month-to-month,No,Credit card (automatic),51.29,405.02,Yes
CUST-101033,Male,0,Yes,No,8,Yes,Yes,Fiber optic,No,No,No,No,No,Yes,Month-to-month,Yes,Electronic check,85.32,694.67,Yes
CUST-101034,Male,1,No,No,17,Yes,No,Fiber optic,Yes,No,Yes,Yes,Yes,Yes,Month-to-month,No,Mailed check,102.59,1767.35,Yes
CUST-101035,Female,0,No,Yes,32,Yes,Yes,No,No internet service,No internet service,No internet service,No internet service,No internet service,No internet service,Two year,Yes,Electronic check,23.47,750.44,No
CUST-101036,Female,0,Yes,Yes,4,Yes,No,DSL,No,No,No,No,Yes,No,Two year,No,Credit card (automatic),55.54,244.83,No
CUST-101037,Male,0,No,No,45,Yes,No,DSL,No,No,Yes,Yes,No,No,Month-to-month,No,Electronic check,59.38,2703.1,No
CUST-101038,Male,0,Yes,Yes,19,Yes,Yes,Fiber optic,No,Yes,Yes,No,Yes,No,One year,No,Bank transfer (automatic),97.48,1879.05,Yes
CUST-101039,Female,0,Yes,Yes,22,Yes,Yes,DSL,Yes,No,No,No,No,No,One year,Yes,Electronic check,57.69,1255.74,No
CUST-101040,Female,0,No,Yes,43,No,No phone service,Fiber optic,No,Yes,Yes,Yes,No,No,One year,Yes,Electronic check,81.66,3471.99,No
CUST-101041,Female,0,No,Yes,26,Yes,Yes,Fiber optic,No,No,Yes,No,No,No,Month-to-month,No,Electronic check,81.31,2111.56,Yes
CUST-101042,Male,0,No,No,4,Yes,No,No,No internet service,No internet service,No internet service,No internet service,No internet service,No internet service,Two year,No,Mailed check,19.77,82.65,No
CUST-101043,Male,0,No,No,19,No,No phone service,DSL,No,No,No,No,Yes,No,One year,No,Credit card (automatic),55.29,1011.44,No
CUST-101044,Female,0,No,No,9,Yes,No,No,No internet service,No internet service,No internet service,No internet service,No internet service,No internet service,One year,No,Credit card (automatic),19.01,172.31,No
CUST-101045,Male,0,Yes,No,48,Yes,No,No,No internet service,No internet service,No internet service,No internet service,No internet service,No internet service,One year,Yes,Bank transfer (automatic),25.17,1156.71,No
CUST-101046,Male,1,No,No,24,Yes,No,DSL,No,Yes,No,No,No,Yes,One year,No,Mailed check,65.68,1607.24,No
CUST-101047,Female,0,No,No,44,Yes,No,Fiber optic,No,Yes,No,Yes,No,Yes,Month-to-month,Yes,Bank transfer (automatic),97.78,4311.87,No
CUST-101048,Female,0,No,No,7,Yes,Yes,Fiber optic,No,Yes,Yes,No,No,No,Two year,Yes,Electronic check,87.96,599.36,No
CUST-101049,Male,0,Yes,No,20,Yes,No,DSL,No,No,Yes,Yes,Yes,Yes,Month-to-month,Yes,Credit card (automatic),77.8,1558.53,Yes
CUST-101050,Female,0,Yes,No,23,Yes,Yes,No,No internet service,No internet service,No internet service,No internet service,No internet service,No internet service,Two year,Yes,Bank transfer (automatic),33.83,783.09,No
CUST-101051,Male,0,Yes,No,55,Yes,No,DSL,Yes,Yes,Yes,Yes,No,No,Two year,Yes,Mailed check,80.06,4412.96,No
CUST-101052,Female,0,Yes,No,20,Yes,No,DSL,Yes,No,No,No,Yes,Yes,One year,No,Electronic check,74.03,1481.99,No
CUST-101053,Female,1,Yes,No,27,No,No phone service,DSL,No,Yes,Yes,No,Yes,No,One year,Yes,Electronic check,61.6,1682.1,No
CUST-101054,Male,0,No,No,19,Yes,No,Fiber optic,No,No,No,No,Yes,Yes,Month-to-month,No,Mailed check,93.36,1748.48,No
CUST-101055,Female,0,No,Yes,14,Yes,No,No,No internet service,No internet service,No internet service,No internet service,No internet service,No internet service,Month-to-month,Yes,Credit card (automatic),25.56,355.26,No
CUST-101056,Male,0,Yes,No,4,No,No phone service,Fiber optic,Yes,Yes,No,No,Yes,No,One year,No,Bank transfer (automatic),89.5,393.73,No
CUST-101057,Female,0,Yes,No,10,Yes,No,Fiber optic,Yes,Yes,No,No,Yes,No,Month-to-month,Yes,Mailed check,101.09,1003.87,Yes
CUST-101058,Male,0,No,Yes,11,Yes,Yes,DSL,No,Yes,Yes,Yes,No,Yes,Month-to-month,No,Mailed check,65.04,720.27,Yes
CUST-101059,Male,0,Yes,No,61,Yes,No,Fiber optic,No,Yes,No,No,Yes,No,Two year,No,Bank transfer (automatic),90.32,5489.62,No
CUST-101060,Female,0,No,No,19,Yes,No,Fiber optic,Yes,Yes,No,No,Yes,No,Month-to-month,Yes,Electronic check,101.95,1980.19,Yes
CUST-101061,Female,0,Yes,Yes,14,Yes,No,Fiber optic,No,Yes,No,No,No,No,Month-to-month,Yes,Electronic check,84.57,1189.69,Yes
CUST-101062,Male,0,Yes,No,6,Yes,No,Fiber optic,Yes,No,No,No,Yes,No,Month-to-month,Yes,Bank transfer (automatic),92.66,530.79,Yes
CUST-101063,Female,0,Yes,Yes,18,Yes,Yes,No,No internet service,No internet service,No internet service,No internet service,No internet service,No internet service,One year,Yes,Electronic check,21.6,410.61,No
CUST-101064,Female,0,No,No,7,Yes,Yes,Fiber optic,No,No,No,Yes,No,No,Month-to-month,Yes,Electronic check,85.81,579.21,No
CUST-101065,Male,0,Yes,No,30,Yes,No,Fiber optic,No,Yes,No,No,No,Yes,Two year,Yes,Mailed check,95.04,2864.88,No
CUST-101066,Female,0,No,No,12,Yes,No,Fiber optic,No,No,Yes,No,Yes,No,Month-to-month,No,Electronic check,90.8,1110.2,Yes
CUST-101067,Female,0,Yes,No,58,Yes,No,DSL,No,No,No,No,Yes,Yes,Month-to-month,Yes,Credit card (automatic),66.38,3890.57,No
CUST-101068,Male,0,Yes,No,4,Yes,Yes,Fiber optic,No,No,No,No,Yes,No,Month-to-month,Yes,Credit card (automatic),87.77,355.56,No
CUST-101069,Male,1,No,No,35,Yes,Yes,Fiber optic,No,No,No,No,No,No,Month-to-month,Yes,Credit card (automatic),73.85,2585.73,Yes
CUST-101070,Female,0,Yes,No,36,Yes,No,Fiber optic,Yes,Yes,No,No,Yes,No,Two year,Yes,Credit card (automatic),91.32,3246.98,Yes
CUST-101071,Male,0,Yes,No,3,Yes,Yes,Fiber optic,Yes,No,No,No,No,No,Month-to-month,Yes,Electronic check,86.21,249.5,No
CUST-101072,Female,0,No,No,13,Yes,Yes,DSL,No,No,No,Yes,No,Yes,Month-to-month,No,Mailed check,70.38,900.65,No
CUST-101073,Female,0,No,No,19,Yes,Yes,DSL,Yes,No,No,No,No,Yes,Month-to-month,Yes,Bank transfer (automatic),63.03,1193.95,No
CUST-101074,Male,0,Yes,No,2,Yes,Yes,DSL,No,No,Yes,No,No,Yes,Month-to-month,Yes,Electronic check,60.34,110.28,Yes
CUST-101075,Male,0,Yes,No,0,No,No phone service,Fiber optic,No,No,No,No,Yes,Yes,Month-to-month,Yes,Credit card (automatic),82.49,15.72,No
CUST-101076,Female,0,No,Yes,3,Yes,Yes,No,No internet service,No internet service,No internet service,No internet service,No internet service,No internet service,Month-to-month,Yes,Electronic check,28.79,75.18,Yes
CUST-101077,Male,1,No,Yes,1,No,No phone service,Fiber optic,Yes,No,No,No,No,Yes,Two year,No,Mailed check,78.34,87.85,No
CUST-101078,Male,0,No,No,7,Yes,No,Fiber optic,No,No,No,Yes,No,No,Month-to-month,Yes,Bank transfer (automatic),88.14,614.67,No
CUST-101079,Female,1,No,Yes,72,Yes,No,Fiber optic,No,Yes,No,Yes,No,No,One year,No,Credit card (automatic),86.14,6189.63,No
CUST-101080,Female,0,No,No,19,Yes,No,DSL,No,No,No,Yes,No,No,One year,Yes,Bank transfer (automatic),59.47,1115.66,No
CUST-101081,Female,0,Yes,No,22,Yes,No,DSL,Yes,No,No,No,Yes,No,Month-to-month,No,Bank transfer (automatic),63.03,1391.32,No
CUST-101082,Female,0,Yes,No,2,No,No phone service,DSL,No,Yes,Yes,No,No,Yes,One year,Yes,Electronic check,64.34,156.09,No
CUST-101083,Female,0,No,Yes,27,Yes,No,No,No internet service,No internet service,No internet service,No internet service,No internet service,No internet service,Two year,No,Bank transfer (automatic),30.66,813.2,No
CUST-101084,Male,0,No,No,11,Yes,No,DSL,No,Yes,No,No,No,Yes,One year,Yes,Bank transfer (automatic),59.29,653.14,No
CUST-101085,Female,0,No,No,72,Yes,Yes,Fiber optic,No,No,No,No,No,Yes,Two year,Yes,Mailed check,83.28,6005.84,Yes
CUST-101086,Female,0,No,Yes,15,Yes,Yes,Fiber optic,No,Yes,Yes,No,No,No,One year,No,Bank transfer (automatic),86.37,1295.15,Yes
CUST-101087,Female,0,Yes,No,48,Yes,Yes,Fiber optic,No,No,Yes,No,No,No,Month-to-month,No,Electronic check,79.9,3800.0,No
CUST-101088,Female,0,No,No,7,Yes,No,DSL,Yes,Yes,Yes,No,No,Yes,Two year,Yes,Electronic check,78.49,559.01,Yes
CUST-101089,Male,0,No,No,36,Yes,No,No,No internet service,No internet service,No internet service,No internet service,No internet service,No internet service,Month-to-month,Yes,Credit card (automatic),25.61,891.83,No
CUST-101090,Female,0,Yes,No,16,Yes,No,DSL,No,Yes,Yes,Yes,Yes,No,One year,Yes,Electronic check,77.86,1215.91,No
CUST-101091,Male,1,No,Yes,4,Yes,No,No,No internet service,No internet service,No internet service,No internet service,No internet service,No internet service,One year,No,Bank transfer (automatic),29.94,93.67,No
CUST-101092,Female,0,No,No,21,Yes,Yes,Fiber optic,Yes,No,Yes,No,Yes,No,Two year,Yes,Mailed check,94.57,1982.73,Yes
CUST-101093,Male,0,Yes,No,5,No,No phone service,Fiber optic,No,No,Yes,Yes,Yes,Yes,Two year,Yes,Credit card (automatic),98.03,470.88,No
CUST-101094,Male,0,No,Yes,6,No,No phone service,Fiber optic,Yes,No,No,Yes,Yes,Yes,Month-to-month,Yes,Electronic check,89.85,510.39,No
CUST-101095,Male,1,No,No,72,No,No phone service,Fiber optic,No,Yes,No,No,No,Yes,One year,No,Electronic check,82.75,5965.6,No
CUST-101096,Female,0,No,No,12,Yes,No,DSL,No,Yes,No,Yes,Yes,No,Month-to-month,Yes,Credit card (automatic),67.9,814.26,Yes
CUST-101097,Female,0,Yes,No,26,Yes,Yes,Fiber optic,No,Yes,No,No,No,No,One year,Yes,Bank transfer (automatic),82.57,2161.97,No
CUST-101098,Male,1,No,No,8,Yes,No,Fiber optic,No,No,No,Yes,No,No,One year,No,Mailed check,81.12,634.37,Yes
CUST-101099,Male,1,Yes,No,48,Yes,Yes,Fiber optic,No,No,No,No,No,Yes,Month-to-month,Yes,Mailed check,86.24,4138.25,Yes
CUST-101100,Male,0,No,No,8,Yes,No,Fiber optic,No,No,Yes,Yes,Yes,Yes,Two year,No,Mailed check,103.04,840.33,No
CUST-101101,Male,0,Yes,Yes,49,No,No phone service,Fiber optic,No,No,No,No,No,Yes,Month-to-month,No,Credit card (automatic),78.56,3823.17,No
CUST-101102,Female,0,No,Yes,72,Yes,No,Fiber optic,No,No,No,No,No,Yes,Month-to-month,Yes,Bank transfer (automatic),86.71,6229.89,No
CUST-101103,Male,0,No,No,35,Yes,No,DSL,No,Yes,No,No,No,No,Two year,No,Credit card (automatic),60.29,2130.01,No
CUST-101104,Male,0,No,No,33,Yes,Yes,DSL,No,No,No,No,Yes,Yes,One year,No,Credit card (automatic),63.97,2111.4,No
CUST-101105,Male,0,No,No,42,Yes,No,Fiber optic,Yes,Yes,No,Yes,No,Yes,One year,Yes,Mailed check,103.04,4324.67,Yes
CUST-101106,Male,0,Yes,Yes,4,No,No phone service,DSL,Yes,No,No,No,Yes,No,Month-to-month,Yes,Bank transfer (automatic),51.95,207.03,No
CUST-101107,Female,0,No,No,43,Yes,Yes,DSL,Yes,No,Yes,Yes,Yes,Yes,Month-to-month,No,Bank transfer (automatic),71.82,3112.72,Yes
CUST-101108,Female,0,Yes,Yes,13,Yes,Yes,No,No internet service,No internet service,No internet service,No internet service,No internet service,No internet service,Month-to-month,Yes,Credit card (automatic),35.89,466.09,No
CUST-101109,Male,0,No,Yes,19,Yes,No,DSL,No,Yes,Yes,No,Yes,No,Month-to-month,Yes,Bank transfer (automatic),66.24,1259.47,No
CUST-101110,Female,1,Yes,Yes,14,Yes,Yes,DSL,No,No,No,No,No,No,Month-to-month,Yes,Electronic check,51.21,716.61,No
CUST-101111,Male,0,No,No,56,Yes,No,No,No internet service,No internet service,No internet service,No internet service,No internet service,No internet service,Month-to-month,No,Credit card (automatic),20.55,1118.48,No
CUST-101112,Male,0,Yes,No,10,Yes,Yes,Fiber optic,Yes,Yes,Yes,No,Yes,No,One year,No,Bank transfer (automatic),98.18,991.85,No
CUST-101113,Male,0,No,Yes,11,Yes,No,Fiber optic,Yes,No,Yes,No,Yes,No,Month-to-month,No,Credit card (automatic),95.83,1037.71,Yes
CUST-101114,Male,0,No,Yes,55,Yes,No,Fiber optic,Yes,No,Yes,Yes,No,No,One year,Yes,Mailed check,92.97,5088.11,No
CUST-101115,Male,0,Yes,No,6,Yes,Yes,Fiber optic,No,Yes,No,No,Yes,No,Two year,No,Mailed check,86.17,482.09,No
CUST-101116,Female,0,Yes,No,25,Yes,Yes,No,No internet service,No internet service,No internet service,No internet service,No internet service,No internet service,Month-to-month,Yes,Bank transfer (automatic),26.23,624.97,No
CUST-101117,Female,1,No,No,13,No,No phone service,DSL,Yes,No,No,No,Yes,No,One year,No,Bank transfer (automatic),59.48,727.85,No
CUST-101118,Female,0,No,Yes,21,Yes,No,DSL,No,No,No,No,No,No,Month-to-month,No,Electronic check,53.95,1112.45,Yes
CUST-101119,Male,1,Yes,No,10,Yes,No,DSL,No,No,No,No,No,Yes,Month-to-month,Yes,Mailed check,61.51,606.41,Yes
CUST-101120,Male,1,Yes,No,32,Yes,Yes,No,No internet service,No internet service,No internet service,No internet service,No internet service,No internet service,One year,Yes,Bank transfer (automatic),31.04,1014.51,No
CUST-101121,Male,1,Yes,No,3,Yes,Yes,DSL,No,No,No,No,No,Yes,Month-to-month,Yes,Credit card (automatic),60.56,182.89,No
CUST-101122,Male,0,No,Yes,39,Yes,No,Fiber optic,No,No,No,Yes,No,Yes,Month-to-month,Yes,Electronic check,96.57,3771.3,Yes
CUST-101123,Male,1,No,No,6,Yes,Yes,Fiber optic,No,No,No,No,Yes,No,Two year,No,Electronic check,84.83,534.57,No
CUST-101124,Female,0,Yes,No,26,No,No phone service,No,No internet service,No internet service,No internet service,No internet service,No internet service,No internet service,Month-to-month,Yes,Mailed check,22.78,535.26,No
CUST-101125,Female,0,No,Yes,12,Yes,Yes,DSL,No,Yes,No,No,Yes,Yes,One year,No,Electronic check,76.92,930.87,Yes
CUST-101126,Female,0,No,No,26,Yes,Yes,Fiber optic,No,Yes,Yes,No,No,No,One year,Yes,Electronic check,80.44,2097.74,No
CUST-101127,Female,0,No,No,72,No,No phone service,No,No internet service,No internet service,No internet service,No internet service,No internet service,No internet service,Month-to-month,Yes,Mailed check,21.76,1583.19,No
CUST-101128,Female,0,Yes,No,24,Yes,No,DSL,No,Yes,No,No,No,No,One year,No,Bank transfer (automatic),55.44,1294.63,Yes
CUST-101129,Female,0,Yes,No,49,Yes,No,Fiber optic,No,No,No,No,Yes,Yes,Month-to-month,Yes,Mailed check,89.96,4396.56,Yes
CUST-101130,Male,0,Yes,No,9,Yes,Yes,DSL,No,Yes,No,Yes,Yes,No,Month-to-month,No,Mailed check,69.3,605.08,No
CUST-101131,Female,0,Yes,No,38,Yes,Yes,DSL,Yes,No,Yes,No,No,No,Two year,No,Credit card (automatic),62.65,2354.94,No
CUST-101132,Female,1,Yes,Yes,6,No,No phone service,DSL,No,No,Yes,No,No,No,Month-to-month,Yes,Mailed check,42.74,302.69,No
CUST-101133,Female,0,Yes,No,24,Yes,Yes,DSL,No,Yes,Yes,No,Yes,No,One year,Yes,Credit card (automatic),70.11,1671.32,No
CUST-101134,Female,0,Yes,Yes,37,Yes,Yes,DSL,No,No,Yes,No,No,Yes,Month-to-month,Yes,Electronic check,64.13,2391.35,No
CUST-101135,Male,0,No,No,0,Yes,No,No,No internet service,No internet service,No internet service,No internet service,No internet service,No internet service,Month-to-month,No,Credit card (automatic),32.15,14.11,No
CUST-101136,Female,0,Yes,Yes,13,No,No phone service,Fiber optic,No,No,No,No,No,No,One year,Yes,Credit card (automatic),67.47,848.31,No
CUST-101137,Male,0,No,No,12,Yes,No,Fiber optic,No,No,No,No,No,No,One year,No,Electronic check,82.76,982.62,Yes
CUST-101138,Female,0,Yes,No,27,No,No phone service,Fiber optic,No,No,Yes,Yes,Yes,No,Month-to-month,No,Bank transfer (automatic),88.55,2392.06,No
CUST-101139,Female,0,No,Yes,14,Yes,No,No,No internet service,No internet service,No internet service,No internet service,No internet service,No internet service,One year,Yes,Bank transfer (automatic),27.87,398.09,Yes
CUST-101140,Female,0,Yes,Yes,43,No,No phone service,DSL,No,No,No,Yes,Yes,No,Month-to-month,No,Mailed check,63.09,2719.48,No
CUST-101141,Male,0,No,No,30,Yes,No,DSL,No,Yes,No,No,Yes,Yes,Month-to-month,Yes,Bank transfer (automatic),81.69,2485.76,No
CUST-101142,Female,0,No,Yes,41,Yes,Yes,DSL,No,No,Yes,No,Yes,No,One year,Yes,Electronic check,64.16,2648.77,No
CUST-101143,Female,1,Yes,No,14,Yes,Yes,No,No internet service,No internet service,No internet service,No internet service,No internet service,No internet service,One year,Yes,Mailed check,25.04,363.7,No
CUST-101144,Male,0,No,No,34,Yes,Yes,No,No internet service,No internet service,No internet service,No internet service,No internet service,No internet service,Month-to-month,No,Credit card (automatic),29.72,1029.85,No
CUST-101145,Male,1,Yes,No,7,Yes,No,Fiber optic,No,Yes,Yes,Yes,Yes,Yes,One year,Yes,Electronic check,102.31,743.23,No
CUST-101146,Female,0,No,No,72,Yes,Yes,DSL,No,No,Yes,No,Yes,Yes,Month-to-month,No,Electronic check,67.8,4869.14,No
CUST-101147,Female,0,Yes,Yes,7,Yes,No,Fiber optic,Yes,Yes,No,No,Yes,No,Two year,Yes,Electronic check,101.23,677.02,No
CUST-101148,Female,0,Yes,No,18,Yes,Yes,Fiber optic,No,No,No,Yes,No,No,Two year,No,Credit card (automatic),85.29,1523.09,No
CUST-101149,Female,1,Yes,No,47,Yes,Yes,DSL,Yes,No,Yes,Yes,Yes,No,Month-to-month,No,Electronic check,71.57,3336.32,Yes
CUST-101150,Male,1,No,No,19,Yes,Yes,DSL,No,Yes,No,No,Yes,No,Month-to-month,No,Electronic check,78.54,1472.6,Yes
CUST-101151,Female,0,Yes,No,11,Yes,Yes,DSL,No,No,No,No,No,Yes,Two year,Yes,Bank transfer (automatic),55.47,612.17,No
CUST-101152,Male,0,No,No,34,Yes,No,Fiber optic,No,Yes,Yes,No,Yes,No,Two year,Yes,Bank transfer (automatic),97.48,3303.25,No
CUST-101153,Female,0,Yes,Yes,4,Yes,No,No,No internet service,No internet service,No internet service,No internet service,No internet service,No internet service,Month-to-month,Yes,Mailed check,24.81,112.2,No
CUST-101154,Male,0,Yes,No,4,Yes,No,DSL,No,No,No,No,Yes,No,Month-to-month,Yes,Credit card (automatic),68.12,278.55,No
CUST-101155,Female,1,Yes,Yes,13,Yes,No,No,No internet service,No internet service,No internet service,No internet service,No internet service,No internet service,Month-to-month,No,Electronic check,25.88,343.73,No
CUST-101156,Male,0,No,Yes,45,Yes,Yes,Fiber optic,No,No,Yes,Yes,No,No,Two year,Yes,Bank transfer (automatic),85.86,3838.4,No
CUST-101157,Female,0,No,No,30,No,No phone service,Fiber optic,No,Yes,Yes,No,No,Yes,Two year,Yes,Bank transfer (automatic),79.76,2375.25,No
CUST-101158,Male,0,Yes,No,20,Yes,No,No,No internet service,No internet service,No internet service,No internet service,No internet service,No internet service,Two year,No,Electronic check,36.33,688.4,No
CUST-101159,Male,0,No,No,6,Yes,Yes,Fiber optic,Yes,Yes,No,Yes,No,Yes,Month-to-month,Yes,Credit card (automatic),98.53,602.54,Yes
CUST-101160,Female,1,Yes,Yes,18,Yes,No,DSL,Yes,No,Yes,No,Yes,Yes,Two year,No,Mailed check,79.92,1477.0,Yes
CUST-101161,Male,0,Yes,Yes,19,Yes,No,DSL,Yes,No,No,No,No,No,Month-to-month,Yes,Electronic check,58.02,1105.96,No
CUST-101162,Female,0,No,No,15,Yes,Yes,No,No internet service,No internet service,No internet service,No internet service,No internet service,No internet service,Month-to-month,Yes,Electronic check,25.79,392.2,No
CUST-101163,Female,0,Yes,No,10,Yes,No,Fiber optic,No,No,No,No,Yes,No,Month-to-month,No,Electronic check,77.09,760.27,No
CUST-101164,Female,0,Yes,Yes,10,Yes,Yes,DSL,No,Yes,Yes,No,Yes,No,Month-to-month,Yes,Credit card (automatic),69.09,686.57,No
CUST-101165,Male,0,No,No,1,Yes,No,Fiber optic,Yes,Yes,No,Yes,No,Yes,One year,No,Electronic check,99.91,125.4,Yes
CUST-101166,Male,1,Yes,No,11,Yes,Yes,DSL,No,No,Yes,No,No,No,Month-to-month,Yes,Credit card (automatic),58.28,642.9,Yes
CUST-101167,Male,0,No,No,27,No,No phone service,DSL,Yes,No,No,Yes,No,No,Month-to-month,Yes,Electronic check,63.58,1729.45,No
CUST-101168,Female,0,No,No,6,No,No phone service,No,No internet service,No internet service,No internet service,No internet service,No internet service,No internet service,Two year,Yes,Credit card (automatic),22.58,161.5,No
CUST-101169,Female,0,No,No,3,Yes,No,Fiber optic,Yes,No,No,Yes,Yes,No,Month-to-month,Yes,Credit card (automatic),99.44,320.33,No
CUST-101170,Female,0,No,Yes,19,Yes,No,DSL,No,No,No,No,No,Yes,Month-to-month,Yes,Electronic check,59.78,1136.47,No
CUST-101171,Female,0,No,No,38,No,No phone service,Fiber optic,No,No,No,No,No,No,Month-to-month,Yes,Electronic check,64.75,2462.62,No
CUST-101172,Male,0,Yes,No,1,Yes,Yes,No,No internet service,No internet service,No internet service,No internet service,No internet service,No internet service,Month-to-month,Yes,Credit card (automatic),26.88,19.15,Yes
CUST-101173,Male,0,No,Yes,4,Yes,No,DSL,Yes,No,Yes,No,No,No,Month-to-month,No,Electronic check,59.06,246.22,Yes
CUST-101174,Male,0,No,Yes,20,Yes,Yes,DSL,No,No,Yes,Yes,No,No,One year,Yes,Electronic check,61.8,1227.73,No
CUST-101175,Male,0,No,No,59,Yes,No,Fiber optic,No,Yes,No,No,No,No,Month-to-month,No,Credit card (automatic),81.02,4787.18,No
CUST-101176,Male,0,Yes,No,20,Yes,No,DSL,No,No,No,No,Yes,Yes,Month-to-month,Yes,Credit card (automatic),62.29,1266.57,No
CUST-101177,Male,0,No,No,18,Yes,No,DSL,Yes,Yes,No,No,No,Yes,Two year,No,Bank transfer (automatic),76.07,1335.54,No
CUST-101178,Male,0,No,No,72,Yes,No,DSL,No,Yes,No,No,Yes,Yes,Month-to-month,Yes,Credit card (automatic),73.44,5250.53,No
CUST-101179,Male,0,Yes,No,53,Yes,Yes,DSL,No,Yes,Yes,No,No,Yes,One year,Yes,Mailed check,68.68,3639.15,No
CUST-101180,Female,0,No,Yes,13,Yes,Yes,Fiber optic,No,Yes,No,No,No,Yes,Month-to-month,Yes,Bank transfer (automatic),86.58,1138.92,No
CUST-101181,Female,1,Yes,No,70,Yes,No,DSL,Yes,Yes,No,No,Yes,No,Two year,Yes,Mailed check,69.1,4842.74,No
CUST-101182,Female,0,Yes,No,33,Yes,Yes,Fiber optic,No,Yes,No,No,Yes,Yes,Month-to-month,Yes,Bank transfer (automatic),95.55,3128.93,No
CUST-101183,Male,0,No,No,9,Yes,Yes,Fiber optic,No,Yes,Yes,Yes,No,No,One year,Yes,Bank transfer (automatic),87.22,802.97,No
CUST-101184,Male,0,Yes,Yes,4,Yes,No,DSL,Yes,Yes,No,Yes,No,Yes,One year,No,Bank transfer (automatic),76.65,344.77,No
CUST-101185,Male,0,Yes,Yes,6,Yes,No,DSL,No,Yes,No,No,Yes,Yes,One year,Yes,Credit card (automatic),72.12,415.35,No
CUST-101186,Male,0,Yes,No,13,Yes,No,No,No internet service,No internet service,No internet service,No internet service,No internet service,No internet service,Two year,No,Mailed check,30.99,388.37,No
CUST-101187,Female,0,Yes,Yes,4,Yes,Yes,Fiber optic,Yes,Yes,Yes,Yes,Yes,Yes,Month-to-month,Yes,Bank transfer (automatic),111.56,446.75,Yes
CUST-101188,Female,0,No,Yes,72,Yes,Yes,Fiber optic,No,No,Yes,Yes,Yes,Yes,Month-to-month,Yes,Mailed check,103.46,7446.6,No
CUST-101189,Male,0,No,No,7,Yes,Yes,Fiber optic,No,No,No,Yes,Yes,No,Two year,Yes,Electronic check,91.35,663.51,Yes
CUST-101190,Male,1,No,No,61,Yes,No,No,No internet service,No internet service,No internet service,No internet service,No internet service,No internet service,Two year,Yes,Electronic check,29.54,1807.61,No
CUST-101191,Male,0,Yes,No,26,Yes,No,DSL,No,Yes,No,No,No,No,Month-to-month,No,Credit card (automatic),54.64,1414.81,No
CUST-101192,Male,1,No,Yes,59,Yes,No,DSL,No,Yes,No,No,Yes,No,One year,Yes,Mailed check,69.6,4094.61,No
CUST-101193,Female,1,No,Yes,2,Yes,No,No,No internet service,No internet service,No internet service,No internet service,No internet service,No internet service,One year,No,Bank transfer (automatic),23.28,16.01,No
CUST-101194,Female,1,No,No,19,Yes,No,DSL,No,No,No,No,Yes,No,One year,Yes,Mailed check,61.17,1189.62,No
CUST-101195,Female,0,Yes,No,6,Yes,Yes,Fiber optic,Yes,Yes,Yes,Yes,Yes,Yes,Two year,Yes,Credit card (automatic),108.18,661.63,Yes
CUST-101196,Female,0,Yes,Yes,72,Yes,No,DSL,No,Yes,Yes,No,Yes,No,Two year,Yes,Bank transfer (automatic),69.52,5003.63,No
CUST-101197,Female,0,No,No,51,Yes,Yes,Fiber optic,No,Yes,No,Yes,Yes,Yes,Month-to-month,No,Electronic check,107.56,5487.73,No
CUST-101198,Female,0,No,Yes,8,Yes,No,Fiber optic,No,No,Yes,Yes,No,Yes,One year,Yes,Mailed check,97.22,775.61,Yes
CUST-101199,Female,1,Yes,Yes,72,No,No phone service,Fiber optic,No,No,Yes,No,No,Yes,Month-to-month,No,Bank transfer (automatic),86.23,6173.25,No
CUST-101200,Female,0,No,Yes,33,Yes,Yes,Fiber optic,No,No,No,Yes,No,No,Month-to-month,Yes,Electronic check,81.79,2670.65,Yes
CUST-101201,Male,0,Yes,No,23,Yes,Yes,DSL,No,Yes,Yes,No,Yes,No,Two year,Yes,Mailed check,73.64,1689.64,No
CUST-101202,Female,0,Yes,Yes,46,Yes,No,DSL,Yes,Yes,Yes,No,No,Yes,One year,No,Electronic check,72.23,3318.16,No
CUST-101203,Female,0,No,No,21,Yes,No,Fiber optic,Yes,No,Yes,No,No,Yes,Month-to-month,Yes,Electronic check,93.17,1956.33,No
CUST-101204,Female,0,No,No,44,Yes,Yes,DSL,Yes,No,Yes,No,Yes,No,One year,No,Credit card (automatic),70.52,3136.83,No
CUST-101205,Female,0,Yes,No,26,Yes,No,Fiber optic,No,No,Yes,No,No,No,Month-to-month,Yes,Credit card (automatic),85.4,2214.67,No
CUST-101206,Female,1,No,Yes,2,Yes,Yes,Fiber optic,Yes,No,Yes,Yes,Yes,No,Month-to-month,No,Bank transfer (automatic),97.81,180.36,Yes
CUST-101207,Female,0,No,Yes,13,Yes,Yes,Fiber optic,Yes,No,No,No,No,Yes,One year,Yes,Electronic check,93.78,1220.2,No
CUST-101208,Male,0,Yes,Yes,21,Yes,Yes,DSL,No,Yes,No,Yes,Yes,Yes,One year,No,Credit card (automatic),79.92,1650.38,No
CUST-101209,Female,0,No,No,27,Yes,No,No,No internet service,No internet service,No internet service,No internet service,No internet service,No internet service,Month-to-month,Yes,Bank transfer (automatic),29.35,795.56,Yes
CUST-101210,Female,1,No,No,5,Yes,No,Fiber optic,Yes,No,No,No,No,No,Month-to-month,No,Credit card (automatic),79.58,383.4,Yes
CUST-101211,Female,0,No,Yes,33,Yes,No,DSL,Yes,Yes,Yes,No,No,Yes,One year,Yes,Electronic check,73.46,2428.68,Yes
CUST-101212,Male,0,No,No,23,Yes,No,No,No internet service,No internet service,No internet service,No internet service,No internet service,No internet service,Month-to-month,No,Electronic check,27.63,631.88,No
CUST-101213,Female,0,No,No,41,Yes,No,DSL,No,No,Yes,Yes,No,No,Two year,No,Bank transfer (automatic),63.35,2594.52,No
CUST-101214,Male,1,Yes,Yes,47,Yes,Yes,No,No internet service,No internet service,No internet service,No internet service,No internet service,No internet service,Month-to-month,No,Credit card (automatic),24.77,1176.72,No
CUST-101215,Male,0,Yes,Yes,58,Yes,Yes,DSL,Yes,No,No,No,No,Yes,Two year,Yes,Electronic check,60.83,3542.83,No
CUST-101216,Female,0,No,Yes,12,Yes,Yes,Fiber optic,Yes,Yes,No,No,Yes,No,Month-to-month,Yes,Electronic check,87.47,1090.3,Yes
CUST-101217,Female,1,No,Yes,12,Yes,No,Fiber optic,Yes,Yes,No,No,No,No,Month-to-month,No,Bank transfer (automatic),90.98,1105.65,Yes
CUST-101218,Female,0,Yes,No,43,Yes,No,DSL,Yes,Yes,Yes,Yes,Yes,Yes,Month-to-month,Yes,Credit card (automatic),91.78,3941.64,No
CUST-101219,Male,0,Yes,Yes,3,Yes,Yes,Fiber optic,No,No,No,No,Yes,Yes,One year,No,Credit card (automatic),85.96,245.23,Yes
CUST-101220,Female,0,No,No,20,Yes,Yes,DSL,No,Yes,No,Yes,No,Yes,Two year,Yes,Credit card (automatic),71.3,1432.94,No
CUST-101221,Female,0,Yes,No,5,No,No phone service,Fiber optic,No,Yes,Yes,Yes,No,No,Month-to-month,Yes,Bank transfer (automatic),82.49,441.68,Yes
CUST-101222,Female,0,Yes,No,10,Yes,No,No,No internet service,No internet service,No internet service,No internet service,No internet service,No internet service,Month-to-month,Yes,Credit card (automatic),32.87,345.83,Yes
CUST-101223,Female,0,No,No,72,Yes,Yes,Fiber optic,No,Yes,No,No,No,No,Month-to-month,No,Mailed check,82.16,5901.27,No
CUST-101224,Male,0,No,No,5,Yes,No,Fiber optic,No,No,Yes,No,Yes,Yes,One year,Yes,Electronic check,100.18,509.95,No
CUST-101225,Female,0,No,No,5,Yes,No,DSL,No,No,No,No,Yes,Yes,Month-to-month,Yes,Bank transfer (automatic),67.3,340.94,No
CUST-101226,Male,0,No,No,27,Yes,No,DSL,No,No,Yes,No,Yes,No,Two year,No,Bank transfer (automatic),62.25,1701.73,No
CUST-101227,Female,0,Yes,No,1,Yes,Yes,No,No internet service,No internet service,No internet service,No internet service,No internet service,No internet service,Month-to-month,Yes,Mailed check,31.07,37.1,No
CUST-101228,Male,0,No,Yes,3,Yes,No,Fiber optic,Yes,No,No,No,No,No,One year,No,Electronic check,87.31,267.21,No
CUST-101229,Male,1,Yes,No,37,Yes,Yes,Fiber optic,Yes,No,No,No,Yes,No,Two year,Yes,Bank transfer (automatic),85.92,3155.41,No
CUST-101230,Female,0,Yes,Yes,36,Yes,Yes,Fiber optic,Yes,Yes,No,No,Yes,Yes,Month-to-month,Yes,Credit card (automatic),108.57,3924.36,Yes
CUST-101231,Female,0,No,No,8,Yes,Yes,Fiber optic,No,Yes,No,No,No,Yes,Month-to-month,Yes,Mailed check,87.1,668.99,No
CUST-101232,Female,0,No,No,33,Yes,No,DSL,No,Yes,Yes,No,No,No,Two year,Yes,Credit card (automatic),52.67,1739.9,No
CUST-101233,Female,0,No,No,21,Yes,No,DSL,Yes,No,No,Yes,No,No,Month-to-month,No,Mailed check,63.04,1312.82,No
CUST-101234,Female,0,Yes,No,0,Yes,No,Fiber optic,Yes,No,No,No,Yes,Yes,One year,Yes,Electronic check,101.03,0.0,No
CUST-101235,Male,0,No,Yes,0,Yes,No,DSL,No,Yes,No,Yes,No,No,Two year,Yes,Electronic check,56.94,11.65,No
CUST-101236,Male,0,No,No,29,Yes,No,DSL,No,No,No,No,No,No,Month-to-month,Yes,Mailed check,45.07,1306.97,No
CUST-101237,Male,0,No,No,9,Yes,Yes,Fiber optic,Yes,Yes,No,Yes,Yes,Yes,Two year,No,Electronic check,107.02,915.31,Yes
CUST-101238,Male,0,No,No,15,Yes,Yes,Fiber optic,No,No,No,No,No,No,Month-to-month,No,Bank transfer (automatic),75.49,1128.39,Yes
CUST-101239,Male,0,Yes,No,1,Yes,Yes,Fiber optic,No,No,No,No,Yes,No,One year,Yes,Credit card (automatic),91.48,83.71,Yes
CUST-101240,Female,0,No,Yes,23,Yes,No,No,No internet service,No internet service,No internet service,No internet service,No internet service,No internet service,Month-to-month,Yes,Mailed check,28.05,670.3,No
CUST-101241,Female,1,No,No,17,No,No phone service,Fiber optic,No,No,No,No,Yes,Yes,Month-to-month,Yes,Credit card (automatic),88.94,1487.13,Yes
CUST-101242,Female,0,No,Yes,22,Yes,No,DSL,No,No,No,No,No,Yes,Month-to-month,No,Credit card (automatic),61.84,1398.82,No
CUST-101243,Male,0,No,No,7,Yes,No,Fiber optic,No,No,No,No,No,No,Month-to-month,Yes,Mailed check,84.27,607.02,Yes
CUST-101244,Female,0,No,No,1,Yes,No,Fiber optic,Yes,Yes,No,No,No,No,Month-to-month,Yes,Electronic check,84.43,78.87,No
CUST-101245,Female,0,Yes,No,4,No,No phone service,Fiber optic,No,No,Yes,Yes,Yes,Yes,Month-to-month,No,Electronic check,94.65,370.22,No
CUST-101246,Female,0,Yes,No,34,Yes,No,No,No internet service,No internet service,No internet service,No internet service,No internet service,No internet service,One year,Yes,Bank transfer (automatic),21.72,725.71,No
CUST-101247,Male,0,No,No,66,Yes,No,DSL,No,No,Yes,No,No,No,Month-to-month,No,Mailed check,60.25,3982.89,No
CUST-101248,Male,0,No,No,4,Yes,Yes,Fiber optic,No,Yes,No,No,No,Yes,Month-to-month,Yes,Bank transfer (automatic),95.46,366.08,No
CUST-101249,Female,0,No,No,55,Yes,No,DSL,No,No,No,Yes,No,Yes,Month-to-month,No,Bank transfer (automatic),69.49,3819.6,Yes
CUST-101250,Male,0,Yes,No,25,Yes,No,DSL,No,No,No,No,Yes,No,Month-to-month,Yes,Bank transfer (automatic),60.5,1490.77,Yes
CUST-101251,Male,0,Yes,No,72,Yes,No,Fiber optic,Yes,No,No,Yes,No,Yes,Month-to-month,Yes,Electronic check,90.04,6497.14,No
CUST-101252,Male,0,No,No,2,Yes,No,DSL,Yes,Yes,Yes,No,No,No,Month-to-month,Yes,Electronic check,66.65,136.69,No
CUST-101253,Female,0,No,No,26,Yes,No,DSL,No,Yes,Yes,No,Yes,Yes,One year,Yes,Mailed check,75.29,1948.18,No
CUST-101254,Female,1,Yes,Yes,32,Yes,No,Fiber optic,Yes,No,Yes,Yes,No,Yes,One year,No,Credit card (automatic),103.69,3313.24,No
CUST-101255,Male,0,No,Yes,3,Yes,Yes,DSL,No,No,Yes,No,No,Yes,One year,Yes,Bank transfer (automatic),63.29,176.01,No
CUST-101256,Male,1,Yes,Yes,4,Yes,No,Fiber optic,No,Yes,No,No,No,No,Month-to-month,Yes,Bank transfer (automatic),81.21,331.11,Yes
CUST-101257,Female,0,No,Yes,11,No,No phone service,DSL,Yes,Yes,No,No,Yes,Yes,Two year,No,Bank transfer (automatic),79.7,851.6,No
CUST-101258,Female,0,Yes,No,16,Yes,Yes,Fiber optic,Yes,Yes,No,No,Yes,Yes,One year,Yes,Mailed check,107.2,1733.24,Yes
CUST-101259,Female,0,Yes,Yes,32,Yes,Yes,Fiber optic,No,No,Yes,No,No,Yes,One year,No,Electronic check,94.3,3021.07,Yes
CUST-101260,Male,0,Yes,No,29,Yes,Yes,Fiber optic,Yes,No,No,No,Yes,No,Month-to-month,No,Electronic check,88.95,2570.58,Yes
CUST-101261,Female,1,No,Yes,37,Yes,No,Fiber optic,Yes,No,No,No,Yes,Yes,Month-to-month,Yes,Electronic check,94.6,3511.95,Yes
CUST-101262,Male,0,No,Yes,33,Yes,Yes,No,No internet service,No internet service,No internet service,No internet service,No internet service,No internet service,Month-to-month,No,Electronic check,32.27,1072.68,No
CUST-101263,Female,0,No,No,6,Yes,Yes,DSL,No,No,Yes,No,Yes,Yes,Month-to-month,No,Electronic check,78.97,452.91,No
CUST-101264,Male,0,Yes,No,72,Yes,No,Fiber optic,Yes,No,No,No,Yes,No,One year,No,Bank transfer (automatic),85.85,6207.35,No
CUST-101265,Male,1,Yes,No,7,Yes,No,No,No internet service,No internet service,No internet service,No internet service,No internet service,No internet service,Month-to-month,Yes,Electronic check,25.93,131.58,No
CUST-101266,Male,0,Yes,No,21,Yes,Yes,Fiber optic,No,No,No,Yes,No,No,Month-to-month,Yes,Electronic check,79.34,1687.93,Yes
CUST-101267,Male,0,No,No,23,Yes,No,No,No internet service,No internet service,No internet service,No internet service,No internet service,No internet service,Month-to-month,No,Electronic check,29.93,685.13,No
CUST-101268,Female,1,Yes,No,45,Yes,No,Fiber optic,No,No,Yes,No,No,No,Month-to-month,No,Electronic check,86.35,3905.56,No
CUST-101269,Male,1,No,Yes,46,Yes,No,Fiber optic,No,Yes,No,Yes,Yes,No,Month-to-month,Yes,Electronic check,94.53,4377.19,Yes
CUST-101270,Male,0,No,Yes,14,Yes,No,DSL,No,Yes,Yes,No,Yes,Yes,Month-to-month,Yes,Electronic check,76.52,1062.73,No
CUST-101271,Male,0,No,No,27,Yes,No,DSL,No,No,Yes,No,Yes,Yes,Month-to-month,No,Electronic check,65.17,1751.98,Yes
CUST-101272,Female,1,Yes,No,2,Yes,No,Fiber optic,No,No,Yes,No,No,Yes,Month-to-month,No,Credit card (automatic),86.18,178.65,No
CUST-101273,Female,0,No,No,5,Yes,Yes,Fiber optic,No,Yes,Yes,No,No,No,One year,No,Electronic check,93.03,442.48,No
CUST-101274,Female,0,Yes,No,2,Yes,Yes,Fiber optic,No,No,No,Yes,No,No,Two year,No,Electronic check,84.97,163.31,Yes
CUST-101275,Female,0,Yes,Yes,15,Yes,Yes,No,No internet service,No internet service,No internet service,No internet service,No internet service,No internet service,Two year,Yes,Mailed check,31.71,467.32,No
CUST-101276,Female,0,No,No,39,No,No phone service,DSL,Yes,No,Yes,No,No,No,One year,No,Electronic check,52.54,2025.34,Yes
CUST-101277,Female,0,No,No,10,Yes,No,Fiber optic,Yes,Yes,No,No,Yes,No,Month-to-month,Yes,Mailed check,94.91,939.72,No
CUST-101278,Male,0,No,No,25,Yes,No,No,No internet service,No internet service,No internet service,No internet service,No internet service,No internet service,One year,Yes,Mailed check,28.07,716.81,No
CUST-101279,Female,0,Yes,Yes,11,Yes,Yes,No,No internet service,No internet service,No internet service,No internet service,No internet service,No internet service,Two year,Yes,Credit card (automatic),29.3,335.92,No
CUST-101280,Female,0,No,No,46,Yes,No,No,No internet service,No internet service,No internet service,No internet service,No internet service,No internet service,Month-to-month,No,Credit card (automatic),33.5,1537.46,No
CUST-101281,Female,0,No,Yes,39,Yes,Yes,Fiber optic,Yes,No,No,No,Yes,No,Month-to-month,Yes,Bank transfer (automatic),88.31,3445.34,No
CUST-101282,Male,0,Yes,No,53,Yes,No,No,No internet service,No internet service,No internet service,No internet service,No internet service,No internet service,One year,Yes,Electronic check,27.45,1448.77,No
CUST-101283,Female,0,No,Yes,6,Yes,No,Fiber optic,Yes,Yes,No,Yes,No,No,Month-to-month,Yes,Mailed check,89.83,503.75,Yes
CUST-101284,Male,0,Yes,No,8,Yes,No,DSL,Yes,No,Yes,No,Yes,Yes,One year,Yes,Electronic check,70.13,540.71,No
CUST-101285,Male,0,No,Yes,1,Yes,No,DSL,No,No,Yes,No,Yes,No,Month-to-month,Yes,Credit card (automatic),68.68,87.86,Yes
CUST-101286,Female,0,No,No,3,Yes,No,Fiber optic,Yes,No,No,No,Yes,Yes,Month-to-month,Yes,Electronic check,105.99,341.91,No
CUST-101287,Male,0,No,No,7,Yes,No,No,No internet service,No internet service,No internet service,No internet service,No internet service,No internet service,One year,Yes,Bank transfer (automatic),31.06,200.25,No
CUST-101288,Male,1,No,No,46,Yes,No,Fiber optic,Yes,No,Yes,No,No,Yes,One year,Yes,Electronic check,95.92,4434.7,No
CUST-101289,Female,0,Yes,No,33,Yes,No,Fiber optic,No,No,Yes,No,No,Yes,One year,No,Mailed check,97.41,3190.52,No
CUST-101290,Male,0,No,No,16,Yes,No,Fiber optic,No,Yes,No,Yes,No,No,Two year,No,Electronic check,89.84,1427.1,Yes
CUST-101291,Female,0,No,No,30,Yes,Yes,Fiber optic,Yes,Yes,No,Yes,Yes,No,Two year,No,Mailed check,104.21,3123.92,No
CUST-101292,Male,0,Yes,No,31,Yes,Yes,DSL,Yes,No,Yes,Yes,No,No,Month-to-month,Yes,Bank transfer (automatic),67.56,2088.9,No
CUST-101293,Male,1,Yes,No,41,Yes,Yes,Fiber optic,No,No,Yes,No,No,No,Two year,Yes,Bank transfer (automatic),83.17,3396.13,No
CUST-101294,Female,1,No,No,8,Yes,No,DSL,No,No,No,No,No,Yes,Month-to-month,Yes,Electronic check,60.47,486.29,Yes
CUST-101295,Female,0,No,No,1,Yes,Yes,Fiber optic,No,No,No,No,No,Yes,Month-to-month,No,Electronic check,89.33,104.86,Yes
CUST-101296,Male,0,No,No,20,Yes,No,Fiber optic,No,No,No,No,No,Yes,Two year,Yes,Credit card (automatic),81.63,1603.52,No
CUST-101297,Female,0,No,No,15,Yes,No,Fiber optic,No,No,No,No,No,Yes,Month-to-month,Yes,Mailed check,87.68,1317.72,Yes
CUST-101298,Female,0,No,Yes,8,Yes,No,Fiber optic,No,No,No,No,Yes,No,Two year,No,Bank transfer (automatic),82.59,680.02,No
CUST-101299,Male,0,Yes,No,24,Yes,No,No,No internet service,No internet service,No internet service,No internet service,No internet service,No internet service,Month-to-month,No,Mailed check,30.04,712.71,No
CUST-101300,Female,1,Yes,Yes,15,Yes,No,No,No internet service,No internet service,No internet service,No internet service,No internet service,No internet service,Month-to-month,Yes,Bank transfer (automatic),37.58,552.76,No
CUST-101301,Male,0,No,Yes,40,Yes,Yes,DSL,Yes,Yes,Yes,No,Yes,Yes,Month-to-month,No,Bank transfer (automatic),85.8,3414.98,No
CUST-101302,Female,0,No,Yes,13,Yes,No,DSL,No,No,No,No,No,No,One year,Yes,Electronic check,57.7,790.11,Yes
CUST-101303,Female,0,No,Yes,3,Yes,No,DSL,No,No,Yes,Yes,No,No,Two year,Yes,Mailed check,65.61,226.69,No
CUST-101304,Female,0,No,No,1,Yes,Yes,DSL,No,No,No,No,No,Yes,Month-to-month,Yes,Mailed check,51.7,45.8,Yes
CUST-101305,Female,0,No,No,8,Yes,Yes,DSL,Yes,Yes,Yes,No,No,No,Month-to-month,No,Electronic check,66.47,555.37,No
CUST-101306,Male,0,No,Yes,12,Yes,No,No,No internet service,No internet service,No internet service,No internet service,No internet service,No internet service,Month-to-month,Yes,Bank transfer (automatic),29.79,346.96,No
CUST-101307,Male,0,No,No,45,Yes,Yes,No,No internet service,No internet service,No internet service,No internet service,No internet service,No internet service,Month-to-month,No,Electronic check,19.64,880.69,No
CUST-101308,Male,0,Yes,No,14,Yes,Yes,DSL,No,No,No,No,Yes,No,One year,Yes,Electronic check,59.86,816.84,No
CUST-101309,Female,0,No,No,16,Yes,No,Fiber optic,No,No,No,No,No,No,One year,No,Credit card (automatic),77.68,1206.02,No
CUST-101310,Female,0,No,No,5,Yes,No,No,No internet service,No internet service,No internet service,No internet service,No internet service,No internet service,Month-to-month,No,Credit card (automatic),23.07,103.75,Yes
CUST-101311,Male,1,Yes,No,41,Yes,Yes,Fiber optic,Yes,Yes,No,No,Yes,Yes,Month-to-month,No,Electronic check,100.12,4096.42,No
CUST-101312,Female,0,No,No,37,No,No phone service,No,No internet service,No internet service,No internet service,No internet service,No internet service,No internet service,One year,No,Bank transfer (automatic),25.35,946.48,No
CUST-101313,Female,0,No,No,72,Yes,No,No,No internet service,No internet service,No internet service,No internet service,No internet service,No internet service,Month-to-month,No,Electronic check,18.0,1309.1,Yes
CUST-101314,Female,0,No,No,46,Yes,No,No,No internet service,No internet service,No internet service,No internet service,No internet service,No internet service,Month-to-month,No,Bank transfer (automatic),29.09,1335.69,No
CUST-101315,Male,0,No,No,66,Yes,Yes,Fiber optic,Yes,Yes,No,No,Yes,Yes,One year,Yes,Mailed check,108.65,7151.08,No
CUST-101316,Female,0,Yes,No,3,Yes,No,Fiber optic,Yes,No,No,Yes,No,No,Month-to-month,No,Credit card (automatic),87.89,250.51,No
CUST-101317,Female,0,Yes,No,43,Yes,No,DSL,No,No,No,No,No,No,Month-to-month,Yes,Mailed check,58.63,2552.91,No
CUST-101318,Male,0,Yes,No,1,Yes,No,No,No internet service,No internet service,No internet service,No internet service,No internet service,No internet service,Month-to-month,Yes,Mailed check,26.29,38.87,No
CUST-101319,Male,1,Yes,No,72,Yes,No,DSL,Yes,No,No,Yes,No,Yes,One year,Yes,Credit card (automatic),67.38,4879.82,No
CUST-101320,Male,0,No,No,14,Yes,Yes,Fiber optic,No,No,No,No,Yes,No,Month-to-month,Yes,Electronic check,85.96,1238.98,No
CUST-101321,Male,0,No,No,4,Yes,Yes,DSL,No,Yes,No,No,No,Yes,Two year,No,Electronic check,64.47,244.73,Yes
CUST-101322,Female,0,No,No,3,Yes,No,Fiber optic,No,No,No,No,No,No,Month-to-month,Yes,Mailed check,75.71,243.53,No
CUST-101323,Female,1,Yes,No,63,No,No phone service,DSL,No,No,Yes,No,No,Yes,Month-to-month,Yes,Bank transfer (automatic),56.28,3527.6,Yes
CUST-101324,Female,1,Yes,No,20,No,No phone service,No,No internet service,No internet service,No internet service,No internet service,No internet service,No internet service,One year,No,Electronic check,18.0,380.67,No
CUST-101325,Male,0,Yes,No,0,Yes,Yes,Fiber optic,No,Yes,No,No,Yes,No,Month-to-month,No,Bank transfer (automatic),87.65,16.56,No
CUST-101326,Female,0,No,No,35,Yes,No,Fiber optic,No,Yes,Yes,Yes,Yes,Yes,Month-to-month,Yes,Mailed check,103.51,3580.57,Yes
CUST-101327,Male,0,Yes,No,35,Yes,Yes,Fiber optic,No,Yes,No,No,No,No,Month-to-month,No,Bank transfer (automatic),84.67,2971.51,Yes
CUST-101328,Female,0,No,Yes,18,Yes,Yes,Fiber optic,Yes,Yes,Yes,Yes,Yes,No,One year,Yes,Credit card (automatic),101.0,1800.87,No
CUST-101329,Male,0,No,No,5,Yes,Yes,Fiber optic,Yes,No,No,Yes,No,Yes,Month-to-month,Yes,Mailed check,91.03,448.34,No
CUST-101330,Male,0,No,Yes,5,Yes,No,No,No internet service,No internet service,No internet service,No internet service,No internet service,No internet service,Two year,No,Mailed check,23.71,105.36,No
CUST-101331,Female,0,Yes,No,11,Yes,No,No,No internet service,No internet service,No internet service,No internet service,No internet service,No internet service,Month-to-month,No,Mailed check,28.82,335.18,No
CUST-101332,Male,0,Yes,Yes,19,Yes,Yes,Fiber optic,No,No,Yes,No,Yes,Yes,Month-to-month,No,Electronic check,100.68,1899.25,Yes
CUST-101333,Female,0,No,No,72,Yes,No,No,No internet service,No internet service,No internet service,No internet service,No internet service,No internet service,Month-to-month,Yes,Credit card (automatic),31.0,2206.42,No
CUST-101334,Female,0,No,No,24,Yes,No,Fiber optic,Yes,No,No,No,No,No,Month-to-month,Yes,Credit card (automatic),83.86,1996.49,No
CUST-101335,Female,0,Yes,Yes,6,Yes,No,Fiber optic,No,No,Yes,No,No,No,Two year,Yes,Credit card (automatic),84.14,500.55,No
CUST-101336,Female,0,No,No,23,Yes,Yes,Fiber optic,Yes,No,No,No,No,No,Month-to-month,No,Credit card (automatic),82.78,1912.14,No
CUST-101337,Male,0,No,No,72,Yes,Yes,Fiber optic,No,No,Yes,No,No,Yes,Two year,Yes,Mailed check,91.82,6634.96,No
CUST-101338,Female,0,Yes,Yes,6,Yes,No,Fiber optic,Yes,Yes,No,Yes,Yes,Yes,Month-to-month,Yes,Bank transfer (automatic),110.76,674.83,Yes
CUST-101339,Male,0,Yes,No,5,Yes,No,Fiber optic,Yes,Yes,Yes,Yes,Yes,Yes,Month-to-month,Yes,Electronic check,110.08,562.08,No
CUST-101340,Female,0,Yes,Yes,1,Yes,No,DSL,No,No,No,No,No,No,Month-to-month,No,Credit card (automatic),48.7,63.47,Yes
CUST-101341,Male,0,Yes,Yes,21,Yes,Yes,Fiber optic,No,No,Yes,No,No,Yes,One year,Yes,Bank transfer (automatic),95.41,2019.96,No
CUST-101342,Male,0,Yes,Yes,1,Yes,No,Fiber optic,No,No,No,No,No,Yes,Month-to-month,No,Electronic check,86.5,107.17,No
CUST-101343,Female,0,No,No,72,Yes,No,Fiber optic,No,No,Yes,Yes,Yes,No,One year,Yes,Credit card (automatic),99.21,7193.22,No
CUST-101344,Male,0,Yes,No,55,Yes,No,No,No internet service,No internet service,No internet service,No internet service,No internet service,No internet service,Two year,Yes,Bank transfer (automatic),23.6,1314.02,No
CUST-101345,Female,0,No,No,4,Yes,Yes,DSL,No,Yes,Yes,No,Yes,No,One year,Yes,Credit card (automatic),68.38,279.25,No
CUST-101346,Female,0,No,No,7,Yes,Yes,DSL,Yes,Yes,Yes,Yes,No,No,Month-to-month,Yes,Bank transfer (automatic),66.49,456.13,Yes
CUST-101347,Female,0,Yes,No,7,Yes,Yes,Fiber optic,Yes,No,No,No,No,No,Two year,No,Credit card (automatic),85.59,605.33,Yes
CUST-101348,Female,0,Yes,No,3,Yes,No,DSL,No,No,Yes,Yes,Yes,No,Month-to-month,No,Mailed check,67.54,225.7,No
CUST-101349,Female,0,No,No,39,Yes,No,DSL,Yes,No,No,No,No,Yes,Month-to-month,Yes,Mailed check,63.78,2463.05,Yes
CUST-101350,Male,0,No,No,36,Yes,No,Fiber optic,No,No,No,No,Yes,No,Month-to-month,Yes,Bank transfer (automatic),93.82,3402.69,Yes
CUST-101351,Male,0,No,Yes,7,Yes,Yes,DSL,No,No,No,Yes,Yes,No,Two year,Yes,Electronic check,68.67,472.16,Yes
CUST-101352,Male,0,Yes,Yes,36,Yes,Yes,Fiber optic,Yes,Yes,Yes,No,No,Yes,Month-to-month,No,Electronic check,102.62,3689.68,No
CUST-101353,Female,0,Yes,No,26,Yes,No,DSL,No,Yes,Yes,No,No,Yes,One year,No,Credit card (automatic),65.19,1705.38,No
CUST-101354,Male,0,Yes,No,9,Yes,Yes,DSL,No,Yes,No,Yes,Yes,Yes,One year,No,Credit card (automatic),71.57,633.6,No
CUST-101355,Male,1,No,Yes,15,Yes,No,Fiber optic,Yes,No,No,No,No,Yes,Month-to-month,Yes,Credit card (automatic),94.88,1432.38,Yes
CUST-101356,Male,0,No,No,72,Yes,No,No,No internet service,No internet service,No internet service,No internet service,No internet service,No internet service,Month-to-month,Yes,Electronic check,19.04,1347.84,No
CUST-101357,Male,0,No,No,72,Yes,Yes,Fiber optic,No,No,No,No,No,Yes,One year,No,Electronic check,83.99,6064.8,No
CUST-101358,Male,0,No,Yes,45,Yes,No,DSL,No,No,No,Yes,No,Yes,Month-to-month,Yes,Credit card (automatic),62.75,2827.67,No
CUST-101359,Male,0,Yes,Yes,7,Yes,No,Fiber optic,No,No,Yes,Yes,No,No,Month-to-month,No,Electronic check,83.3,583.03,Yes
CUST-101360,Male,0,No,Yes,22,Yes,No,Fiber optic,Yes,Yes,No,No,No,Yes,Month-to-month,No,Mailed check,94.24,2078.77,No
CUST-101361,Male,0,Yes,No,62,Yes,Yes,Fiber optic,No,Yes,No,No,Yes,No,Two year,No,Mailed check,86.78,5379.96,Yes
CUST-101362,Male,0,No,No,7,Yes,Yes,DSL,Yes,Yes,No,No,No,No,Month-to-month,No,Credit card (automatic),58.14,415.81,No
CUST-101363,Male,0,No,No,27,Yes,No,DSL,Yes,No,No,Yes,Yes,Yes,Month-to-month,Yes,Mailed check,80.02,2156.39,Yes
CUST-101364,Female,0,No,Yes,4,Yes,Yes,Fiber optic,No,Yes,Yes,No,Yes,No,Month-to-month,No,Electronic check,99.27,391.26,Yes
CUST-101365,Male,0,Yes,No,20,Yes,Yes,Fiber optic,No,Yes,No,No,Yes,No,Month-to-month,Yes,Mailed check,84.05,1645.64,No
CUST-101366,Male,0,No,Yes,36,Yes,No,No,No internet service,No internet service,No internet service,No internet service,No internet service,No internet service,Two year,No,Electronic check,28.78,1063.38,No
CUST-101367,Male,0,No,No,72,Yes,No,Fiber optic,No,Yes,No,Yes,Yes,No,Month-to-month,Yes,Bank transfer (automatic),98.17,7044.98,No
CUST-101368,Female,1,Yes,No,17,Yes,No,Fiber optic,No,No,Yes,No,No,No,One year,No,Bank transfer (automatic),83.79,1456.74,No
CUST-101369,Female,0,Yes,No,72,Yes,No,Fiber optic,Yes,No,No,No,No,No,One year,No,Bank transfer (automatic),82.12,5907.79,No
CUST-101370,Female,0,No,No,47,Yes,Yes,Fiber optic,No,Yes,No,Yes,Yes,No,Month-to-month,Yes,Mailed check,93.61,4424.02,No
CUST-101371,Male,0,Yes,No,30,Yes,Yes,Fiber optic,Yes,No,Yes,Yes,No,No,Two year,Yes,Electronic check,95.03,2871.74,No
CUST-101372,Male,0,Yes,Yes,14,No,No phone service,DSL,No,No,Yes,Yes,No,Yes,Two year,Yes,Electronic check,63.34,906.0,No
CUST-101373,Male,0,Yes,No,48,Yes,No,No,No internet service,No internet service,No internet service,No internet service,No internet service,No internet service,One year,No,Credit card (automatic),20.42,981.09,No
CUST-101374,Female,0,Yes,Yes,62,Yes,No,Fiber optic,Yes,Yes,No,No,Yes,No,One year,No,Mailed check,95.12,5873.55,No
CUST-101375,Female,0,Yes,No,12,Yes,No,Fiber optic,Yes,No,No,Yes,No,No,Month-to-month,Yes,Mailed check,88.22,1055.0,Yes
CUST-101376,Female,0,No,No,21,Yes,Yes,Fiber optic,No,No,No,Yes,Yes,No,Two year,No,Mailed check,86.63,1812.94,No
CUST-101377,Female,0,Yes,No,25,No,No phone service,No,No internet service,No internet service,No internet service,No internet service,No internet service,No internet service,Month-to-month,No,Credit card (automatic),19.03,473.71,No
CUST-101378,Female,0,No,Yes,72,Yes,Yes,DSL,No,No,No,No,Yes,No,One year,No,Credit card (automatic),62.97,4509.29,No
CUST-101379,Female,0,Yes,No,17,Yes,Yes,No,No internet service,No internet service,No internet service,No internet service,No internet service,No internet service,Month-to-month,No,Electronic check,24.69,414.0,No
CUST-101380,Female,0,Yes,No,26,Yes,Yes,DSL,No,Yes,Yes,No,No,Yes,One year,No,Bank transfer (automatic),70.93,1785.73,No
CUST-101381,Male,0,Yes,No,72,Yes,No,DSL,No,No,Yes,No,No,No,Two year,No,Mailed check,53.04,3812.87,No
CUST-101382,Male,0,No,No,55,Yes,No,No,No internet service,No internet service,No internet service,No internet service,No internet service,No internet service,One year,Yes,Credit card (automatic),23.05,1270.27,No
CUST-101383,Female,0,No,Yes,4,Yes,No,DSL,No,No,Yes,Yes,Yes,Yes,Month-to-month,No,Credit card (automatic),80.46,306.2,No
CUST-101384,Male,0,No,No,26,Yes,No,Fiber optic,No,Yes,No,No,Yes,No,One year,Yes,Bank transfer (automatic),95.7,2482.8,No
CUST-101385,Male,0,Yes,Yes,71,Yes,No,Fiber optic,No,No,No,No,No,No,Two year,No,Credit card (automatic),73.27,5205.42,No
CUST-101386,Female,0,Yes,Yes,16,Yes,Yes,No,No internet service,No internet service,No internet service,No internet service,No internet service,No internet service,One year,No,Mailed check,31.81,529.22,No
CUST-101387,Male,1,Yes,No,28,Yes,No,No,No internet service,No internet service,No internet service,No internet service,No internet service,No internet service,Two year,No,Mailed check,27.95,803.69,No
CUST-101388,Female,0,No,No,72,Yes,Yes,DSL,No,Yes,Yes,No,No,No,Two year,Yes,Bank transfer (automatic),53.15,3832.91,No
CUST-101389,Female,0,Yes,Yes,21,Yes,No,No,No internet service,No internet service,No internet service,No internet service,No internet service,No internet service,Two year,Yes,Bank transfer (automatic),22.26,466.87,No
CUST-101390,Male,0,No,No,40,Yes,No,DSL,Yes,No,No,No,No,Yes,Month-to-month,Yes,Electronic check,68.43,2744.3,No
CUST-101391,Female,1,No,No,3,Yes,No,Fiber optic,No,No,No,No,No,No,Month-to-month,No,Mailed check,71.5,250.5,Yes
CUST-101392,Female,0,No,No,25,Yes,Yes,Fiber optic,No,No,No,No,No,No,Two year,No,Electronic check,75.53,1898.28,Yes
CUST-101393,Female,0,No,Yes,6,Yes,Yes,Fiber optic,No,Yes,No,No,No,Yes,Two year,Yes,Electronic check,90.67,549.23,Yes
CUST-101394,Male,1,Yes,No,30,Yes,Yes,Fiber optic,No,No,No,No,Yes,Yes,Month-to-month,Yes,Credit card (automatic),95.79,2895.16,No
CUST-101395,Female,0,No,Yes,9,Yes,Yes,No,No internet service,No internet service,No internet service,No internet service,No internet service,No internet service,Month-to-month,No,Electronic check,28.74,259.62,Yes
CUST-101396,Female,1,Yes,Yes,6,Yes,No,Fiber optic,Yes,Yes,No,No,No,No,Month-to-month,Yes,Credit card (automatic),94.27,548.55,No
CUST-101397,Female,0,No,No,19,Yes,Yes,No,No internet service,No internet service,No internet service,No internet service,No internet service,No internet service,One year,Yes,Mailed check,24.74,479.24,No
CUST-101398,Male,0,No,No,38,Yes,No,DSL,No,No,No,No,Yes,No,Two year,Yes,Bank transfer (automatic),61.39,2336.23,No
CUST-101399,Male,0,Yes,Yes,58,Yes,No,Fiber optic,Yes,No,No,No,No,Yes,One year,No,Credit card (automatic),92.81,5378.61,No
CUST-101400,Female,0,No,Yes,6,Yes,No,No,No internet service,No internet service,No internet service,No internet service,No internet service,No internet service,Month-to-month,No,Bank transfer (automatic),30.85,195.97,No
CUST-101401,Male,1,Yes,No,7,Yes,Yes,DSL,No,Yes,No,No,Yes,No,Month-to-month,No,Credit card (automatic),70.21,455.22,Yes
CUST-101402,Male,0,Yes,No,72,Yes,Yes,Fiber optic,No,No,No,No,Yes,Yes,Two year,Yes,Electronic check,92.26,6631.91,No
CUST-101403,Male,1,No,No,21,Yes,No,Fiber optic,No,No,Yes,No,No,No,Month-to-month,Yes,Mailed check,84.61,1759.24,No
CUST-101404,Male,0,Yes,No,12,Yes,No,Fiber optic,Yes,No,No,No,No,Yes,Month-to-month,No,Bank transfer (automatic),87.3,1032.1,No
CUST-101405,Male,0,No,Yes,6,Yes,No,DSL,No,Yes,Yes,Yes,No,Yes,Month-to-month,No,Bank transfer (automatic),74.69,445.06,No
CUST-101406,Male,1,No,No,33,Yes,Yes,DSL,Yes,Yes,Yes,No,No,Yes,Two year,Yes,Credit card (automatic),77.0,2522.8,No
CUST-101407,Female,0,No,No,11,Yes,Yes,DSL,No,Yes,No,No,No,No,Month-to-month,No,Bank transfer (automatic),61.9,714.44,No
CUST-101408,Male,1,Yes,No,20,Yes,Yes,DSL,No,No,Yes,Yes,Yes,Yes,Month-to-month,No,Electronic check,80.28,1614.63,No
CUST-101409,Male,0,Yes,Yes,0,Yes,No,DSL,No,Yes,No,Yes,No,No,Month-to-month,No,Electronic check,63.36,0.0,No
CUST-101410,Male,0,No,No,4,Yes,No,No,No internet service,No internet service,No internet service,No internet service,No internet service,No internet service,Two year,Yes,Credit card (automatic),27.68,75.91,No
CUST-101411,Female,0,Yes,No,3,Yes,Yes,DSL,No,Yes,No,Yes,Yes,No,Month-to-month,Yes,Mailed check,73.2,207.93,No
CUST-101412,Male,0,No,No,14,Yes,No,No,No internet service,No internet service,No internet service,No internet service,No internet service,No internet service,Month-to-month,Yes,Bank transfer (automatic),36.76,508.05,No
CUST-101413,Female,0,Yes,No,23,Yes,Yes,No,No internet service,No internet service,No internet service,No internet service,No internet service,No internet service,Month-to-month,No,Bank transfer (automatic),31.42,709.96,No
CUST-101414,Female,0,Yes,No,10,Yes,No,DSL,No,Yes,Yes,No,No,No,Month-to-month,No,Credit card (automatic),63.53,686.15,No
CUST-101415,Female,0,No,Yes,6,Yes,No,No,No internet service,No internet service,No internet service,No internet service,No internet service,No internet service,Two year,Yes,Credit card (automatic),22.52,102.04,No
CUST-101416,Female,0,No,No,17,No,No phone service,DSL,Yes,No,No,Yes,Yes,No,One year,Yes,Electronic check,59.62,1014.56,No
CUST-101417,Male,1,No,Yes,66,Yes,No,Fiber optic,No,Yes,No,Yes,No,No,Month-to-month,Yes,Credit card (automatic),86.7,5719.6,Yes
CUST-101418,Female,0,No,No,17,Yes,Yes,No,No internet service,No internet service,No internet service,No internet service,No internet service,No internet service,Two year,No,Electronic check,31.64,532.9,No
CUST-101419,Male,0,Yes,No,7,Yes,No,No,No internet service,No internet service,No internet service,No internet service,No internet service,No internet service,Month-to-month,No,Mailed check,24.25,130.96,Yes
CUST-101420,Female,1,Yes,No,8,Yes,No,DSL,No,No,No,Yes,Yes,Yes,Two year,Yes,Credit card (automatic),76.57,611.7,No
CUST-101421,Female,0,Yes,No,12,No,No phone service,DSL,Yes,Yes,Yes,Yes,No,Yes,Month-to-month,No,Electronic check,72.48,873.37,Yes
CUST-101422,Female,0,No,Yes,1,Yes,Yes,DSL,No,No,No,No,No,No,Month-to-month,Yes,Electronic check,54.42,68.61,No
CUST-101423,Female,0,Yes,No,11,Yes,Yes,No,No internet service,No internet service,No internet service,No internet service,No internet service,No internet service,Two year,No,Bank transfer (automatic),27.14,308.2,No
CUST-101424,Male,0,No,No,15,Yes,No,DSL,No,No,Yes,No,Yes,No,Two year,No,Credit card (automatic),62.61,963.52,No
CUST-101425,Female,0,Yes,No,72,Yes,Yes,Fiber optic,No,No,No,Yes,No,No,One year,Yes,Electronic check,79.1,5654.28,No
CUST-101426,Female,0,No,No,60,Yes,No,Fiber optic,No,No,Yes,No,Yes,Yes,One year,No,Bank transfer (automatic),100.45,6022.3,No
CUST-101427,Female,0,No,No,21,Yes,Yes,Fiber optic,No,Yes,Yes,No,No,Yes,Two year,No,Mailed check,94.69,2038.58,No
CUST-101428,Male,0,No,No,14,Yes,Yes,Fiber optic,No,No,Yes,No,No,No,One year,No,Mailed check,77.69,1108.86,Yes
CUST-101429,Female,0,Yes,No,7,Yes,No,Fiber optic,Yes,Yes,No,No,Yes,No,Month-to-month,Yes,Bank transfer (automatic),96.89,649.16,No
CUST-101430,Male,0,No,No,13,No,No phone service,Fiber optic,No,Yes,No,No,No,No,Month-to-month,Yes,Mailed check,88.69,1154.73,Yes
CUST-101431,Male,0,Yes,Yes,2,Yes,Yes,Fiber optic,No,No,No,Yes,No,No,One year,Yes,Credit card (automatic),82.19,143.43,Yes
CUST-101432,Male,0,Yes,Yes,6,Yes,Yes,Fiber optic,Yes,No,No,Yes,No,No,One year,No,Bank transfer (automatic),94.62,559.09,Yes
CUST-101433,Female,1,Yes,No,21,Yes,Yes,Fiber optic,No,No,Yes,No,No,No,Two year,Yes,Credit card (automatic),71.66,1544.85,No
CUST-101434,Male,0,Yes,No,72,Yes,No,Fiber optic,No,Yes,No,No,Yes,No,Month-to-month,No,Credit card (automatic),89.92,6493.41,No
CUST-101435,Male,0,No,No,50,Yes,Yes,Fiber optic,Yes,No,No,Yes,Yes,No,Month-to-month,Yes,Electronic check,99.82,4960.6,No
CUST-101436,Male,0,Yes,Yes,49,Yes,No,Fiber optic,No,No,No,Yes,Yes,Yes,Month-to-month,No,Bank transfer (automatic),99.06,4838.64,Yes
CUST-101437,Female,0,Yes,Yes,28,Yes,No,Fiber optic,No,No,No,No,No,Yes,Two year,Yes,Bank transfer (automatic),83.43,2336.06,No
CUST-101438,Male,0,No,No,72,Yes,Yes,DSL,Yes,Yes,Yes,Yes,Yes,No,Month-to-month,Yes,Electronic check,79.89,5746.79,No
CUST-101439,Female,0,No,No,11,Yes,Yes,DSL,Yes,No,Yes,No,Yes,Yes,Two year,Yes,Bank transfer (automatic),81.94,907.6,Yes
CUST-101440,Female,1,No,Yes,3,Yes,Yes,No,No internet service,No internet service,No internet service,No internet service,No internet service,No internet service,Month-to-month,No,Bank transfer (automatic),36.57,94.22,Yes
CUST-101441,Female,0,No,Yes,5,Yes,Yes,No,No internet service,No internet service,No internet service,No internet service,No internet service,No internet service,Month-to-month,No,Electronic check,32.26,153.98,No
CUST-101442,Female,0,Yes,Yes,1,Yes,No,DSL,No,No,No,No,Yes,Yes,Two year,Yes,Mailed check,66.98,51.26,No
CUST-101443,Male,0,No,No,16,No,No phone service,Fiber optic,No,Yes,No,Yes,No,No,Month-to-month,Yes,Mailed check,79.07,1257.77,No
CUST-101444,Male,0,Yes,No,41,Yes,No,Fiber optic,No,No,No,No,No,No,Two year,No,Mailed check,77.1,3175.18,No
CUST-101445,Male,0,Yes,No,13,Yes,No,Fiber optic,No,No,No,Yes,Yes,Yes,Month-to-month,Yes,Credit card (automatic),95.53,1247.82,Yes
CUST-101446,Female,0,Yes,Yes,40,Yes,No,DSL,Yes,Yes,No,No,No,No,Month-to-month,Yes,Electronic check,62.38,2481.17,No
CUST-101447,Female,0,No,No,20,Yes,Yes,No,No internet service,No internet service,No internet service,No internet service,No internet service,No internet service,One year,No,Bank transfer (automatic),26.9,560.65,No
CUST-101448,Female,1,Yes,No,7,Yes,No,DSL,No,Yes,Yes,Yes,No,Yes,Two year,Yes,Bank transfer (automatic),70.2,512.67,No
CUST-101449,Male,1,No,Yes,15,Yes,No,No,No internet service,No internet service,No internet service,No internet service,No internet service,No internet service,Month-to-month,Yes,Mailed check,31.35,470.23,No
CUST-101450,Male,0,Yes,Yes,1,Yes,No,DSL,Yes,Yes,No,No,No,Yes,Month-to-month,Yes,Mailed check,72.68,67.52,Yes
CUST-101451,Male,0,Yes,No,5,Yes,No,DSL,No,No,No,No,No,Yes,One year,No,Electronic check,58.44,327.45,Yes
CUST-101452,Male,0,Yes,No,49,Yes,Yes,DSL,No,No,Yes,Yes,Yes,No,Two year,Yes,Electronic check,70.59,3491.05,No
CUST-101453,Male,1,Yes,No,40,No,No phone service,DSL,Yes,No,No,Yes,Yes,No,Two year,No,Mailed check,59.14,2335.3,No
CUST-101454,Female,0,Yes,No,58,Yes,No,No,No internet service,No internet service,No internet service,No internet service,No internet service,No internet service,Two year,Yes,Electronic check,25.79,1519.71,No
CUST-101455,Male,0,No,No,28,Yes,Yes,Fiber optic,No,Yes,Yes,No,Yes,No,Month-to-month,No,Credit card (automatic),97.75,2771.48,Yes
CUST-101456,Female,0,No,No,5,Yes,No,DSL,No,No,No,No,No,No,One year,Yes,Bank transfer (automatic),54.88,287.53,Yes
CUST-101457,Male,0,Yes,No,72,Yes,Yes,No,No internet service,No internet service,No internet service,No internet service,No internet service,No internet service,Two year,Yes,Electronic check,25.95,1859.06,No
CUST-101458,Male,0,No,Yes,3,Yes,Yes,DSL,No,No,No,No,Yes,Yes,Two year,Yes,Mailed check,70.25,203.84,No
CUST-101459,Female,1,Yes,No,12,Yes,No,DSL,No,No,No,Yes,No,Yes,Two year,Yes,Credit card (automatic),65.7,822.61,Yes
CUST-101460,Female,0,Yes,Yes,2,Yes,Yes,DSL,Yes,No,No,No,No,Yes,Two year,Yes,Electronic check,62.01,140.73,No
CUST-101461,Male,1,Yes,No,16,Yes,No,Fiber optic,No,No,No,Yes,No,No,Two year,No,Bank transfer (automatic),82.33,1328.23,No
CUST-101462,Male,0,No,No,3,Yes,No,No,No internet service,No internet service,No internet service,No internet service,No internet service,No internet service,Month-to-month,No,Electronic check,29.73,135.85,No
CUST-101463,Male,0,Yes,No,7,Yes,No,DSL,No,Yes,Yes,Yes,Yes,No,Month-to-month,No,Credit card (automatic),76.22,513.39,No
CUST-101464,Female,0,No,No,38,Yes,Yes,Fiber optic,No,Yes,No,No,No,No,Two year,Yes,Mailed check,76.23,2894.93,No
CUST-101465,Male,0,Yes,Yes,8,Yes,Yes,DSL,Yes,No,No,No,No,Yes,Month-to-month,No,Mailed check,66.66,537.08,No
CUST-101466,Female,0,No,No,1,No,No phone service,DSL,No,Yes,No,No,No,No,Month-to-month,Yes,Mailed check,50.1,45.87,No
CUST-101467,Male,0,Yes,No,29,Yes,Yes,Fiber optic,No,No,No,Yes,No,No,Month-to-month,No,Mailed check,75.41,2150.08,Yes
CUST-101468,Female,0,No,No,13,Yes,No,Fiber optic,Yes,No,No,Yes,Yes,No,One year,No,Bank transfer (automatic),92.77,1226.09,No
CUST-101469,Male,0,No,No,6,No,No phone service,Fiber optic,Yes,No,Yes,No,No,Yes,Two year,Yes,Electronic check,88.97,518.8,No
CUST-101470,Female,0,Yes,No,18,No,No phone service,DSL,Yes,No,Yes,No,No,Yes,Two year,Yes,Electronic check,67.54,1200.34,No
CUST-101471,Female,0,Yes,No,13,Yes,No,DSL,No,Yes,No,No,No,No,Month-to-month,No,Electronic check,51.44,661.54,No
CUST-101472,Male,0,No,No,41,Yes,No,Fiber optic,Yes,No,Yes,No,Yes,No,Month-to-month,Yes,Bank transfer (automatic),98.92,4051.12,No
CUST-101473,Male,1,No,Yes,24,No,No phone service,Fiber optic,No,No,Yes,No,Yes,No,Month-to-month,No,Credit card (automatic),74.48,1785.09,No
CUST-101474,Female,0,No,Yes,12,Yes,No,Fiber optic,Yes,No,Yes,No,Yes,Yes,Two year,No,Electronic check,108.59,1322.35,No
CUST-101475,Male,0,Yes,Yes,3,Yes,Yes,DSL,Yes,Yes,No,No,No,No,Month-to-month,Yes,Credit card (automatic),62.05,209.53,No
CUST-101476,Male,0,No,Yes,6,Yes,No,Fiber optic,Yes,Yes,No,No,Yes,Yes,One year,Yes,Credit card (automatic),101.14,601.65,Yes
CUST-101477,Male,0,Yes,No,18,Yes,Yes,DSL,No,No,No,No,Yes,No,One year,Yes,Electronic check,62.42,1111.6,No
CUST-101478,Male,0,Yes,No,36,Yes,No,Fiber optic,No,No,No,No,No,Yes,One year,No,Electronic check,82.15,2954.83,No
CUST-101479,Male,1,No,No,30,Yes,No,Fiber optic,No,No,No,Yes,Yes,No,One year,Yes,Mailed check,93.06,2773.93,Yes
CUST-101480,Male,0,No,No,15,Yes,No,DSL,No,Yes,Yes,Yes,Yes,Yes,One year,Yes,Electronic check,82.5,1236.93,Yes
CUST-101481,Male,0,No,No,41,Yes,Yes,Fiber optic,No,Yes,No,Yes,No,No,One year,Yes,Bank transfer (automatic),72.76,2964.24,No
CUST-101482,Male,0,No,No,8,Yes,Yes,Fiber optic,No,No,No,No,Yes,Yes,Month-to-month,No,Mailed check,90.76,768.62,No
CUST-101483,Male,0,Yes,No,2,Yes,No,Fiber optic,Yes,No,No,No,No,Yes,Month-to-month,No,Mailed check,91.76,186.08,Yes
CUST-101484,Male,0,No,No,39,Yes,No,No,No internet service,No internet service,No internet service,No internet service,No internet service,No internet service,Month-to-month,No,Bank transfer (automatic),32.27,1247.77,No
CUST-101485,Female,0,Yes,No,35,No,No phone service,Fiber optic,No,Yes,No,No,Yes,No,Month-to-month,No,Electronic check,84.33,2965.67,Yes
CUST-101486,Male,0,Yes,Yes,5,No,No phone service,DSL,Yes,No,Yes,No,No,Yes,One year,No,Credit card (automatic),66.2,306.36,No
CUST-101487,Male,0,Yes,No,6,Yes,Yes,Fiber optic,No,No,No,Yes,Yes,No,Month-to-month,No,Bank transfer (automatic),87.42,510.29,No
CUST-101488,Male,0,No,Yes,66,Yes,No,Fiber optic,No,No,Yes,No,No,Yes,Two year,Yes,Mailed check,92.91,6140.54,No
CUST-101489,Female,0,No,No,35,Yes,No,DSL,No,No,No,Yes,Yes,No,Month-to-month,Yes,Mailed check,68.98,2417.01,No
CUST-101490,Male,0,Yes,No,8,Yes,Yes,Fiber optic,No,No,No,No,Yes,No,One year,No,Electronic check,79.48,656.82,Yes
CUST-101491,Male,0,No,Yes,6,Yes,Yes,DSL,No,No,Yes,Yes,No,No,Month-to-month,Yes,Credit card (automatic),66.4,343.81,No
CUST-101492,Male,0,No,Yes,69,Yes,No,DSL,Yes,No,No,Yes,No,Yes,Month-to-month,Yes,Mailed check,72.31,5005.75,No
CUST-101493,Male,0,No,No,32,Yes,Yes,DSL,No,Yes,No,No,No,No,Month-to-month,No,Credit card (automatic),56.87,1808.97,No
CUST-101494,Male,0,No,No,3,Yes,No,No,No internet service,No internet service,No internet service,No internet service,No internet service,No internet service,One year,No,Credit card (automatic),26.81,57.02,No
CUST-101495,Male,0,Yes,No,2,Yes,No,Fiber optic,Yes,Yes,Yes,Yes,No,Yes,Month-to-month,Yes,Mailed check,100.85,167.24,Yes
CUST-101496,Female,0,No,No,15,Yes,No,Fiber optic,Yes,Yes,Yes,Yes,Yes,Yes,Two year,Yes,Bank transfer (automatic),115.52,1721.69,Yes
CUST-101497,Female,0,No,No,32,Yes,No,DSL,Yes,No,No,No,No,No,One year,Yes,Bank transfer (automatic),59.21,1926.52,No
CUST-101498,Male,1,No,No,21,Yes,No,No,No internet service,No internet service,No internet service,No internet service,No internet service,No internet service,Two year,Yes,Electronic check,30.33,656.31,No
CUST-101499,Female,0,No,No,12,Yes,No,No,No internet service,No internet service,No internet service,No internet service,No internet service,No internet service,One year,Yes,Credit card (automatic),28.32,372.53,No
CUST-101500,Female,0,Yes,No,43,Yes,No,Fiber optic,No,No,Yes,No,No,Yes,One year,Yes,Mailed check,90.82,3902.98,Yes
CUST-101501,Male,0,Yes,Yes,21,Yes,No,Fiber optic,No,No,Yes,Yes,No,Yes,Two year,No,Credit card (automatic),93.82,1972.36,No
CUST-101502,Male,0,No,No,34,No,No phone service,No,No internet service,No internet service,No internet service,No internet service,No internet service,No internet service,Month-to-month,Yes,Bank transfer (automatic),24.31,794.95,No
CUST-101503,Male,0,Yes,Yes,1,Yes,Yes,DSL,Yes,No,Yes,No,Yes,No,One year,Yes,Electronic check,72.43,40.84,Yes
CUST-101504,Female,0,Yes,Yes,33,No,No phone service,DSL,Yes,Yes,No,No,No,Yes,Month-to-month,No,Mailed check,63.69,2098.84,Yes
CUST-101505,Male,0,No,No,44,Yes,No,Fiber optic,No,No,No,Yes,Yes,Yes,One year,Yes,Electronic check,98.46,4304.72,No
CUST-101506,Female,0,No,Yes,61,Yes,Yes,Fiber optic,Yes,Yes,No,No,Yes,No,Month-to-month,Yes,Electronic check,88.93,5407.59,No
CUST-101507,Male,0,No,No,13,Yes,Yes,Fiber optic,Yes,No,No,No,No,Yes,Month-to-month,Yes,Bank transfer (automatic),83.06,1080.65,No
CUST-101508,Female,0,No,No,40,Yes,No,Fiber optic,No,Yes,Yes,No,Yes,No,One year,No,Electronic check,93.53,3766.65,No
CUST-101509,Female,0,No,Yes,4,Yes,Yes,DSL,No,Yes,Yes,No,Yes,Yes,Month-to-month,Yes,Credit card (automatic),83.07,332.48,No
CUST-101510,Male,0,No,No,38,Yes,Yes,Fiber optic,No,No,Yes,No,Yes,No,Month-to-month,Yes,Mailed check,87.18,3285.63,Yes
CUST-101511,Male,1,No,No,3,Yes,No,Fiber optic,No,No,No,No,Yes,No,Month-to-month,No,Mailed check,83.34,213.58,No
CUST-101512,Female,0,Yes,No,54,Yes,No,DSL,No,No,Yes,No,No,Yes,Two year,No,Electronic check,61.11,3302.34,No
CUST-101513,Male,0,No,Yes,39,Yes,No,Fiber optic,No,Yes,No,No,No,No,Month-to-month,No,Electronic check,77.84,3023.18,Yes
CUST-101514,Male,0,Yes,No,3,Yes,No,DSL,Yes,No,No,No,No,Yes,Month-to-month,No,Bank transfer (automatic),62.34,189.34,No
CUST-101515,Female,0,Yes,No,7,Yes,No,No,No internet service,No internet service,No internet service,No internet service,No internet service,No internet service,Two year,No,Mailed check,29.11,199.69,No
CUST-101516,Male,1,Yes,No,1,Yes,No,DSL,Yes,Yes,Yes,Yes,No,No,Two year,Yes,Bank transfer (automatic),70.03,68.62,No
CUST-101517,Male,0,No,No,30,Yes,Yes,DSL,No,No,No,No,Yes,No,Month-to-month,Yes,Mailed check,58.85,1789.53,No
CUST-101518,Male,0,No,No,55,Yes,Yes,No,No internet service,No internet service,No internet service,No internet service,No internet service,No internet service,Month-to-month,Yes,Electronic check,25.49,1423.02,No
CUST-101519,Male,0,No,No,26,Yes,Yes,DSL,Yes,No,No,No,Yes,Yes,Month-to-month,Yes,Mailed check,74.95,1956.08,No
CUST-101520,Female,0,No,No,8,Yes,No,Fiber optic,No,Yes,No,No,No,No,Two year,Yes,Electronic check,84.56,658.58,No
CUST-101521,Female,0,No,No,15,Yes,Yes,Fiber optic,Yes,No,No,No,Yes,Yes,Month-to-month,Yes,Electronic check,91.52,1361.78,No
CUST-101522,Male,0,Yes,No,71,Yes,No,No,No internet service,No internet service,No internet service,No internet service,No internet service,No internet service,Month-to-month,No,Bank transfer (automatic),24.96,1787.42,No
CUST-101523,Male,0,No,No,49,Yes,No,DSL,Yes,Yes,No,Yes,Yes,No,Month-to-month,No,Electronic check,75.64,3732.39,No
CUST-101524,Female,0,No,No,38,Yes,No,DSL,No,Yes,Yes,No,No,No,One year,Yes,Electronic check,63.76,2397.41,No
CUST-101525,Male,0,No,No,38,Yes,No,DSL,Yes,No,No,No,Yes,Yes,Month-to-month,Yes,Mailed check,74.51,2861.93,Yes
CUST-101526,Male,0,Yes,No,72,Yes,Yes,No,No internet service,No internet service,No internet service,No internet service,No internet service,No internet service,Two year,Yes,Mailed check,31.29,2237.29,No
CUST-101527,Male,1,Yes,No,8,Yes,Yes,No,No internet service,No internet service,No internet service,No internet service,No internet service,No internet service,Month-to-month,Yes,Credit card (automatic),22.35,192.18,Yes
CUST-101528,Male,0,No,Yes,41,No,No phone service,DSL,No,Yes,Yes,No,No,No,One year,Yes,Credit card (automatic),55.66,2338.08,No
CUST-101529,Female,0,Yes,Yes,4,Yes,No,DSL,No,Yes,No,Yes,Yes,No,Two year,Yes,Bank transfer (automatic),79.21,285.05,No
CUST-101530,Male,0,Yes,No,11,Yes,No,DSL,No,No,No,No,No,No,Month-to-month,Yes,Mailed check,53.19,595.19,No
CUST-101531,Male,0,Yes,No,14,Yes,Yes,DSL,No,No,No,No,Yes,No,Month-to-month,No,Mailed check,61.35,852.62,No
CUST-101532,Female,0,Yes,No,5,Yes,No,DSL,Yes,No,Yes,No,No,Yes,Month-to-month,Yes,Electronic check,72.08,369.34,No
CUST-101533,Male,0,Yes,No,20,Yes,Yes,No,No internet service,No internet service,No internet service,No internet service,No internet service,No internet service,One year,Yes,Credit card (automatic),25.82,504.02,No
CUST-101534,Female,1,No,No,28,Yes,Yes,DSL,No,No,No,Yes,No,No,Month-to-month,Yes,Mailed check,54.21,1468.29,No
CUST-101535,Male,0,No,Yes,32,Yes,Yes,No,No internet service,No internet service,No internet service,No internet service,No internet service,No internet service,Two year,Yes,Electronic check,28.23,888.28,No
CUST-101536,Male,0,No,No,42,Yes,No,DSL,No,No,No,No,No,No,Month-to-month,Yes,Bank transfer (automatic),46.38,1954.9,Yes
CUST-101537,Male,0,Yes,No,18,Yes,No,No,No internet service,No internet service,No internet service,No internet service,No internet service,No internet service,One year,No,Bank transfer (automatic),29.58,559.42,No
CUST-101538,Female,0,Yes,No,20,Yes,No,Fiber optic,Yes,No,Yes,Yes,Yes,No,One year,Yes,Mailed check,102.26,2053.31,No
CUST-101539,Female,0,Yes,Yes,6,Yes,No,DSL,No,No,Yes,No,Yes,No,Month-to-month,Yes,Electronic check,58.58,380.94,Yes
CUST-101540,Male,0,Yes,Yes,65,No,No phone service,No,No internet service,No internet service,No internet service,No internet service,No internet service,No internet service,Month-to-month,No,Credit card (automatic),20.65,1332.38,Yes
CUST-101541,Male,1,Yes,Yes,11,No,No phone service,DSL,No,No,Yes,No,No,Yes,One year,Yes,Electronic check,56.13,605.93,No
CUST-101542,Male,0,No,No,2,Yes,Yes,No,No internet service,No internet service,No internet service,No internet service,No internet service,No internet service,Month-to-month,Yes,Credit card (automatic),33.91,74.68,No
CUST-101543,Female,0,No,No,14,Yes,Yes,Fiber optic,No,No,No,No,No,Yes,One year,No,Mailed check,91.24,1269.86,No
CUST-101544,Male,0,No,No,21,Yes,No,No,No internet service,No internet service,No internet service,No internet service,No internet service,No internet service,Two year,Yes,Credit card (automatic),31.37,681.22,No
CUST-101545,Female,1,Yes,Yes,70,Yes,Yes,No,No internet service,No internet service,No internet service,No internet service,No internet service,No internet service,Month-to-month,No,Credit card (automatic),32.84,2270.69,No
CUST-101546,Female,0,Yes,Yes,6,Yes,No,DSL,Yes,No,No,No,Yes,No,Month-to-month,Yes,Mailed check,64.54,404.49,No
CUST-101547,Female,0,Yes,No,23,Yes,No,Fiber optic,Yes,No,Yes,No,Yes,Yes,Month-to-month,No,Credit card (automatic),104.04,2417.08,No
CUST-101548,Male,1,Yes,No,14,Yes,No,Fiber optic,Yes,Yes,No,No,No,No,Month-to-month,Yes,Electronic check,86.99,1225.16,No
CUST-101549,Male,0,No,No,3,Yes,No,DSL,Yes,No,No,No,No,Yes,Two year,No,Electronic check,62.01,204.28,No
CUST-101550,Male,1,Yes,Yes,16,Yes,No,Fiber optic,No,Yes,Yes,No,No,No,Two year,No,Mailed check,87.33,1384.3,No
CUST-101551,Female,0,No,No,1,Yes,Yes,DSL,No,No,No,No,No,No,Month-to-month,No,Bank transfer (automatic),52.67,36.04,No
CUST-101552,Female,0,No,No,32,Yes,No,Fiber optic,No,Yes,No,No,Yes,Yes,Two year,No,Electronic check,98.19,3149.12,No
CUST-101553,Female,0,Yes,No,2,Yes,Yes,Fiber optic,No,No,Yes,No,No,No,Month-to-month,No,Mailed check,81.76,149.08,No
CUST-101554,Male,0,Yes,No,16,Yes,No,DSL,Yes,No,No,Yes,No,Yes,Two year,Yes,Credit card (automatic),71.24,1145.85,No
CUST-101555,Male,0,Yes,No,13,Yes,No,No,No internet service,No internet service,No internet service,No internet service,No internet service,No internet service,Two year,Yes,Credit card (automatic),31.55,416.18,No
CUST-101556,Female,0,Yes,No,72,Yes,Yes,No,No internet service,No internet service,No internet service,No internet service,No internet service,No internet service,Month-to-month,Yes,Electronic check,25.66,1846.17,Yes
CUST-101557,Female,0,No,No,16,No,No phone service,DSL,No,Yes,Yes,Yes,Yes,Yes,One year,Yes,Mailed check,69.88,1123.73,No
CUST-101558,Female,0,No,Yes,8,Yes,Yes,DSL,No,No,Yes,No,No,Yes,Two year,Yes,Electronic check,67.71,554.37,No
CUST-101559,Female,0,No,No,27,Yes,No,Fiber optic,No,Yes,No,Yes,Yes,Yes,Month-to-month,No,Electronic check,107.43,2898.61,No
CUST-101560,Male,0,No,No,3,No,No phone service,DSL,No,Yes,Yes,No,Yes,Yes,Month-to-month,No,Credit card (automatic),71.43,204.75,Yes
CUST-101561,Male,0,Yes,No,13,Yes,No,Fiber optic,No,Yes,No,No,No,Yes,One year,No,Credit card (automatic),86.44,1140.17,No
CUST-101562,Male,0,Yes,No,8,Yes,No,Fiber optic,Yes,No,Yes,No,Yes,Yes,Month-to-month,Yes,Electronic check,102.47,825.23,Yes
CUST-101563,Female,1,Yes,No,72,Yes,No,DSL,No,No,Yes,Yes,No,Yes,Month-to-month,No,Electronic check,71.14,5131.1,No
CUST-101564,Female,0,Yes,Yes,5,Yes,No,DSL,Yes,Yes,No,No,Yes,No,Month-to-month,No,Mailed check,66.73,345.3,Yes
CUST-101565,Male,0,No,No,72,Yes,No,DSL,Yes,No,Yes,No,Yes,No,One year,No,Mailed check,66.94,4822.65,No
CUST-101566,Female,0,No,No,4,Yes,No,DSL,No,No,No,No,No,Yes,Month-to-month,No,Electronic check,60.41,234.76,No
CUST-101567,Female,0,Yes,No,12,Yes,No,Fiber optic,Yes,Yes,Yes,No,Yes,Yes,Month-to-month,Yes,Electronic check,112.73,1340.42,Yes
CUST-101568,Female,0,Yes,No,5,Yes,No,DSL,Yes,No,No,No,No,Yes,Month-to-month,Yes,Mailed check,66.9,332.73,Yes
CUST-101569,Female,0,Yes,No,31,No,No phone service,No,No internet service,No internet service,No internet service,No internet service,No internet service,No internet service,Month-to-month,No,Electronic check,18.0,567.64,No
CUST-101570,Male,0,No,Yes,42,Yes,Yes,Fiber optic,No,Yes,Yes,Yes,Yes,Yes,One year,No,Credit card (automatic),107.19,4512.55,No
CUST-101571,Male,1,Yes,No,6,No,No phone service,DSL,Yes,No,Yes,Yes,No,Yes,Month-to-month,No,Bank transfer (automatic),64.33,388.86,Yes
CUST-101572,Female,0,Yes,No,26,Yes,No,Fiber optic,Yes,No,No,No,No,No,One year,No,Mailed check,81.35,2122.14,Yes
CUST-101573,Female,0,Yes,No,29,Yes,Yes,Fiber optic,Yes,No,Yes,No,Yes,No,Month-to-month,No,Mailed check,97.89,2816.72,No
CUST-101574,Male,1,No,No,14,Yes,No,Fiber optic,Yes,Yes,No,No,Yes,No,One year,No,Credit card (automatic),88.32,1227.19,No
CUST-101575,Male,1,No,Yes,23,No,No phone service,Fiber optic,No,Yes,No,No,No,No,Month-to-month,No,Electronic check,80.26,1859.4,Yes
CUST-101576,Female,0,No,No,15,Yes,No,DSL,No,No,No,Yes,Yes,No,Two year,No,Credit card (automatic),74.76,1104.73,No
CUST-101577,Female,0,Yes,No,54,Yes,No,DSL,No,No,Yes,No,Yes,Yes,Month-to-month,Yes,Electronic check,73.65,3979.93,Yes
CUST-101578,Male,0,Yes,Yes,8,Yes,Yes,DSL,No,No,No,No,No,Yes,Two year,Yes,Credit card (automatic),57.68,462.47,No
CUST-101579,Female,0,No,No,4,Yes,Yes,DSL,No,No,Yes,No,Yes,No,Month-to-month,Yes,Electronic check,69.65,276.32,No
CUST-101580,Male,0,Yes,No,29,Yes,No,Fiber optic,No,No,Yes,No,No,No,Month-to-month,Yes,Credit card (automatic),83.11,2423.77,No
CUST-101581,Male,0,Yes,No,17,Yes,Yes,No,No internet service,No internet service,No internet service,No internet service,No internet service,No internet service,One year,No,Electronic check,25.9,444.84,No
CUST-101582,Female,0,No,Yes,32,No,No phone service,Fiber optic,No,Yes,No,No,Yes,No,Month-to-month,No,Credit card (automatic),79.11,2507.57,No
CUST-101583,Male,0,Yes,Yes,4,Yes,Yes,No,No internet service,No internet service,No internet service,No internet service,No internet service,No internet service,Month-to-month,Yes,Bank transfer (automatic),26.38,115.84,No
CUST-101584,Female,0,Yes,Yes,17,No,No phone service,Fiber optic,No,Yes,Yes,Yes,No,No,Two year,Yes,Electronic check,84.77,1430.95,No
CUST-101585,Male,0,No,Yes,1,Yes,Yes,DSL,No,Yes,Yes,No,No,No,Two year,Yes,Bank transfer (automatic),65.58,38.3,No
CUST-101586,Female,0,No,Yes,12,Yes,No,No,No internet service,No internet service,No internet service,No internet service,No internet service,No internet service,One year,No,Electronic check,29.14,364.53,No
CUST-101587,Male,0,Yes,No,13,Yes,No,DSL,No,Yes,No,No,No,No,Two year,No,Mailed check,59.82,753.94,Yes
CUST-101588,Female,0,Yes,No,15,No,No phone service,DSL,No,No,Yes,No,No,No,Month-to-month,Yes,Electronic check,47.67,707.96,Yes
CUST-101589,Male,1,No,No,28,Yes,Yes,No,No internet service,No internet service,No internet service,No internet service,No internet service,No internet service,Month-to-month,Yes,Bank transfer (automatic),31.42,885.63,No
CUST-101590,Female,1,Yes,No,0,Yes,No,Fiber optic,No,Yes,Yes,No,Yes,No,Two year,Yes,Credit card (automatic),94.17,0.0,No
CUST-101591,Male,1,Yes,No,72,No,No phone service,No,No internet service,No internet service,No internet service,No internet service,No internet service,No internet service,Month-to-month,Yes,Mailed check,27.35,1956.71,No
CUST-101592,Male,1,No,Yes,20,Yes,Yes,DSL,Yes,No,No,No,Yes,Yes,Month-to-month,No,Bank transfer (automatic),71.39,1407.93,Yes
CUST-101593,Male,1,No,Yes,64,No,No phone service,Fiber optic,No,Yes,No,No,No,Yes,Month-to-month,No,Credit card (automatic),84.58,5397.92,No
CUST-101594,Female,0,No,Yes,9,Yes,No,DSL,No,No,No,No,No,Yes,Month-to-month,Yes,Bank transfer (automatic),69.76,606.29,Yes
CUST-101595,Male,0,Yes,No,5,Yes,No,Fiber optic,No,Yes,No,Yes,No,Yes,Month-to-month,Yes,Electronic check,100.17,498.32,Yes
CUST-101596,Female,0,Yes,No,5,Yes,Yes,No,No internet service,No internet service,No internet service,No internet service,No internet service,No internet service,Month-to-month,Yes,Mailed check,30.98,143.99,No
CUST-101597,Female,0,No,No,34,Yes,No,Fiber optic,No,Yes,Yes,No,No,No,One year,Yes,Electronic check,88.19,2970.88,No
CUST-101598,Female,0,No,No,4,Yes,Yes,Fiber optic,No,No,No,No,No,No,One year,Yes,Mailed check,78.21,307.06,Yes
CUST-101599,Female,0,Yes,No,35,Yes,Yes,No,No internet service,No internet service,No internet service,No internet service,No internet service,No internet service,Two year,Yes,Electronic check,27.3,942.64,No
CUST-101600,Male,1,No,No,1,Yes,No,No,No internet service,No internet service,No internet service,No internet service,No internet service,No internet service,Month-to-month,Yes,Credit card (automatic),25.75,31.11,Yes
CUST-101601,Female,0,Yes,No,28,Yes,No,DSL,No,Yes,Yes,No,No,Yes,Month-to-month,No,Bank transfer (automatic),63.86,1795.32,No
CUST-101602,Female,1,No,No,3,Yes,No,DSL,Yes,No,Yes,No,No,Yes,One year,Yes,Bank transfer (automatic),72.56,244.52,No
CUST-101603,Male,0,No,No,27,Yes,No,No,No internet service,No internet service,No internet service,No internet service,No internet service,No internet service,Month-to-month,No,Electronic check,21.85,602.91,No
CUST-101604,Male,0,Yes,No,2,Yes,No,Fiber optic,No,Yes,Yes,Yes,Yes,No,Month-to-month,Yes,Electronic check,102.61,183.46,Yes
CUST-101605,Female,0,No,No,3,Yes,Yes,Fiber optic,Yes,No,No,No,Yes,No,One year,Yes,Bank transfer (automatic),89.76,225.82,Yes
CUST-101606,Male,0,No,Yes,35,Yes,No,DSL,Yes,Yes,Yes,Yes,Yes,No,One year,Yes,Mailed check,76.18,2635.93,No
CUST-101607,Female,0,Yes,No,42,Yes,No,DSL,Yes,Yes,No,Yes,Yes,Yes,Month-to-month,Yes,Credit card (automatic),89.62,3753.99,Yes
CUST-101608,Male,0,Yes,No,20,Yes,No,No,No internet service,No internet service,No internet service,No internet service,No internet service,No internet service,One year,Yes,Mailed check,22.2,411.84,No
CUST-101609,Male,1,No,No,16,No,No phone service,Fiber optic,No,No,Yes,No,No,Yes,One year,No,Electronic check,79.34,1257.12,No
CUST-101610,Female,0,Yes,No,18,Yes,No,No,No internet service,No internet service,No internet service,No internet service,No internet service,No internet service,Two year,No,Bank transfer (automatic),25.71,463.43,No
CUST-101611,Male,0,Yes,No,27,Yes,No,DSL,No,No,Yes,No,Yes,Yes,Month-to-month,Yes,Bank transfer (automatic),73.6,1975.94,No
CUST-101612,Female,0,Yes,No,9,Yes,No,DSL,Yes,No,Yes,No,No,Yes,One year,Yes,Electronic check,67.55,613.52,No
CUST-101613,Female,0,No,No,8,Yes,No,Fiber optic,No,Yes,No,No,No,Yes,One year,Yes,Bank transfer (automatic),96.85,762.63,No
CUST-101614,Male,0,Yes,No,55,No,No phone service,No,No internet service,No internet service,No internet service,No internet service,No internet service,No internet service,Month-to-month,No,Electronic check,18.0,974.76,No
CUST-101615,Male,0,No,No,30,Yes,No,DSL,No,No,No,No,No,Yes,One year,Yes,Electronic check,77.34,2354.36,Yes
CUST-101616,Female,0,Yes,Yes,10,Yes,No,DSL,No,Yes,No,Yes,No,No,One year,Yes,Electronic check,58.76,586.94,Yes
CUST-101617,Female,0,Yes,No,4,Yes,Yes,Fiber optic,No,No,No,Yes,No,No,Month-to-month,No,Bank transfer (automatic),94.82,381.52,Yes
CUST-101618,Male,0,No,No,29,Yes,Yes,DSL,No,No,Yes,No,Yes,Yes,Month-to-month,No,Bank transfer (automatic),77.37,2260.61,No
CUST-101619,Female,0,Yes,No,46,Yes,No,Fiber optic,No,Yes,Yes,No,No,No,Month-to-month,No,Electronic check,86.56,3999.3,No
CUST-101620,Male,0,Yes,No,30,Yes,No,Fiber optic,Yes,Yes,No,No,No,Yes,One year,Yes,Credit card (automatic),96.91,2899.98,No
CUST-101621,Male,0,Yes,No,30,Yes,Yes,DSL,Yes,No,No,Yes,No,No,Month-to-month,Yes,Bank transfer (automatic),61.48,1865.32,No
CUST-101622,Female,0,No,No,19,Yes,No,Fiber optic,No,No,Yes,No,No,Yes,Month-to-month,Yes,Mailed check,91.39,1727.43,Yes
CUST-101623,Male,0,Yes,No,1,No,No phone service,DSL,No,No,Yes,No,Yes,No,Month-to-month,No,Electronic check,54.05,74.37,Yes
CUST-101624,Female,0,Yes,No,1,Yes,No,Fiber optic,No,No,No,Yes,No,Yes,One year,No,Electronic check,93.84,69.16,Yes
CUST-101625,Female,0,Yes,No,3,Yes,No,No,No internet service,No internet service,No internet service,No internet service,No internet service,No internet service,One year,Yes,Electronic check,28.73,80.06,No
CUST-101626,Female,0,Yes,Yes,7,Yes,Yes,No,No internet service,No internet service,No internet service,No internet service,No internet service,No internet service,Month-to-month,No,Credit card (automatic),24.04,172.73,No
CUST-101627,Female,0,Yes,No,35,Yes,Yes,Fiber optic,No,No,Yes,No,No,Yes,Month-to-month,Yes,Credit card (automatic),91.71,3217.07,Yes
CUST-101628,Male,0,No,Yes,3,Yes,No,Fiber optic,Yes,Yes,No,No,Yes,No,Month-to-month,No,Electronic check,97.46,275.51,Yes
CUST-101629,Male,1,Yes,No,2,Yes,No,DSL,No,No,Yes,No,No,Yes,Month-to-month,Yes,Mailed check,62.13,91.28,No
CUST-101630,Female,0,Yes,Yes,6,Yes,Yes,Fiber optic,No,No,No,Yes,No,No,One year,Yes,Electronic check,81.29,496.95,No
CUST-101631,Female,1,No,No,5,Yes,Yes,DSL,No,No,No,Yes,No,No,Month-to-month,Yes,Electronic check,60.05,296.12,Yes
CUST-101632,Male,0,No,No,19,Yes,Yes,Fiber optic,No,No,No,Yes,No,Yes,One year,No,Electronic check,95.36,1804.03,Yes
CUST-101633,Female,0,Yes,No,1,No,No phone service,DSL,Yes,No,Yes,No,No,Yes,One year,Yes,Electronic check,61.43,94.52,Yes
CUST-101634,Male,0,Yes,Yes,12,Yes,No,Fiber optic,Yes,Yes,No,Yes,No,No,Two year,Yes,Electronic check,96.72,1154.78,No
CUST-101635,Female,0,Yes,No,55,Yes,No,Fiber optic,Yes,No,No,No,Yes,No,Month-to-month,No,Electronic check,95.67,5251.51,No
CUST-101636,Male,1,No,No,26,Yes,Yes,Fiber optic,No,Yes,Yes,No,Yes,Yes,Month-to-month,No,Mailed check,108.21,2777.46,No
CUST-101637,Female,0,Yes,No,72,Yes,No,Fiber optic,No,Yes,No,Yes,Yes,No,Month-to-month,No,Mailed check,97.67,7010.58,No
CUST-101638,Male,0,Yes,No,31,Yes,Yes,Fiber optic,Yes,Yes,Yes,Yes,No,No,Two year,No,Mailed check,93.39,2912.61,No
CUST-101639,Male,0,Yes,Yes,8,Yes,Yes,Fiber optic,No,Yes,No,Yes,No,No,One year,No,Mailed check,91.57,718.05,No
CUST-101640,Female,0,Yes,No,36,Yes,No,No,No internet service,No internet service,No internet service,No internet service,No internet service,No internet service,One year,No,Mailed check,27.23,992.85,No
CUST-101641,Male,0,Yes,No,39,Yes,No,Fiber optic,No,No,No,No,No,No,One year,Yes,Mailed check,80.03,3095.32,No
CUST-101642,Male,1,Yes,Yes,25,Yes,Yes,DSL,No,No,No,Yes,Yes,Yes,Month-to-month,Yes,Credit card (automatic),71.48,1769.62,No
CUST-101643,Female,0,No,No,36,Yes,Yes,No,No internet service,No internet service,No internet service,No internet service,No internet service,No internet service,One year,Yes,Electronic check,25.6,903.71,No
CUST-101644,Male,0,No,Yes,68,Yes,Yes,DSL,No,Yes,No,No,No,No,Two year,Yes,Bank transfer (automatic),55.19,3762.46,No
CUST-101645,Male,0,No,No,17,No,No phone service,DSL,No,Yes,Yes,No,No,No,Month-to-month,Yes,Electronic check,48.7,823.66,No
CUST-101646,Male,0,No,Yes,3,Yes,No,DSL,Yes,Yes,No,Yes,Yes,No,Two year,Yes,Mailed check,73.65,198.74,No
CUST-101647,Female,0,Yes,No,12,Yes,No,Fiber optic,No,No,No,No,Yes,Yes,Two year,Yes,Mailed check,89.87,1092.73,No
CUST-101648,Female,1,No,No,3,Yes,No,Fiber optic,No,No,Yes,No,No,No,Two year,No,Bank transfer (automatic),84.27,262.7,No
CUST-101649,Female,0,No,Yes,72,No,No phone service,Fiber optic,Yes,No,No,No,No,Yes,Two year,No,Credit card (automatic),78.74,5676.09,No
CUST-101650,Male,0,No,No,3,No,No phone service,No,No internet service,No internet service,No internet service,No internet service,No internet service,No internet service,Month-to-month,Yes,Mailed check,18.0,59.9,Yes
CUST-101651,Male,0,No,No,7,Yes,No,Fiber optic,Yes,No,Yes,Yes,Yes,Yes,One year,No,Electronic check,108.01,738.99,No
CUST-101652,Male,0,Yes,No,23,Yes,No,DSL,No,No,Yes,Yes,Yes,Yes,Month-to-month,Yes,Credit card (automatic),85.25,1985.92,No
CUST-101653,Female,0,Yes,No,35,No,No phone service,Fiber optic,No,Yes,No,Yes,No,Yes,One year,Yes,Electronic check,85.23,2981.03,No
CUST-101654,Male,0,Yes,No,37,Yes,Yes,Fiber optic,No,No,Yes,No,Yes,No,Month-to-month,Yes,Mailed check,84.47,3130.75,No
CUST-101655,Male,0,Yes,No,22,Yes,No,Fiber optic,No,No,Yes,No,Yes,Yes,Two year,Yes,Credit card (automatic),92.75,2048.16,No
CUST-101656,Female,0,Yes,No,4,Yes,No,Fiber optic,Yes,Yes,Yes,No,Yes,No,Month-to-month,Yes,Mailed check,96.56,367.34,Yes
CUST-101657,Female,0,Yes,Yes,14,Yes,No,Fiber optic,No,No,No,No,Yes,No,Month-to-month,No,Mailed check,83.37,1205.11,No
CUST-101658,Female,1,Yes,Yes,58,Yes,No,Fiber optic,Yes,Yes,Yes,Yes,Yes,No,Month-to-month,Yes,Electronic check,114.22,6624.22,No
CUST-101659,Male,0,No,No,17,Yes,No,DSL,No,No,Yes,No,No,Yes,One year,Yes,Electronic check,68.87,1171.46,Yes
CUST-101660,Female,1,No,No,0,Yes,No,No,No internet service,No internet service,No internet service,No internet service,No internet service,No internet service,Month-to-month,Yes,Credit card (automatic),26.74,0.0,No
CUST-101661,Female,1,No,No,18,Yes,No,DSL,No,Yes,Yes,Yes,Yes,No,Month-to-month,Yes,Electronic check,82.41,1506.38,No
CUST-101662,Male,0,Yes,No,1,Yes,No,DSL,Yes,No,Yes,No,No,Yes,Month-to-month,No,Electronic check,67.55,91.39,Yes
CUST-101663,Female,0,No,No,21,Yes,No,Fiber optic,No,Yes,Yes,No,No,No,Month-to-month,No,Mailed check,85.35,1795.52,No
CUST-101664,Female,0,No,No,72,Yes,Yes,No,No internet service,No internet service,No internet service,No internet service,No internet service,No internet service,Two year,No,Mailed check,26.12,1851.32,No
CUST-101665,Male,0,No,No,17,Yes,No,Fiber optic,No,No,No,No,Yes,Yes,Month-to-month,No,Electronic check,98.11,1664.58,No
CUST-101666,Female,0,No,No,22,Yes,Yes,Fiber optic,No,No,No,Yes,No,No,Month-to-month,Yes,Electronic check,82.72,1818.54,No
CUST-101667,Female,0,Yes,Yes,33,Yes,No,No,No internet service,No internet service,No internet service,No internet service,No internet service,No internet service,Month-to-month,Yes,Mailed check,34.03,1113.96,No
CUST-101668,Female,0,Yes,Yes,8,Yes,No,Fiber optic,No,Yes,No,Yes,Yes,Yes,Month-to-month,No,Mailed check,105.74,826.25,No
CUST-101669,Female,0,No,No,3,Yes,Yes,Fiber optic,No,Yes,No,No,No,No,Month-to-month,Yes,Credit card (automatic),86.64,228.84,Yes
CUST-101670,Female,1,No,Yes,25,Yes,No,Fiber optic,Yes,No,Yes,Yes,No,No,Month-to-month,Yes,Electronic check,84.74,2147.92,No
CUST-101671,Female,0,Yes,No,10,Yes,Yes,Fiber optic,Yes,Yes,Yes,No,Yes,No,Month-to-month,Yes,Credit card (automatic),93.2,946.83,No
CUST-101672,Male,0,Yes,Yes,21,Yes,No,Fiber optic,No,Yes,No,No,No,No,Month-to-month,No,Electronic check,76.34,1603.83,No
CUST-101673,Female,1,Yes,Yes,10,Yes,Yes,No,No internet service,No internet service,No internet service,No internet service,No internet service,No internet service,Month-to-month,Yes,Electronic check,26.29,249.9,Yes
CUST-101674,Female,0,Yes,No,58,Yes,No,DSL,No,No,Yes,No,Yes,No,One year,No,Credit card (automatic),58.84,3419.92,No
CUST-101675,Female,0,No,No,20,Yes,No,DSL,No,No,No,No,Yes,No,Month-to-month,Yes,Credit card (automatic),65.96,1323.28,No
CUST-101676,Male,1,No,No,23,Yes,No,Fiber optic,No,Yes,Yes,Yes,Yes,Yes,One year,Yes,Electronic check,107.2,2457.58,Yes
CUST-101677,Male,0,Yes,No,3,Yes,Yes,Fiber optic,No,No,No,Yes,No,No,One year,Yes,Mailed check,85.46,264.17,No
CUST-101678,Female,0,Yes,No,14,Yes,Yes,Fiber optic,Yes,Yes,Yes,No,No,Yes,Two year,Yes,Credit card (automatic),98.03,1382.67,No
CUST-101679,Female,0,Yes,Yes,27,Yes,No,No,No internet service,No internet service,No internet service,No internet service,No internet service,No internet service,Month-to-month,Yes,Electronic check,31.3,858.85,No
CUST-101680,Female,1,Yes,No,16,Yes,No,Fiber optic,Yes,No,No,Yes,No,Yes,Two year,No,Electronic check,88.14,1392.48,No
CUST-101681,Male,0,No,Yes,8,No,No phone service,No,No internet service,No internet service,No internet service,No internet service,No internet service,No internet service,Two year,Yes,Mailed check,19.8,167.03,No
CUST-101682,Male,0,No,No,31,Yes,Yes,DSL,Yes,Yes,No,Yes,No,Yes,Two year,Yes,Credit card (automatic),78.0,2441.55,No
CUST-101683,Female,0,No,No,70,Yes,No,DSL,No,Yes,Yes,No,No,No,Two year,Yes,Mailed check,64.34,4509.73,No
CUST-101684,Male,0,Yes,No,5,Yes,Yes,DSL,No,Yes,Yes,No,Yes,Yes,Month-to-month,Yes,Mailed check,76.73,427.81,Yes
CUST-101685,Female,0,No,No,33,No,No phone service,No,No internet service,No internet service,No internet service,No internet service,No internet service,No internet service,Two year,No,Credit card (automatic),18.0,590.39,No
CUST-101686,Male,0,No,No,0,Yes,Yes,DSL,No,No,Yes,Yes,No,No,Two year,Yes,Electronic check,66.05,0.0,Yes
CUST-101687,Male,1,Yes,No,2,Yes,No,DSL,No,Yes,Yes,No,Yes,No,Month-to-month,No,Bank transfer (automatic),68.43,119.88,No
CUST-101688,Female,0,No,No,36,Yes,No,Fiber optic,No,No,No,Yes,No,No,Month-to-month,Yes,Electronic check,81.78,2930.69,No
CUST-101689,Male,0,No,No,1,Yes,No,DSL,Yes,No,No,No,Yes,Yes,Two year,Yes,Bank transfer (automatic),82.88,94.05,No
CUST-101690,Female,0,No,No,1,Yes,Yes,Fiber optic,No,No,No,No,Yes,No,Month-to-month,No,Mailed check,86.39,103.03,Yes
CUST-101691,Female,0,Yes,Yes,10,Yes,Yes,No,No internet service,No internet service,No internet service,No internet service,No internet service,No internet service,One year,Yes,Electronic check,25.92,261.92,Yes
CUST-101692,Female,0,Yes,No,32,No,No phone service,DSL,No,Yes,No,No,Yes,No,Month-to-month,No,Mailed check,55.68,1787.61,No
CUST-101693,Male,0,No,Yes,0,Yes,Yes,Fiber optic,Yes,No,No,No,Yes,No,One year,Yes,Credit card (automatic),93.58,38.3,Yes
CUST-101694,Male,0,Yes,No,35,Yes,Yes,DSL,No,No,Yes,Yes,No,No,Month-to-month,Yes,Mailed check,58.72,2038.58,Yes
CUST-101695,Female,0,Yes,Yes,72,Yes,Yes,DSL,Yes,Yes,No,No,Yes,Yes,One year,No,Electronic check,81.05,5834.14,No
CUST-101696,Male,0,No,No,12,Yes,No,DSL,Yes,Yes,No,Yes,Yes,Yes,Month-to-month,Yes,Electronic check,88.41,1051.87,Yes
CUST-101697,Male,0,Yes,Yes,29,Yes,No,Fiber optic,No,No,Yes,No,No,No,Two year,No,Bank transfer (automatic),81.65,2344.37,No
CUST-101698,Male,0,Yes,Yes,71,Yes,No,Fiber optic,No,No,No,Yes,No,No,Month-to-month,No,Bank transfer (automatic),86.95,6132.95,No
CUST-101699,Female,1,No,No,2,Yes,No,Fiber optic,No,No,No,Yes,No,No,Month-to-month,Yes,Mailed check,82.72,191.37,Yes
CUST-101700,Male,0,No,Yes,34,Yes,Yes,No,No internet service,No internet service,No internet service,No internet service,No internet service,No internet service,Month-to-month,Yes,Electronic check,25.25,843.22,No
CUST-101701,Male,1,No,No,4,Yes,No,DSL,No,No,Yes,Yes,No,No,Month-to-month,No,Bank transfer (automatic),55.34,216.35,No
CUST-101702,Female,1,No,No,23,Yes,No,Fiber optic,No,Yes,No,No,Yes,Yes,Two year,Yes,Electronic check,100.1,2310.91,Yes
CUST-101703,Male,0,Yes,No,16,Yes,Yes,Fiber optic,No,Yes,Yes,No,Yes,No,Month-to-month,No,Electronic check,96.18,1515.08,No
CUST-101704,Female,1,Yes,Yes,4,Yes,Yes,DSL,Yes,Yes,Yes,No,Yes,Yes,Month-to-month,Yes,Mailed check,86.93,331.03,Yes
CUST-101705,Female,0,No,No,4,Yes,Yes,Fiber optic,No,No,Yes,No,Yes,No,Two year,Yes,Mailed check,93.54,373.73,No
CUST-101706,Female,0,Yes,No,48,Yes,No,DSL,No,No,No,No,Yes,Yes,Month-to-month,Yes,Credit card (automatic),77.27,3700.19,No
CUST-101707,Female,0,Yes,No,7,Yes,No,DSL,No,No,Yes,No,No,No,Month-to-month,No,Bank transfer (automatic),54.68,357.24,Yes
CUST-101708,Male,0,Yes,Yes,28,Yes,No,DSL,No,No,Yes,No,Yes,Yes,One year,No,Electronic check,74.42,2095.9,No
CUST-101709,Male,0,No,No,2,Yes,No,DSL,No,No,Yes,No,No,No,Month-to-month,No,Credit card (automatic),54.25,99.22,No
CUST-101710,Male,0,Yes,No,40,No,No phone service,No,No internet service,No internet service,No internet service,No internet service,No internet service,No internet service,Two year,Yes,Electronic check,23.72,951.54,Yes
CUST-101711,Male,0,No,No,12,Yes,No,No,No internet service,No internet service,No internet service,No internet service,No internet service,No internet service,One year,Yes,Credit card (automatic),24.29,292.62,No
CUST-101712,Female,0,Yes,Yes,30,Yes,No,Fiber optic,Yes,Yes,Yes,No,No,Yes,Month-to-month,Yes,Electronic check,103.65,3128.89,No
CUST-101713,Female,0,No,Yes,12,Yes,Yes,Fiber optic,Yes,No,No,No,Yes,No,One year,Yes,Credit card (automatic),88.05,1063.66,No
CUST-101714,Female,0,Yes,Yes,3,Yes,No,No,No internet service,No internet service,No internet service,No internet service,No internet service,No internet service,Two year,Yes,Credit card (automatic),31.07,75.96,No
CUST-101715,Female,0,Yes,No,58,Yes,No,Fiber optic,No,Yes,No,No,No,No,Month-to-month,No,Credit card (automatic),87.83,5117.38,Yes
CUST-101716,Female,0,No,No,1,Yes,No,Fiber optic,No,Yes,Yes,No,Yes,No,One year,Yes,Electronic check,88.78,79.31,No
CUST-101717,Male,0,No,No,54,Yes,Yes,Fiber optic,No,Yes,Yes,Yes,No,No,Month-to-month,Yes,Credit card (automatic),86.61,4660.66,No
CUST-101718,Male,0,Yes,No,20,Yes,Yes,No,No internet service,No internet service,No internet service,No internet service,No internet service,No internet service,Month-to-month,No,Bank transfer (automatic),28.94,559.56,Yes
CUST-101719,Female,0,Yes,Yes,16,Yes,No,No,No internet service,No internet service,No internet service,No internet service,No internet service,No internet service,One year,Yes,Electronic check,28.51,409.29,Yes
CUST-101720,Male,0,Yes,No,52,Yes,No,DSL,No,No,Yes,No,Yes,Yes,Month-to-month,No,Mailed check,71.83,3722.99,No
CUST-101721,Female,0,Yes,No,25,Yes,Yes,Fiber optic,No,Yes,No,Yes,No,No,Month-to-month,Yes,Bank transfer (automatic),86.09,2160.18,Yes
CUST-101722,Female,0,No,No,72,Yes,Yes,DSL,Yes,Yes,No,No,No,Yes,Month-to-month,Yes,Credit card (automatic),67.58,4838.52,No
CUST-101723,Female,0,Yes,No,53,Yes,Yes,DSL,No,No,Yes,Yes,No,No,One year,No,Bank transfer (automatic),63.32,3390.13,No
CUST-101724,Female,0,No,Yes,33,Yes,No,Fiber optic,No,No,Yes,Yes,Yes,Yes,One year,No,Mailed check,99.14,3226.81,No
CUST-101725,Female,0,Yes,No,21,Yes,Yes,Fiber optic,No,No,Yes,Yes,Yes,No,Month-to-month,No,Bank transfer (automatic),96.46,2010.0,No
CUST-101726,Female,0,No,No,53,Yes,Yes,DSL,No,Yes,No,No,Yes,Yes,Month-to-month,Yes,Electronic check,71.7,3770.35,No
CUST-101727,Female,0,Yes,No,11,No,No phone service,DSL,No,Yes,Yes,No,No,Yes,Two year,Yes,Mailed check,60.31,681.77,No
CUST-101728,Male,0,Yes,No,2,No,No phone service,Fiber optic,Yes,Yes,No,No,No,Yes,Month-to-month,No,Credit card (automatic),92.86,198.77,Yes
CUST-101729,Male,0,Yes,No,2,Yes,No,DSL,Yes,Yes,No,No,No,No,Month-to-month,Yes,Bank transfer (automatic),66.82,128.32,No
CUST-101730,Female,0,No,Yes,46,Yes,Yes,No,No internet service,No internet service,No internet service,No internet service,No internet service,No internet service,Month-to-month,Yes,Bank transfer (automatic),24.01,1076.02,No
CUST-101731,Female,0,No,No,15,Yes,No,Fiber optic,Yes,Yes,Yes,Yes,Yes,Yes,One year,Yes,Mailed check,109.51,1618.68,Yes
CUST-101732,Female,0,No,No,24,Yes,No,Fiber optic,No,No,No,No,No,No,Month-to-month,Yes,Mailed check,81.11,1951.64,No
CUST-101733,Female,0,Yes,No,5,Yes,No,DSL,No,No,No,No,No,No,Two year,Yes,Bank transfer (automatic),47.26,222.78,No
CUST-101734,Female,0,Yes,Yes,11,No,No phone service,No,No internet service,No internet service,No internet service,No internet service,No internet service,No internet service,One year,No,Electronic check,25.82,272.78,No
CUST-101735,Female,0,Yes,No,72,Yes,No,No,No internet service,No internet service,No internet service,No internet service,No internet service,No internet service,Month-to-month,Yes,Credit card (automatic),28.54,2053.4,No
CUST-101736,Female,1,Yes,No,18,Yes,Yes,DSL,Yes,Yes,Yes,No,Yes,No,One year,No,Credit card (automatic),72.69,1300.17,No
CUST-101737,Male,0,No,No,9,Yes,Yes,Fiber optic,Yes,Yes,No,No,Yes,Yes,Month-to-month,Yes,Credit card (automatic),104.04,901.37,Yes
CUST-101738,Male,0,No,No,2,Yes,No,No,No internet service,No internet service,No internet service,No internet service,No internet service,No internet service,Month-to-month,Yes,Credit card (automatic),33.44,40.26,Yes
CUST-101739,Male,0,No,No,8,Yes,No,DSL,No,No,No,No,No,No,One year,Yes,Mailed check,44.48,329.71,Yes
CUST-101740,Male,1,No,Yes,22,Yes,No,Fiber optic,No,No,Yes,Yes,Yes,No,Month-to-month,No,Mailed check,99.11,2165.87,No
CUST-101741,Female,0,Yes,No,18,Yes,No,No,No internet service,No internet service,No internet service,No internet service,No internet service,No internet service,Two year,No,Credit card (automatic),32.78,591.84,No
CUST-101742,Male,1,Yes,Yes,15,No,No phone service,Fiber optic,No,No,No,Yes,Yes,No,One year,Yes,Electronic check,81.72,1226.78,No
CUST-101743,Male,0,No,Yes,49,Yes,No,No,No internet service,No internet service,No internet service,No internet service,No internet service,No internet service,Month-to-month,Yes,Credit card (automatic),27.71,1381.52,No
CUST-101744,Male,0,Yes,No,15,No,No phone service,DSL,No,No,Yes,No,No,Yes,Two year,No,Electronic check,57.55,835.11,No
CUST-101745,Female,0,Yes,No,5,Yes,Yes,No,No internet service,No internet service,No internet service,No internet service,No internet service,No internet service,Month-to-month,Yes,Credit card (automatic),30.93,160.78,No
CUST-101746,Female,0,No,No,9,Yes,Yes,No,No internet service,No internet service,No internet service,No internet service,No internet service,No internet service,Month-to-month,No,Mailed check,25.08,209.99,No
CUST-101747,Male,0,No,No,37,Yes,No,DSL,No,No,Yes,Yes,No,Yes,Month-to-month,No,Credit card (automatic),69.94,2627.29,No
CUST-101748,Female,1,No,No,2,Yes,No,Fiber optic,No,No,No,Yes,Yes,Yes,Two year,Yes,Mailed check,98.6,195.08,No
CUST-101749,Female,0,Yes,No,57,Yes,Yes,Fiber optic,No,Yes,No,Yes,No,No,Month-to-month,No,Bank transfer (automatic),90.72,5159.81,No
CUST-101750,Female,1,No,Yes,15,Yes,Yes,No,No internet service,No internet service,No internet service,No internet service,No internet service,No internet service,Month-to-month,No,Credit card (automatic),38.7,585.99,No
CUST-101751,Female,0,Yes,No,31,Yes,Yes,DSL,Yes,No,Yes,Yes,Yes,No,Month-to-month,Yes,Mailed check,72.06,2237.8,No
CUST-101752,Female,0,Yes,No,72,Yes,No,DSL,No,No,No,No,Yes,Yes,Month-to-month,Yes,Electronic check,69.32,4983.44,Yes
CUST-101753,Male,0,Yes,No,22,Yes,Yes,No,No internet service,No internet service,No internet service,No internet service,No internet service,No internet service,Month-to-month,Yes,Electronic check,24.96,561.0,Yes
CUST-101754,Female,0,No,No,13,No,No phone service,Fiber optic,No,Yes,Yes,Yes,Yes,No,One year,No,Bank transfer (automatic),90.04,1200.73,No
CUST-101755,Male,0,No,Yes,1,Yes,No,Fiber optic,No,No,No,No,No,Yes,Two year,Yes,Bank transfer (automatic),81.7,100.06,No
CUST-101756,Male,0,No,No,14,Yes,Yes,Fiber optic,Yes,Yes,No,No,No,Yes,One year,Yes,Bank transfer (automatic),89.88,1255.34,No
CUST-101757,Female,0,Yes,No,18,Yes,No,No,No internet service,No internet service,No internet service,No internet service,No internet service,No internet service,Month-to-month,Yes,Electronic check,32.73,624.67,Yes
CUST-101758,Female,0,No,No,10,Yes,Yes,DSL,No,No,No,Yes,Yes,No,Month-to-month,Yes,Electronic check,67.42,683.84,Yes
CUST-101759,Female,0,Yes,No,24,Yes,No,No,No internet service,No internet service,No internet service,No internet service,No internet service,No internet service,Month-to-month,Yes,Credit card (automatic),28.37,658.93,No
CUST-101760,Male,0,No,No,2,Yes,Yes,Fiber optic,No,Yes,No,Yes,No,No,Month-to-month,Yes,Bank transfer (automatic),84.5,170.1,No
CUST-101761,Male,0,Yes,Yes,47,Yes,Yes,No,No internet service,No internet service,No internet service,No internet service,No internet service,No internet service,One year,Yes,Electronic check,27.7,1297.56,No
CUST-101762,Male,0,Yes,No,21,Yes,Yes,DSL,No,No,No,No,Yes,No,Month-to-month,Yes,Electronic check,56.37,1172.94,No
CUST-101763,Female,0,No,No,14,Yes,No,Fiber optic,No,No,Yes,Yes,Yes,Yes,Two year,No,Electronic check,102.89,1446.75,No
CUST-101764,Female,0,Yes,Yes,12,Yes,No,No,No internet service,No internet service,No internet service,No internet service,No internet service,No internet service,Month-to-month,No,Credit card (automatic),29.33,314.38,No
CUST-101765,Female,0,No,No,29,Yes,Yes,No,No internet service,No internet service,No internet service,No internet service,No internet service,No internet service,One year,Yes,Bank transfer (automatic),25.83,781.13,No
CUST-101766,Female,0,Yes,No,25,Yes,Yes,DSL,Yes,No,No,Yes,Yes,No,Two year,No,Bank transfer (automatic),67.97,1711.49,No
CUST-101767,Male,0,No,No,2,Yes,No,Fiber optic,Yes,No,Yes,No,No,No,One year,Yes,Bank transfer (automatic),85.03,133.23,No
CUST-101768,Male,1,Yes,No,29,Yes,Yes,DSL,Yes,Yes,No,Yes,Yes,No,Two year,Yes,Credit card (automatic),79.26,2310.54,No
CUST-101769,Male,0,Yes,No,2,Yes,No,DSL,Yes,Yes,No,No,No,Yes,Two year,No,Electronic check,71.81,152.49,No
CUST-101770,Male,1,Yes,Yes,12,Yes,Yes,Fiber optic,No,No,No,No,Yes,Yes,One year,Yes,Electronic check,87.57,1080.15,No
CUST-101771,Male,0,Yes,No,10,Yes,No,No,No internet service,No internet service,No internet service,No internet service,No internet service,No internet service,Month-to-month,Yes,Mailed check,30.89,343.38,Yes
CUST-101772,Male,0,No,No,17,Yes,No,Fiber optic,No,No,Yes,Yes,No,Yes,Month-to-month,Yes,Credit card (automatic),97.17,1689.74,Yes
CUST-101773,Male,0,Yes,No,29,Yes,No,DSL,No,No,No,Yes,No,No,Two year,No,Mailed check,58.75,1698.19,No
CUST-101774,Female,0,Yes,No,22,Yes,No,DSL,No,Yes,No,Yes,Yes,No,Month-to-month,Yes,Mailed check,77.58,1717.58,No
CUST-101775,Male,0,No,Yes,2,Yes,Yes,Fiber optic,Yes,No,No,Yes,No,No,Two year,No,Credit card (automatic),88.1,166.59,No
CUST-101776,Male,0,Yes,No,40,Yes,Yes,DSL,No,No,No,No,No,Yes,Month-to-month,Yes,Electronic check,62.72,2528.37,Yes
CUST-101777,Male,0,No,Yes,39,Yes,No,No,No internet service,No internet service,No internet service,No internet service,No internet service,No internet service,One year,Yes,Mailed check,29.88,1122.09,No
CUST-101778,Male,0,No,No,21,Yes,Yes,DSL,No,No,Yes,No,No,No,Month-to-month,Yes,Bank transfer (automatic),60.51,1245.2,No
CUST-101779,Female,0,Yes,No,6,No,No phone service,DSL,No,Yes,Yes,Yes,No,Yes,Two year,No,Credit card (automatic),66.11,387.98,No
CUST-101780,Male,0,No,No,5,Yes,Yes,Fiber optic,Yes,No,No,No,Yes,No,Month-to-month,Yes,Electronic check,88.42,440.9,No
CUST-101781,Male,0,Yes,No,67,Yes,No,DSL,No,No,Yes,Yes,Yes,Yes,Month-to-month,No,Mailed check,81.89,5489.9,No
CUST-101782,Male,0,Yes,No,4,Yes,Yes,Fiber optic,No,No,No,No,No,No,Two year,No,Credit card (automatic),81.69,352.25,Yes
CUST-101783,Female,0,Yes,Yes,22,Yes,No,Fiber optic,No,Yes,Yes,No,No,Yes,Month-to-month,Yes,Bank transfer (automatic),100.1,2189.2,Yes
CUST-101784,Female,0,No,No,66,Yes,Yes,DSL,No,No,No,No,Yes,Yes,Month-to-month,Yes,Bank transfer (automatic),70.66,4637.72,Yes
CUST-101785,Male,0,No,Yes,8,Yes,Yes,Fiber optic,No,Yes,No,No,No,No,Two year,Yes,Electronic check,76.4,603.45,Yes
CUST-101786,Male,0,No,No,4,Yes,Yes,Fiber optic,No,No,No,No,No,No,Two year,No,Electronic check,78.66,302.52,Yes
CUST-101787,Male,0,No,No,8,Yes,Yes,Fiber optic,No,No,No,No,No,Yes,Month-to-month,No,Mailed check,86.13,700.1,No
CUST-101788,Male,0,Yes,No,43,Yes,Yes,DSL,No,No,Yes,Yes,No,No,One year,Yes,Electronic check,66.92,2908.06,No
CUST-101789,Female,0,No,Yes,50,Yes,No,Fiber optic,No,No,Yes,No,No,Yes,Month-to-month,No,Credit card (automatic),94.23,4740.2,Yes
CUST-101790,Female,0,No,No,12,Yes,No,Fiber optic,No,No,No,No,No,No,Month-to-month,Yes,Bank transfer (automatic),80.45,987.19,Yes
CUST-101791,Female,0,No,No,18,Yes,Yes,DSL,No,No,No,No,Yes,Yes,One year,No,Credit card (automatic),60.71,1081.39,Yes
CUST-101792,Male,0,No,No,61,Yes,Yes,DSL,Yes,No,No,No,Yes,Yes,Month-to-month,No,Electronic check,70.7,4309.47,No
CUST-101793,Male,0,No,Yes,6,No,No phone service,DSL,No,No,No,No,Yes,No,Month-to-month,Yes,Electronic check,51.54,317.73,No
CUST-101794,Male,0,Yes,Yes,14,Yes,No,DSL,No,No,Yes,No,No,No,Month-to-month,Yes,Bank transfer (automatic),55.63,763.41,Yes
CUST-101795,Male,1,No,No,30,Yes,Yes,DSL,No,Yes,No,Yes,Yes,Yes,Two year,Yes,Electronic check,79.67,2376.55,No
CUST-101796,Female,0,No,Yes,72,Yes,Yes,No,No internet service,No internet service,No internet service,No internet service,No internet service,No internet service,One year,No,Electronic check,33.92,2449.73,No
CUST-101797,Male,0,No,No,61,Yes,No,Fiber optic,No,Yes,No,No,Yes,No,Month-to-month,Yes,Mailed check,94.12,5714.03,No
CUST-101798,Male,0,Yes,No,20,Yes,No,Fiber optic,No,Yes,Yes,Yes,No,No,Two year,No,Electronic check,88.32,1788.25,No
CUST-101799,Female,0,No,Yes,10,Yes,Yes,DSL,No,No,Yes,Yes,No,Yes,Two year,Yes,Electronic check,66.69,658.87,No
CUST-101800,Male,1,Yes,No,29,Yes,No,DSL,No,No,No,Yes,No,Yes,Month-to-month,Yes,Electronic check,62.32,1818.09,No
CUST-101801,Male,0,No,No,4,No,No phone service,Fiber optic,Yes,No,No,No,Yes,Yes,Two year,No,Credit card (automatic),90.53,366.26,No
CUST-101802,Male,0,No,Yes,72,Yes,Yes,Fiber optic,No,No,Yes,No,No,No,Month-to-month,Yes,Electronic check,85.22,6160.92,Yes
CUST-101803,Male,1,Yes,No,7,Yes,No,No,No internet service,No internet service,No internet service,No internet service,No internet service,No internet service,Month-to-month,No,Mailed check,31.86,180.46,Yes
CUST-101804,Male,0,No,Yes,19,Yes,Yes,DSL,No,No,No,No,Yes,Yes,Month-to-month,Yes,Mailed check,67.5,1307.71,No
CUST-101805,Male,0,Yes,No,0,Yes,No,DSL,Yes,No,Yes,No,No,Yes,Month-to-month,Yes,Mailed check,69.88,24.76,No
CUST-101806,Male,0,No,No,14,Yes,No,Fiber optic,No,No,No,No,No,No,One year,Yes,Mailed check,84.7,1191.42,No
CUST-101807,Male,0,No,No,17,Yes,Yes,DSL,No,No,No,No,No,No,One year,Yes,Electronic check,47.06,810.45,No
CUST-101808,Male,0,Yes,No,10,Yes,No,DSL,Yes,Yes,No,Yes,No,No,Two year,No,Electronic check,70.55,717.43,No
CUST-101809,Female,0,No,No,17,Yes,Yes,DSL,No,No,No,No,Yes,Yes,Month-to-month,Yes,Mailed check,71.12,1191.02,Yes
CUST-101810,Male,1,Yes,Yes,3,Yes,No,DSL,No,No,No,No,No,No,Month-to-month,Yes,Credit card (automatic),51.81,156.51,No
CUST-101811,Female,1,No,No,20,Yes,Yes,No,No internet service,No internet service,No internet service,No internet service,No internet service,No internet service,Month-to-month,Yes,Mailed check,27.93,576.4,No
CUST-101812,Female,0,No,Yes,47,Yes,Yes,No,No internet service,No internet service,No internet service,No internet service,No internet service,No internet service,Month-to-month,No,Mailed check,29.68,1359.21,No
CUST-101813,Male,0,Yes,No,7,Yes,No,Fiber optic,No,Yes,No,Yes,No,No,Two year,No,Credit card (automatic),86.82,617.16,No
CUST-101814,Female,0,No,Yes,61,Yes,Yes,Fiber optic,No,No,No,No,No,Yes,One year,No,Bank transfer (automatic),83.45,5092.19,Yes
CUST-101815,Male,0,No,No,10,Yes,Yes,Fiber optic,No,No,No,Yes,No,Yes,Two year,No,Bank transfer (automatic),88.15,894.05,No
CUST-101816,Male,0,No,No,10,Yes,No,Fiber optic,No,No,No,No,No,No,One year,Yes,Mailed check,85.45,829.06,Yes
CUST-101817,Male,0,No,No,17,No,No phone service,No,No internet service,No internet service,No internet service,No internet service,No internet service,No internet service,Month-to-month,Yes,Credit card (automatic),18.24,295.21,Yes
CUST-101818,Male,0,No,No,15,Yes,No,Fiber optic,No,No,No,No,No,No,Month-to-month,Yes,Bank transfer (automatic),78.81,1154.23,Yes
CUST-101819,Male,0,No,Yes,19,Yes,Yes,No,No internet service,No internet service,No internet service,No internet service,No internet service,No internet service,Month-to-month,Yes,Bank transfer (automatic),31.14,563.52,No
CUST-101820,Male,0,Yes,No,47,Yes,No,DSL,Yes,Yes,Yes,No,Yes,Yes,Two year,No,Bank transfer (automatic),82.15,3877.67,No
CUST-101821,Female,0,Yes,Yes,43,Yes,No,Fiber optic,No,No,No,No,No,No,Month-to-month,No,Mailed check,78.14,3348.24,No
CUST-101822,Male,0,No,Yes,7,Yes,No,No,No internet service,No internet service,No internet service,No internet service,No internet service,No internet service,Month-to-month,Yes,Credit card (automatic),30.01,196.82,No
CUST-101823,Female,0,Yes,No,13,Yes,No,No,No internet service,No internet service,No internet service,No internet service,No internet service,No internet service,One year,No,Credit card (automatic),24.61,341.74,No
CUST-101824,Female,0,No,No,49,Yes,No,No,No internet service,No internet service,No internet service,No internet service,No internet service,No internet service,Month-to-month,Yes,Bank transfer (automatic),21.85,1063.78,Yes
CUST-101825,Female,1,Yes,No,1,Yes,No,Fiber optic,No,Yes,Yes,No,Yes,No,Month-to-month,No,Electronic check,92.08,111.35,Yes
CUST-101826,Male,0,No,No,4,Yes,Yes,Fiber optic,Yes,Yes,No,No,Yes,No,Month-to-month,Yes,Bank transfer (automatic),102.91,390.65,No
CUST-101827,Female,1,No,Yes,2,Yes,No,DSL,No,No,Yes,No,Yes,Yes,Month-to-month,No,Electronic check,70.7,134.47,No
CUST-101828,Female,0,Yes,Yes,10,Yes,No,Fiber optic,No,No,Yes,No,No,Yes,Month-to-month,Yes,Bank transfer (automatic),90.52,887.09,Yes
CUST-101829,Female,0,Yes,No,11,Yes,Yes,DSL,Yes,No,Yes,No,No,No,Two year,No,Electronic check,56.7,634.66,No
CUST-101830,Male,1,Yes,No,0,Yes,No,Fiber optic,Yes,Yes,No,No,No,Yes,One year,No,Credit card (automatic),101.37,0.0,No
CUST-101831,Female,0,No,Yes,27,Yes,Yes,No,No internet service,No internet service,No internet service,No internet service,No internet service,No internet service,Month-to-month,Yes,Credit card (automatic),26.8,738.22,No
CUST-101832,Female,0,No,No,56,Yes,No,No,No internet service,No internet service,No internet service,No internet service,No internet service,No internet service,One year,Yes,Electronic check,26.18,1469.14,No
CUST-101833,Male,0,Yes,No,14,Yes,No,Fiber optic,Yes,No,No,No,Yes,Yes,Two year,No,Bank transfer (automatic),98.47,1339.66,No
CUST-101834,Male,0,No,No,4,Yes,No,DSL,No,No,Yes,No,No,No,One year,Yes,Credit card (automatic),67.05,262.92,No
CUST-101835,Male,0,Yes,No,54,Yes,Yes,Fiber optic,No,No,Yes,No,Yes,No,Two year,Yes,Electronic check,91.77,4924.87,No
CUST-101836,Female,0,Yes,No,44,Yes,No,DSL,No,Yes,No,Yes,No,Yes,Two year,Yes,Electronic check,70.37,3103.21,No
CUST-101837,Male,1,Yes,No,19,Yes,Yes,DSL,No,Yes,No,Yes,Yes,Yes,Month-to-month,No,Mailed check,67.47,1293.03,Yes
CUST-101838,Male,0,Yes,No,1,Yes,No,No,No internet service,No internet service,No internet service,No internet service,No internet service,No internet service,Month-to-month,No,Credit card (automatic),33.41,46.59,No
CUST-101839,Female,0,No,No,17,Yes,No,Fiber optic,No,No,Yes,No,Yes,No,Month-to-month,Yes,Mailed check,87.22,1480.28,Yes
CUST-101840,Male,0,No,Yes,14,Yes,Yes,DSL,No,No,No,No,Yes,No,Month-to-month,No,Electronic check,57.59,773.62,No
CUST-101841,Male,0,No,Yes,27,Yes,No,Fiber optic,No,Yes,No,No,Yes,No,Two year,Yes,Electronic check,87.95,2378.84,No
CUST-101842,Female,0,No,No,58,Yes,No,DSL,Yes,No,Yes,Yes,No,Yes,One year,Yes,Mailed check,80.86,4698.02,No
CUST-101843,Female,0,Yes,Yes,25,Yes,Yes,Fiber optic,No,No,No,Yes,No,Yes,Month-to-month,No,Electronic check,90.83,2267.1,Yes
CUST-101844,Female,0,Yes,No,48,Yes,No,DSL,No,No,Yes,No,No,No,Two year,Yes,Bank transfer (automatic),50.91,2445.39,No
CUST-101845,Female,0,No,No,50,Yes,No,DSL,No,No,No,No,Yes,No,One year,Yes,Electronic check,60.18,2971.24,No
CUST-101846,Male,0,No,No,29,Yes,No,Fiber optic,Yes,No,No,No,Yes,No,Month-to-month,Yes,Bank transfer (automatic),87.67,2543.75,No
CUST-101847,Female,0,No,No,21,Yes,Yes,Fiber optic,Yes,Yes,No,Yes,No,No,Two year,No,Bank transfer (automatic),94.44,1981.07,Yes
CUST-101848,Female,0,No,No,0,Yes,Yes,Fiber optic,No,Yes,No,No,No,Yes,Month-to-month,Yes,Credit card (automatic),89.45,0.0,No
CUST-101849,Male,0,No,Yes,16,Yes,Yes,No,No internet service,No internet service,No internet service,No internet service,No internet service,No internet service,Month-to-month,Yes,Electronic check,21.72,358.09,No
CUST-101850,Male,0,No,No,6,Yes,No,No,No internet service,No internet service,No internet service,No internet service,No internet service,No internet service,Month-to-month,Yes,Bank transfer (automatic),27.67,156.13,No
CUST-101851,Male,0,No,No,10,Yes,No,No,No internet service,No internet service,No internet service,No internet service,No internet service,No internet service,Two year,Yes,Bank transfer (automatic),27.77,282.28,No
CUST-101852,Male,0,No,No,7,Yes,No,No,No internet service,No internet service,No internet service,No internet service,No internet service,No internet service,Month-to-month,Yes,Mailed check,22.99,170.69,No
CUST-101853,Male,0,Yes,No,42,Yes,Yes,No,No internet service,No internet service,No internet service,No internet service,No internet service,No internet service,Month-to-month,Yes,Electronic check,20.16,853.3,No
CUST-101854,Male,0,Yes,No,0,No,No phone service,No,No internet service,No internet service,No internet service,No internet service,No internet service,No internet service,One year,No,Electronic check,21.13,0.0,Yes
CUST-101855,Female,0,No,No,21,Yes,No,DSL,No,Yes,Yes,No,No,Yes,Two year,No,Bank transfer (automatic),68.88,1438.8,No
CUST-101856,Male,0,Yes,No,1,Yes,No,DSL,No,No,No,No,No,No,Month-to-month,No,Mailed check,52.14,94.73,No
CUST-101857,Female,0,No,No,55,No,No phone service,Fiber optic,No,Yes,No,Yes,Yes,No,Month-to-month,No,Credit card (automatic),90.98,5031.81,Yes
CUST-101858,Female,0,No,No,72,Yes,Yes,No,No internet service,No internet service,No internet service,No internet service,No internet service,No internet service,Two year,No,Credit card (automatic),20.25,1474.69,No
CUST-101859,Female,0,Yes,Yes,12,Yes,No,No,No internet service,No internet service,No internet service,No internet service,No internet service,No internet service,One year,No,Bank transfer (automatic),28.24,344.37,No
CUST-101860,Female,0,Yes,Yes,72,Yes,No,Fiber optic,Yes,Yes,No,No,No,Yes,Month-to-month,Yes,Credit card (automatic),98.65,7083.04,No
CUST-101861,Male,0,No,No,0,Yes,Yes,No,No internet service,No internet service,No internet service,No internet service,No internet service,No internet service,Month-to-month,No,Bank transfer (automatic),27.27,0.0,No
CUST-101862,Female,0,No,No,36,Yes,No,Fiber optic,No,Yes,No,No,Yes,Yes,Month-to-month,Yes,Electronic check,93.34,3351.79,No
CUST-101863,Male,0,Yes,No,32,Yes,Yes,Fiber optic,No,No,Yes,No,No,No,One year,Yes,Electronic check,79.36,2537.83,No
CUST-101864,Female,0,No,No,60,Yes,Yes,DSL,No,No,Yes,No,Yes,No,One year,Yes,Credit card (automatic),63.19,3762.47,No
CUST-101865,Male,0,Yes,Yes,2,No,No phone service,Fiber optic,Yes,No,Yes,No,Yes,No,One year,Yes,Mailed check,80.68,180.45,No
CUST-101866,Male,0,Yes,No,1,Yes,No,DSL,Yes,No,No,Yes,Yes,No,Month-to-month,Yes,Credit card (automatic),72.49,18.76,No
CUST-101867,Female,0,Yes,No,52,Yes,Yes,DSL,No,No,No,No,No,No,Two year,No,Electronic check,53.01,2773.66,No
CUST-101868,Male,0,No,No,8,Yes,No,Fiber optic,Yes,No,No,No,Yes,Yes,Month-to-month,Yes,Electronic check,96.43,788.96,Yes
CUST-101869,Female,0,No,No,72,Yes,Yes,DSL,Yes,No,Yes,No,No,Yes,Two year,Yes,Bank transfer (automatic),73.94,5370.22,No
CUST-101870,Male,1,No,No,59,No,No phone service,No,No internet service,No internet service,No internet service,No internet service,No internet service,No internet service,Month-to-month,Yes,Credit card (automatic),18.0,1057.0,No
CUST-101871,Male,0,Yes,Yes,7,Yes,Yes,Fiber optic,Yes,Yes,No,No,Yes,No,Month-to-month,No,Credit card (automatic),101.92,703.04,No
CUST-101872,Female,1,No,No,32,Yes,Yes,Fiber optic,No,No,No,No,Yes,No,Month-to-month,Yes,Electronic check,84.92,2719.85,No
CUST-101873,Female,0,No,No,4,Yes,No,DSL,No,Yes,No,No,No,Yes,Month-to-month,Yes,Mailed check,62.18,259.92,Yes
CUST-101874,Male,0,Yes,No,5,Yes,Yes,No,No internet service,No internet service,No internet service,No internet service,No internet service,No internet service,Month-to-month,No,Bank transfer (automatic),24.3,119.7,No
CUST-101875,Male,0,Yes,Yes,72,Yes,Yes,Fiber optic,Yes,No,Yes,Yes,Yes,No,One year,No,Credit card (automatic),100.36,7202.26,No
CUST-101876,Male,0,Yes,No,34,Yes,Yes,Fiber optic,Yes,No,Yes,No,Yes,Yes,Two year,Yes,Electronic check,98.72,3367.65,No
CUST-101877,Female,1,No,Yes,60,Yes,No,Fiber optic,No,Yes,Yes,Yes,Yes,Yes,Month-to-month,No,Bank transfer (automatic),108.58,6514.79,No
CUST-101878,Female,0,Yes,No,9,Yes,Yes,Fiber optic,No,Yes,No,Yes,No,No,Month-to-month,Yes,Electronic check,86.4,757.44,No
CUST-101879,Male,1,Yes,Yes,18,Yes,No,Fiber optic,No,No,No,No,Yes,No,Month-to-month,No,Bank transfer (automatic),84.31,1485.08,Yes
CUST-101880,Male,0,No,No,27,Yes,Yes,Fiber optic,No,No,No,Yes,No,Yes,Two year,Yes,Electronic check,90.83,2501.79,No
CUST-101881,Male,1,No,No,23,Yes,Yes,No,No internet service,No internet service,No internet service,No internet service,No internet service,No internet service,Month-to-month,No,Credit card (automatic),32.02,753.1,No
CUST-101882,Male,1,No,No,41,Yes,No,DSL,Yes,No,No,Yes,No,Yes,Month-to-month,Yes,Electronic check,68.83,2833.22,No
CUST-101883,Female,0,No,No,12,Yes,Yes,No,No internet service,No internet service,No internet service,No internet service,No internet service,No internet service,Month-to-month,No,Bank transfer (automatic),28.74,342.58,No
CUST-101884,Female,0,Yes,No,60,No,No phone service,Fiber optic,No,Yes,No,No,No,No,Month-to-month,Yes,Bank transfer (automatic),76.78,4620.6,No
CUST-101885,Male,0,No,No,9,Yes,No,DSL,No,No,No,Yes,Yes,No,One year,Yes,Electronic check,61.16,529.39,No
CUST-101886,Female,0,Yes,No,12,No,No phone service,DSL,No,No,No,No,No,Yes,Month-to-month,No,Electronic check,55.09,665.07,Yes
CUST-101887,Male,1,Yes,No,49,Yes,No,Fiber optic,No,No,Yes,Yes,Yes,Yes,Month-to-month,No,Bank transfer (automatic),106.26,5211.6,Yes
CUST-101888,Male,0,No,Yes,14,Yes,No,DSL,No,No,Yes,No,No,No,Two year,Yes,Bank transfer (automatic),60.86,831.49,No
CUST-101889,Male,0,Yes,Yes,23,Yes,No,No,No internet service,No internet service,No internet service,No internet service,No internet service,No internet service,Month-to-month,No,Bank transfer (automatic),23.56,539.79,No
CUST-101890,Male,0,Yes,No,21,Yes,No,Fiber optic,Yes,No,No,No,Yes,Yes,One year,Yes,Bank transfer (automatic),94.84,1983.38,No
CUST-101891,Male,0,No,No,7,Yes,Yes,No,No internet service,No internet service,No internet service,No internet service,No internet service,No internet service,Month-to-month,Yes,Electronic check,27.78,179.18,No
CUST-101892,Female,1,Yes,No,3,Yes,Yes,DSL,Yes,Yes,No,No,No,No,Two year,Yes,Credit card (automatic),62.56,176.9,No
CUST-101893,Female,0,Yes,Yes,29,Yes,No,Fiber optic,Yes,No,Yes,No,Yes,Yes,One year,Yes,Electronic check,103.08,2955.18,No
CUST-101894,Male,0,No,No,19,Yes,No,DSL,No,Yes,No,No,Yes,Yes,Month-to-month,No,Mailed check,72.57,1400.09,No
CUST-101895,Female,1,No,No,33,Yes,No,Fiber optic,No,Yes,Yes,No,Yes,No,Two year,Yes,Credit card (automatic),95.74,3190.67,Yes
CUST-101896,Female,0,No,No,2,No,No phone service,Fiber optic,Yes,No,No,Yes,Yes,Yes,Month-to-month,No,Credit card (automatic),85.78,153.03,No
CUST-101897,Female,0,Yes,No,18,Yes,No,Fiber optic,No,No,No,No,Yes,No,Month-to-month,Yes,Electronic check,88.63,1617.54,Yes
CUST-101898,Female,0,No,No,5,Yes,Yes,Fiber optic,No,No,Yes,No,No,Yes,One year,No,Electronic check,95.89,478.81,No
CUST-101899,Male,0,No,No,16,Yes,No,DSL,Yes,Yes,Yes,No,Yes,No,One year,Yes,Bank transfer (automatic),72.79,1164.44,No
CUST-101900,Female,0,Yes,No,8,Yes,No,DSL,No,Yes,No,Yes,No,No,Month-to-month,No,Electronic check,63.81,484.57,No
CUST-101901,Female,0,Yes,No,5,Yes,No,Fiber optic,No,Yes,No,No,Yes,No,Month-to-month,No,Bank transfer (automatic),97.72,477.45,Yes
CUST-101902,Female,0,Yes,No,1,Yes,No,DSL,No,No,No,Yes,Yes,No,Month-to-month,Yes,Mailed check,66.13,76.79,No
CUST-101903,Male,1,No,No,7,Yes,Yes,Fiber optic,No,Yes,No,No,Yes,No,One year,Yes,Electronic check,92.22,626.03,Yes
CUST-101904,Male,1,Yes,No,48,No,No phone service,Fiber optic,Yes,No,Yes,Yes,No,No,Two year,No,Mailed check,91.37,4370.93,No
CUST-101905,Male,0,No,No,5,Yes,No,No,No internet service,No internet service,No internet service,No internet service,No internet service,No internet service,Month-to-month,No,Bank transfer (automatic),36.15,170.59,Yes
CUST-101906,Male,0,No,No,21,Yes,Yes,No,No internet service,No internet service,No internet service,No internet service,No internet service,No internet service,Two year,Yes,Bank transfer (automatic),23.76,430.81,No
CUST-101907,Male,0,Yes,Yes,63,Yes,No,Fiber optic,No,No,Yes,No,No,No,Month-to-month,No,Mailed check,80.35,5068.62,No
CUST-101908,Male,0,No,No,52,Yes,No,No,No internet service,No internet service,No internet service,No internet service,No internet service,No internet service,Two year,No,Electronic check,31.57,1654.38,No
CUST-101909,Female,0,Yes,No,8,Yes,No,Fiber optic,No,No,No,No,No,Yes,Two year,No,Mailed check,87.99,711.21,No
CUST-101910,Male,0,Yes,No,8,Yes,No,DSL,Yes,No,No,No,Yes,Yes,One year,Yes,Bank transfer (automatic),76.82,633.42,No
CUST-101911,Female,0,No,No,1,Yes,Yes,No,No internet service,No internet service,No internet service,No internet service,No internet service,No internet service,Month-to-month,Yes,Bank transfer (automatic),18.0,9.12,Yes
CUST-101912,Male,0,Yes,Yes,37,Yes,Yes,Fiber optic,Yes,No,Yes,Yes,No,No,Month-to-month,No,Credit card (automatic),84.18,3150.88,Yes
CUST-101913,Female,0,No,No,50,Yes,Yes,Fiber optic,No,No,Yes,No,No,No,Month-to-month,Yes,Credit card (automatic),89.14,4440.1,No
CUST-101914,Male,0,No,No,34,Yes,No,Fiber optic,No,No,Yes,Yes,No,Yes,One year,Yes,Mailed check,98.1,3330.91,Yes
CUST-101915,Female,0,Yes,No,13,Yes,No,No,No internet service,No internet service,No internet service,No internet service,No internet service,No internet service,Two year,No,Credit card (automatic),29.41,375.87,No
CUST-101916,Male,0,Yes,No,7,Yes,No,Fiber optic,No,No,Yes,No,No,No,Month-to-month,Yes,Electronic check,77.03,542.94,Yes
CUST-101917,Male,0,Yes,No,69,No,No phone service,No,No internet service,No internet service,No internet service,No internet service,No internet service,No internet service,Month-to-month,Yes,Mailed check,18.34,1260.67,No
CUST-101918,Male,0,No,No,8,Yes,No,DSL,Yes,Yes,No,Yes,Yes,No,Month-to-month,No,Mailed check,78.28,624.18,Yes
CUST-101919,Female,1,No,No,0,Yes,No,No,No internet service,No internet service,No internet service,No internet service,No internet service,No internet service,One year,No,Bank transfer (automatic),22.47,0.0,Yes
CUST-101920,Male,1,Yes,Yes,1,No,No phone service,Fiber optic,No,No,No,No,No,Yes,One year,No,Bank transfer (automatic),75.18,66.41,No
CUST-101921,Female,0,No,Yes,23,Yes,Yes,Fiber optic,No,Yes,Yes,No,Yes,No,Month-to-month,No,Electronic check,96.5,2174.81,Yes
CUST-101922,Female,0,No,No,72,Yes,No,No,No internet service,No internet service,No internet service,No internet service,No internet service,No internet service,One year,Yes,Credit card (automatic),30.36,2201.97,No
CUST-101923,Male,0,No,Yes,38,Yes,No,DSL,Yes,No,No,No,No,Yes,Month-to-month,Yes,Credit card (automatic),63.91,2408.14,No
CUST-101924,Male,0,Yes,No,28,Yes,Yes,DSL,Yes,No,Yes,No,Yes,No,One year,Yes,Credit card (automatic),73.93,2060.23,No
CUST-101925,Male,0,Yes,No,39,No,No phone service,No,No internet service,No internet service,No internet service,No internet service,No internet service,No internet service,Month-to-month,No,Mailed check,23.8,907.0,No
CUST-101926,Male,0,Yes,Yes,13,No,No phone service,No,No internet service,No internet service,No internet service,No internet service,No internet service,No internet service,Month-to-month,Yes,Credit card (automatic),18.0,245.39,No
CUST-101927,Male,1,Yes,No,12,No,No phone service,Fiber optic,No,No,Yes,No,No,No,One year,Yes,Bank transfer (automatic),80.55,955.73,No
CUST-101928,Male,1,Yes,No,21,Yes,Yes,Fiber optic,No,Yes,Yes,No,No,No,One year,Yes,Bank transfer (automatic),91.67,1876.21,No
CUST-101929,Female,0,Yes,No,45,Yes,No,DSL,Yes,Yes,Yes,Yes,Yes,No,Month-to-month,Yes,Mailed check,80.83,3642.97,Yes
CUST-101930,Male,0,Yes,No,7,Yes,Yes,Fiber optic,No,Yes,Yes,No,No,Yes,Two year,Yes,Credit card (automatic),94.45,646.21,No
CUST-101931,Male,0,Yes,Yes,4,Yes,No,Fiber optic,Yes,Yes,No,No,Yes,No,Month-to-month,No,Bank transfer (automatic),99.16,396.17,No
CUST-101932,Female,1,Yes,No,63,Yes,No,No,No internet service,No internet service,No internet service,No internet service,No internet service,No internet service,Month-to-month,Yes,Bank transfer (automatic),30.13,1914.83,No
CUST-101933,Female,0,No,No,10,Yes,Yes,Fiber optic,No,No,No,Yes,Yes,No,Two year,No,Credit card (automatic),89.91,879.35,No
CUST-101934,Male,0,No,No,3,Yes,No,Fiber optic,Yes,No,No,No,Yes,Yes,Two year,No,Electronic check,105.43,315.27,No
CUST-101935,Male,0,Yes,No,22,Yes,Yes,Fiber optic,No,No,No,Yes,No,Yes,Month-to-month,Yes,Bank transfer (automatic),82.58,1801.33,Yes
CUST-101936,Male,0,No,Yes,47,Yes,No,No,No internet service,No internet service,No internet service,No internet service,No internet service,No internet service,Two year,No,Electronic check,25.34,1210.71,No
CUST-101937,Female,0,Yes,No,13,Yes,Yes,Fiber optic,No,No,Yes,No,No,Yes,One year,Yes,Mailed check,91.79,1194.85,No
CUST-101938,Female,0,No,No,42,No,No phone service,DSL,No,No,Yes,No,No,No,Month-to-month,Yes,Electronic check,48.79,2048.72,Yes
CUST-101939,Male,0,No,Yes,0,Yes,No,Fiber optic,No,Yes,Yes,No,No,Yes,Month-to-month,Yes,Electronic check,97.8,0.0,Yes
CUST-101940,Male,0,No,No,2,Yes,No,Fiber optic,Yes,No,Yes,No,Yes,Yes,Month-to-month,No,Mailed check,97.42,209.84,Yes
CUST-101941,Male,0,No,No,12,No,No phone service,DSL,Yes,No,Yes,No,Yes,No,One year,No,Electronic check,60.98,749.3,No
CUST-101942,Female,0,No,No,11,Yes,Yes,Fiber optic,Yes,Yes,No,Yes,No,No,Two year,Yes,Electronic check,97.6,1058.28,No
CUST-101943,Male,0,No,Yes,29,Yes,No,DSL,No,No,No,Yes,No,Yes,Month-to-month,No,Bank transfer (automatic),60.03,1743.95,No
CUST-101944,Male,1,Yes,No,45,No,No phone service,Fiber optic,No,Yes,No,No,No,No,Month-to-month,No,Electronic check,74.04,3343.56,Yes
CUST-101945,Male,0,Yes,Yes,28,Yes,No,Fiber optic,Yes,Yes,No,No,Yes,No,Month-to-month,No,Electronic check,93.88,2673.0,Yes
CUST-101946,Male,0,No,No,10,Yes,No,Fiber optic,No,No,No,Yes,No,No,Month-to-month,Yes,Electronic check,84.45,852.32,Yes
CUST-101947,Female,0,Yes,No,3,Yes,No,Fiber optic,No,Yes,No,No,No,Yes,Two year,No,Electronic check,92.57,277.7,No
CUST-101948,Male,0,No,Yes,7,Yes,No,Fiber optic,No,No,No,Yes,No,Yes,Month-to-month,No,Electronic check,91.39,636.62,Yes
CUST-101949,Male,0,No,No,50,Yes,No,DSL,No,Yes,Yes,Yes,No,Yes,One year,Yes,Credit card (automatic),73.84,3690.08,No
CUST-101950,Female,0,Yes,No,7,Yes,No,DSL,No,No,No,Yes,Yes,Yes,Month-to-month,No,Mailed check,74.25,535.1,No
CUST-101951,Female,0,Yes,Yes,72,Yes,No,Fiber optic,No,No,No,Yes,No,No,One year,Yes,Mailed check,82.34,5910.84,No
CUST-101952,Male,0,No,No,22,Yes,Yes,No,No internet service,No internet service,No internet service,No internet service,No internet service,No internet service,One year,No,Mailed check,27.87,631.79,No
CUST-101953,Male,0,Yes,No,38,No,No phone service,DSL,No,Yes,Yes,No,No,No,One year,No,Electronic check,59.83,2242.72,No
CUST-101954,Female,1,No,No,9,Yes,Yes,DSL,No,Yes,No,Yes,Yes,No,Month-to-month,Yes,Bank transfer (automatic),66.19,609.04,No
CUST-101955,Male,0,No,Yes,4,Yes,No,No,No internet service,No internet service,No internet service,No internet service,No internet service,No internet service,One year,Yes,Credit card (automatic),29.37,136.38,Yes
CUST-101956,Female,1,Yes,Yes,1,Yes,Yes,DSL,Yes,No,No,Yes,Yes,No,One year,No,Electronic check,67.23,83.35,No
CUST-101957,Female,1,No,Yes,26,Yes,No,No,No internet service,No internet service,No internet service,No internet service,No internet service,No internet service,One year,No,Electronic check,35.82,936.73,Yes
CUST-101958,Female,0,No,No,2,Yes,No,No,No internet service,No internet service,No internet service,No internet service,No internet service,No internet service,One year,No,Bank transfer (automatic),28.36,64.62,No
CUST-101959,Male,0,No,No,3,Yes,No,DSL,No,No,No,No,No,No,Two year,No,Electronic check,47.93,135.79,No
CUST-101960,Female,0,Yes,No,47,Yes,No,DSL,No,No,Yes,No,No,No,Month-to-month,Yes,Electronic check,56.07,2612.79,No
CUST-101961,Female,0,No,Yes,5,Yes,Yes,No,No internet service,No internet service,No internet service,No internet service,No internet service,No internet service,Month-to-month,Yes,Bank transfer (automatic),22.16,115.79,Yes
CUST-101962,Male,0,No,Yes,8,Yes,Yes,DSL,Yes,No,No,No,No,No,Two year,No,Bank transfer (automatic),55.47,445.14,No
CUST-101963,Female,0,Yes,Yes,10,Yes,Yes,Fiber optic,No,Yes,Yes,No,No,Yes,Month-to-month,Yes,Electronic check,97.46,993.07,Yes
CUST-101964,Female,0,No,No,11,Yes,No,DSL,No,No,Yes,No,No,No,Two year,No,Credit card (automatic),62.44,684.01,No
CUST-101965,Female,0,No,Yes,5,Yes,No,Fiber optic,No,No,Yes,No,No,No,One year,Yes,Electronic check,86.32,434.78,No
CUST-101966,Male,0,Yes,Yes,17,Yes,No,No,No internet service,No internet service,No internet service,No internet service,No internet service,No internet service,Two year,Yes,Electronic check,27.58,474.61,No
CUST-101967,Male,0,No,No,44,Yes,Yes,Fiber optic,Yes,No,Yes,Yes,Yes,Yes,One year,No,Bank transfer (automatic),110.28,4863.77,No
CUST-101968,Female,0,No,No,72,Yes,Yes,DSL,No,No,No,No,Yes,Yes,Two year,No,Bank transfer (automatic),72.23,5219.53,No
CUST-101969,Male,1,No,Yes,22,Yes,No,Fiber optic,No,No,No,No,Yes,No,One year,No,Bank transfer (automatic),95.0,2070.93,No
CUST-101970,Female,0,Yes,No,33,Yes,No,Fiber optic,Yes,No,No,No,No,Yes,Month-to-month,Yes,Bank transfer (automatic),88.58,2937.17,Yes
CUST-101971,Female,0,No,Yes,6,Yes,No,DSL,Yes,No,No,Yes,No,No,Month-to-month,No,Bank transfer (automatic),69.04,410.63,No
CUST-101972,Female,0,No,Yes,2,Yes,No,Fiber optic,Yes,Yes,Yes,No,No,Yes,Month-to-month,Yes,Credit card (automatic),95.63,204.11,No
CUST-101973,Male,0,No,Yes,16,Yes,No,Fiber optic,No,No,No,No,No,No,Month-to-month,No,Mailed check,82.72,1353.09,No
CUST-101974,Female,0,Yes,No,72,Yes,No,DSL,Yes,Yes,No,No,No,Yes,Two year,No,Mailed check,68.52,4891.27,No
CUST-101975,Male,0,Yes,No,44,Yes,Yes,No,No internet service,No internet service,No internet service,No internet service,No internet service,No internet service,Month-to-month,Yes,Bank transfer (automatic),25.27,1136.17,No
CUST-101976,Female,0,No,No,8,Yes,Yes,Fiber optic,Yes,No,No,No,No,No,One year,No,Electronic check,81.86,652.51,No
CUST-101977,Male,1,Yes,No,7,Yes,Yes,DSL,No,Yes,No,No,Yes,No,Month-to-month,Yes,Bank transfer (automatic),62.9,423.19,Yes
CUST-101978,Male,1,Yes,No,16,Yes,No,DSL,No,No,Yes,Yes,No,Yes,Month-to-month,Yes,Electronic check,71.7,1138.45,No
CUST-101979,Female,0,Yes,No,15,Yes,No,Fiber optic,No,Yes,Yes,No,No,Yes,Two year,No,Mailed check,99.91,1478.02,No
CUST-101980,Female,0,No,No,17,Yes,No,DSL,No,Yes,No,No,Yes,Yes,Month-to-month,Yes,Bank transfer (automatic),65.55,1124.5,Yes
CUST-101981,Female,0,Yes,No,15,Yes,No,DSL,No,Yes,Yes,No,Yes,Yes,One year,No,Bank transfer (automatic),77.3,1138.8,No
CUST-101982,Male,0,No,No,20,Yes,No,No,No internet service,No internet service,No internet service,No internet service,No internet service,No internet service,Month-to-month,Yes,Electronic check,23.65,497.09,Yes
CUST-101983,Female,0,No,No,55,Yes,No,Fiber optic,Yes,No,Yes,No,Yes,No,Month-to-month,Yes,Mailed check,98.62,5437.94,No
CUST-101984,Female,0,No,No,10,Yes,No,DSL,No,Yes,Yes,No,No,Yes,Month-to-month,No,Credit card (automatic),75.68,761.34,Yes
CUST-101985,Female,0,No,Yes,7,Yes,No,Fiber optic,Yes,No,No,No,No,Yes,One year,Yes,Credit card (automatic),90.3,591.38,No
CUST-101986,Female,0,Yes,No,40,Yes,Yes,Fiber optic,Yes,No,No,Yes,Yes,No,Month-to-month,No,Mailed check,93.19,3701.15,No
CUST-101987,Male,0,No,No,26,Yes,No,Fiber optic,No,No,No,Yes,No,No,Two year,Yes,Electronic check,76.54,1988.44,Yes
CUST-101988,Male,0,Yes,No,3,Yes,Yes,No,No internet service,No internet service,No internet service,No internet service,No internet service,No internet service,One year,Yes,Mailed check,35.8,106.89,No
CUST-101989,Female,0,No,No,9,Yes,No,DSL,Yes,No,No,No,Yes,Yes,Month-to-month,Yes,Mailed check,79.28,732.32,Yes
CUST-101990,Female,0,Yes,No,26,Yes,Yes,DSL,Yes,No,Yes,No,Yes,No,Month-to-month,Yes,Electronic check,62.09,1556.09,No
CUST-101991,Male,0,No,No,45,Yes,Yes,DSL,No,No,Yes,No,No,No,Month-to-month,Yes,Credit card (automatic),59.62,2667.72,No
CUST-101992,Male,1,No,No,72,Yes,No,DSL,No,Yes,No,No,Yes,No,Two year,Yes,Mailed check,61.55,4448.34,No
CUST-101993,Female,0,Yes,No,19,Yes,No,Fiber optic,Yes,No,No,No,Yes,No,Month-to-month,Yes,Mailed check,88.97,1683.69,No
CUST-101994,Female,0,No,Yes,8,Yes,Yes,DSL,No,No,No,No,No,No,Month-to-month,Yes,Mailed check,48.01,374.73,No
CUST-101995,Male,0,Yes,Yes,8,Yes,No,Fiber optic,No,Yes,No,No,Yes,Yes,Month-to-month,Yes,Electronic check,91.0,695.76,No
CUST-101996,Female,0,Yes,Yes,19,Yes,No,No,No internet service,No internet service,No internet service,No internet service,No internet service,No internet service,Month-to-month,Yes,Mailed check,27.82,549.75,No
CUST-101997,Female,0,Yes,Yes,26,Yes,Yes,No,No internet service,No internet service,No internet service,No internet service,No internet service,No internet service,One year,Yes,Mailed check,35.58,915.38,No
CUST-101998,Male,0,Yes,No,6,Yes,No,Fiber optic,No,Yes,Yes,No,Yes,No,Month-to-month,Yes,Mailed check,91.3,569.67,No
CUST-101999,Male,1,No,Yes,21,Yes,Yes,Fiber optic,Yes,No,No,Yes,Yes,No,Month-to-month,Yes,Bank transfer (automatic),99.57,2120.29,Yes
CUST-102000,Female,0,No,No,62,No,No phone service,Fiber optic,No,No,Yes,No,No,Yes,Month-to-month,Yes,Mailed check,86.19,5370.12,No
CUST-102001,Male,0,Yes,No,6,Yes,No,Fiber optic,No,Yes,No,Yes,No,Yes,One year,Yes,Bank transfer (automatic),98.89,592.69,No
CUST-102002,Male,0,No,No,19,Yes,Yes,Fiber optic,No,No,Yes,No,No,Yes,One year,Yes,Credit card (automatic),97.99,1852.13,No
CUST-102003,Male,0,No,Yes,13,Yes,No,DSL,Yes,Yes,No,Yes,No,No,Month-to-month,No,Mailed check,71.82,922.61,Yes
CUST-102004,Female,0,No,No,31,Yes,No,DSL,No,No,No,No,Yes,No,Month-to-month,Yes,Mailed check,68.22,2154.19,Yes
CUST-102005,Male,0,Yes,No,16,Yes,Yes,Fiber optic,Yes,No,Yes,No,Yes,Yes,One year,Yes,Credit card (automatic),98.41,1570.32,No
CUST-102006,Male,0,No,No,22,Yes,No,Fiber optic,No,No,No,Yes,Yes,No,Month-to-month,No,Mailed check,93.98,2088.62,Yes
CUST-102007,Male,0,Yes,Yes,5,Yes,Yes,DSL,No,No,Yes,Yes,No,No,One year,Yes,Mailed check,68.04,349.85,No
CUST-102008,Female,0,No,No,14,Yes,Yes,DSL,Yes,No,No,Yes,No,Yes,Month-to-month,Yes,Credit card (automatic),67.91,942.51,Yes
CUST-102009,Female,0,No,Yes,3,Yes,No,No,No internet service,No internet service,No internet service,No internet service,No internet service,No internet service,Month-to-month,No,Bank transfer (automatic),18.0,48.94,Yes
CUST-102010,Male,1,No,No,8,Yes,No,DSL,Yes,Yes,Yes,No,No,No,Month-to-month,No,Credit card (automatic),61.93,519.11,No
CUST-102011,Male,0,Yes,No,5,Yes,No,Fiber optic,No,Yes,No,No,No,Yes,Month-to-month,No,Mailed check,88.1,441.13,Yes
CUST-102012,Male,1,Yes,Yes,72,No,No phone service,DSL,No,No,No,No,Yes,Yes,One year,No,Mailed check,63.24,4544.2,No
CUST-102013,Female,1,No,No,5,Yes,No,DSL,No,No,No,No,No,No,Month-to-month,Yes,Electronic check,50.73,237.51,Yes
CUST-102014,Female,1,Yes,Yes,7,Yes,No,Fiber optic,No,No,No,No,No,Yes,Month-to-month,No,Electronic check,86.01,608.47,No
CUST-102015,Male,0,Yes,No,3,Yes,Yes,DSL,Yes,No,No,Yes,No,No,Month-to-month,Yes,Mailed check,60.58,171.41,No
CUST-102016,Male,0,No,No,12,Yes,Yes,DSL,No,No,No,Yes,Yes,Yes,Month-to-month,No,Electronic check,73.49,893.76,No
CUST-102017,Female,0,No,No,5,Yes,No,No,No internet service,No internet service,No internet service,No internet service,No internet service,No internet service,One year,Yes,Mailed check,27.74,189.58,Yes
CUST-102018,Female,0,Yes,No,63,No,No phone service,Fiber optic,No,No,No,No,Yes,No,One year,Yes,Electronic check,75.47,4764.97,No
CUST-102019,Male,0,Yes,Yes,4,Yes,No,Fiber optic,Yes,No,Yes,Yes,No,No,Two year,Yes,Electronic check,95.29,417.24,No
CUST-102020,Male,0,No,No,26,Yes,No,Fiber optic,Yes,Yes,No,No,Yes,No,Month-to-month,Yes,Mailed check,101.52,2625.22,Yes
CUST-102021,Female,1,Yes,No,28,Yes,No,DSL,No,No,Yes,Yes,No,No,Month-to-month,Yes,Bank transfer (automatic),57.4,1620.88,No
CUST-102022,Female,0,Yes,Yes,28,Yes,Yes,Fiber optic,Yes,No,Yes,No,No,No,Month-to-month,No,Electronic check,87.87,2485.47,No
CUST-102023,Female,0,Yes,No,19,Yes,Yes,Fiber optic,Yes,No,No,Yes,No,Yes,Two year,Yes,Bank transfer (automatic),90.28,1742.92,Yes
CUST-102024,Male,0,Yes,Yes,57,Yes,No,DSL,No,No,No,Yes,Yes,Yes,Month-to-month,No,Electronic check,66.99,3844.02,No
CUST-102025,Male,0,No,No,19,Yes,No,DSL,No,No,No,Yes,No,No,Month-to-month,Yes,Electronic check,62.15,1181.18,No
CUST-102026,Female,0,Yes,No,17,Yes,Yes,Fiber optic,No,Yes,No,No,No,No,One year,Yes,Credit card (automatic),91.03,1565.31,No
CUST-102027,Female,0,Yes,Yes,25,Yes,Yes,DSL,Yes,No,No,Yes,Yes,No,Month-to-month,Yes,Credit card (automatic),69.69,1721.9,No
CUST-102028,Female,0,No,No,10,Yes,No,DSL,No,Yes,No,No,No,Yes,Month-to-month,Yes,Mailed check,73.33,765.44,Yes
CUST-102029,Male,0,Yes,Yes,32,No,No phone service,Fiber optic,No,No,Yes,No,No,Yes,Month-to-month,Yes,Mailed check,79.41,2522.08,Yes
CUST-102030,Female,0,Yes,No,40,Yes,No,Fiber optic,No,No,Yes,Yes,Yes,Yes,One year,Yes,Credit card (automatic),102.06,4107.48,No
CUST-102031,Male,0,No,No,46,Yes,Yes,Fiber optic,No,No,Yes,No,Yes,Yes,One year,Yes,Mailed check,104.67,4835.69,No
CUST-102032,Male,0,No,No,24,Yes,No,DSL,Yes,No,Yes,No,No,No,Month-to-month,No,Electronic check,58.35,1421.14,No
CUST-102033,Female,0,Yes,No,20,Yes,No,Fiber optic,No,Yes,No,No,No,No,One year,Yes,Electronic check,86.67,1774.71,No
CUST-102034,Female,0,Yes,No,72,No,No phone service,No,No internet service,No internet service,No internet service,No internet service,No internet service,No internet service,Month-to-month,No,Electronic check,18.61,1360.97,No
CUST-102035,Female,0,Yes,No,33,Yes,No,Fiber optic,No,No,Yes,No,No,No,Month-to-month,No,Bank transfer (automatic),79.12,2584.43,No
CUST-102036,Female,0,Yes,No,72,Yes,No,No,No internet service,No internet service,No internet service,No internet service,No internet service,No internet service,Two year,Yes,Bank transfer (automatic),25.96,1880.92,No
CUST-102037,Male,0,No,Yes,37,Yes,Yes,Fiber optic,No,Yes,Yes,No,Yes,Yes,One year,No,Electronic check,94.33,3452.42,No
CUST-102038,Female,0,No,No,62,Yes,No,DSL,No,No,No,No,No,No,Two year,No,Electronic check,58.04,3596.66,No
CUST-102039,Male,0,No,Yes,22,Yes,Yes,Fiber optic,Yes,Yes,Yes,Yes,No,Yes,One year,No,Electronic check,105.91,2321.57,Yes
CUST-102040,Male,1,No,No,10,Yes,No,Fiber optic,No,No,No,No,No,Yes,Month-to-month,No,Bank transfer (automatic),85.41,866.86,No
CUST-102041,Female,0,Yes,No,1,Yes,Yes,No,No internet service,No internet service,No internet service,No internet service,No internet service,No internet service,Month-to-month,Yes,Credit card (automatic),25.23,8.77,Yes
CUST-102042,Female,1,No,No,17,Yes,No,DSL,No,No,No,No,No,No,Month-to-month,No,Mailed check,54.25,906.39,No
CUST-102043,Female,0,No,No,2,Yes,Yes,DSL,No,No,No,No,No,No,Month-to-month,Yes,Bank transfer (automatic),56.53,123.08,No
CUST-102044,Male,0,Yes,No,49,Yes,No,No,No internet service,No internet service,No internet service,No internet service,No internet service,No internet service,Month-to-month,Yes,Electronic check,26.9,1341.6,No
CUST-102045,Female,0,No,Yes,13,Yes,No,DSL,Yes,No,No,No,No,Yes,Month-to-month,No,Bank transfer (automatic),69.85,908.1,No
CUST-102046,Male,0,Yes,No,39,Yes,Yes,Fiber optic,Yes,Yes,No,No,Yes,Yes,Month-to-month,Yes,Mailed check,105.1,4145.36,No
CUST-102047,Female,1,No,No,12,Yes,Yes,DSL,Yes,No,No,No,No,Yes,Two year,No,Electronic check,65.63,780.69,No
CUST-102048,Female,0,No,No,34,Yes,Yes,No,No internet service,No internet service,No internet service,No internet service,No internet service,No internet service,Month-to-month,Yes,Mailed check,31.65,1089.69,No
CUST-102049,Female,1,Yes,Yes,54,Yes,No,DSL,Yes,No,Yes,Yes,No,No,Month-to-month,Yes,Credit card (automatic),64.97,3515.21,Yes
CUST-102050,Male,1,No,No,39,Yes,No,Fiber optic,Yes,No,No,No,Yes,Yes,One year,No,Electronic check,93.99,3658.75,No
CUST-102051,Male,0,Yes,Yes,8,Yes,No,Fiber optic,Yes,Yes,No,No,Yes,No,One year,Yes,Mailed check,95.79,792.55,No
CUST-102052,Male,0,No,No,35,Yes,Yes,No,No internet service,No internet service,No internet service,No internet service,No internet service,No internet service,Month-to-month,Yes,Credit card (automatic),28.14,967.09,No
CUST-102053,Female,0,Yes,Yes,23,Yes,No,No,No internet service,No internet service,No internet service,No internet service,No internet service,No internet service,One year,No,Credit card (automatic),27.11,582.01,No
CUST-102054,Female,0,Yes,Yes,9,Yes,Yes,No,No internet service,No internet service,No internet service,No internet service,No internet service,No internet service,One year,No,Mailed check,32.76,292.32,No
CUST-102055,Male,0,Yes,Yes,10,Yes,No,DSL,Yes,No,No,Yes,Yes,Yes,Two year,No,Electronic check,81.0,804.86,No
CUST-102056,Female,0,No,No,6,Yes,Yes,Fiber optic,Yes,No,Yes,No,Yes,No,Month-to-month,Yes,Credit card (automatic),94.54,588.5,Yes
CUST-102057,Female,1,Yes,No,32,Yes,No,No,No internet service,No internet service,No internet service,No internet service,No internet service,No internet service,Month-to-month,No,Electronic check,27.98,870.36,No
CUST-102058,Male,0,No,No,42,Yes,No,Fiber optic,No,Yes,No,Yes,No,No,One year,No,Electronic check,88.32,3719.91,No
CUST-102059,Male,0,Yes,No,24,Yes,No,No,No internet service,No internet service,No internet service,No internet service,No internet service,No internet service,Month-to-month,No,Electronic check,30.1,730.45,No
CUST-102060,Female,0,Yes,No,72,Yes,Yes,No,No internet service,No internet service,No internet service,No internet service,No internet service,No internet service,One year,Yes,Mailed check,28.21,2037.58,No
CUST-102061,Female,0,Yes,Yes,6,Yes,No,DSL,No,Yes,No,Yes,No,No,One year,Yes,Bank transfer (automatic),62.38,395.16,Yes
CUST-102062,Male,1,Yes,Yes,20,Yes,Yes,DSL,Yes,No,No,No,Yes,Yes,One year,Yes,Credit card (automatic),68.66,1372.73,No
CUST-102063,Female,0,No,No,0,Yes,No,DSL,No,Yes,Yes,Yes,Yes,Yes,Two year,Yes,Mailed check,80.16,1.04,No
CUST-102064,Female,1,Yes,No,36,Yes,No,Fiber optic,No,No,Yes,No,Yes,Yes,One year,Yes,Credit card (automatic),99.11,3576.97,No
CUST-102065,Female,0,No,No,20,Yes,Yes,Fiber optic,Yes,Yes,No,Yes,No,Yes,Two year,Yes,Bank transfer (automatic),101.75,2032.96,No
CUST-102066,Female,1,No,Yes,52,Yes,Yes,DSL,No,Yes,No,No,No,Yes,One year,No,Bank transfer (automatic),60.06,3096.05,No
CUST-102067,Female,0,No,No,22,Yes,Yes,Fiber optic,Yes,No,No,No,No,Yes,Month-to-month,Yes,Electronic check,88.75,1944.29,No
CUST-102068,Male,0,No,Yes,31,Yes,No,DSL,No,Yes,No,No,No,No,Two year,Yes,Electronic check,54.28,1677.5,No
CUST-102069,Male,0,No,No,43,No,No phone service,Fiber optic,Yes,Yes,Yes,Yes,No,No,One year,Yes,Bank transfer (automatic),94.46,4050.53,No
CUST-102070,Male,0,No,Yes,12,Yes,Yes,Fiber optic,No,Yes,No,No,Yes,No,Two year,No,Bank transfer (automatic),92.0,1097.67,No
CUST-102071,Female,0,No,No,23,Yes,Yes,Fiber optic,Yes,Yes,No,No,Yes,Yes,Month-to-month,No,Electronic check,105.72,2435.15,No
CUST-102072,Male,0,No,No,38,Yes,Yes,DSL,Yes,No,No,No,No,No,Month-to-month,Yes,Mailed check,57.73,2188.26,No
CUST-102073,Male,0,No,No,10,Yes,Yes,Fiber optic,No,No,No,No,No,No,Two year,No,Mailed check,75.49,771.98,Yes
CUST-102074,Female,0,Yes,Yes,13,No,No phone service,No,No internet service,No internet service,No internet service,No internet service,No internet service,No internet service,Month-to-month,No,Mailed check,18.22,254.25,Yes
CUST-102075,Male,0,No,No,8,Yes,No,Fiber optic,Yes,No,Yes,No,No,No,One year,Yes,Electronic check,88.97,664.18,No
CUST-102076,Male,0,Yes,Yes,14,Yes,No,No,No internet service,No internet service,No internet service,No internet service,No internet service,No internet service,Month-to-month,No,Electronic check,26.96,348.78,Yes
CUST-102077,Male,0,No,No,4,Yes,Yes,DSL,No,Yes,Yes,No,No,Yes,Month-to-month,No,Electronic check,72.01,239.95,No
CUST-102078,Male,0,No,Yes,10,Yes,No,DSL,Yes,Yes,Yes,No,No,No,Month-to-month,Yes,Credit card (automatic),67.57,670.22,Yes
CUST-102079,Male,0,No,Yes,2,Yes,No,DSL,No,No,Yes,Yes,Yes,Yes,Two year,No,Credit card (automatic),79.18,151.64,No
CUST-102080,Female,0,No,No,8,Yes,Yes,Fiber optic,No,Yes,No,No,No,Yes,Month-to-month,Yes,Electronic check,92.39,742.14,Yes
CUST-102081,Male,0,No,Yes,18,Yes,No,DSL,No,Yes,Yes,No,No,Yes,One year,No,Electronic check,67.9,1239.05,No
CUST-102082,Male,0,No,Yes,11,Yes,No,No,No internet service,No internet service,No internet service,No internet service,No internet service,No internet service,One year,No,Mailed check,26.76,293.51,No
CUST-102083,Female,0,Yes,No,26,Yes,No,Fiber optic,No,Yes,No,Yes,Yes,Yes,One year,No,Electronic check,107.64,2786.58,No
CUST-102084,Male,1,Yes,No,23,Yes,No,No,No internet service,No internet service,No internet service,No internet service,No internet service,No internet service,Month-to-month,No,Credit card (automatic),35.31,812.04,No
CUST-102085,Female,0,Yes,No,19,Yes,No,Fiber optic,No,No,Yes,No,No,No,Month-to-month,Yes,Mailed check,85.67,1617.85,No
CUST-102086,Female,0,Yes,No,1,Yes,Yes,Fiber optic,Yes,No,No,Yes,Yes,No,Two year,Yes,Credit card (automatic),84.84,55.29,No
CUST-102087,Female,0,No,No,59,Yes,Yes,Fiber optic,No,Yes,No,No,No,No,Month-to-month,No,Electronic check,79.97,4737.39,No
CUST-102088,Male,0,No,No,12,Yes,No,Fiber optic,No,Yes,Yes,No,Yes,No,Month-to-month,Yes,Credit card (automatic),95.46,1154.01,No
CUST-102089,Male,0,No,Yes,24,No,No phone service,Fiber optic,No,No,No,No,Yes,No,Two year,Yes,Bank transfer (automatic),73.61,1795.62,No
CUST-102090,Female,0,Yes,No,37,Yes,No,DSL,No,Yes,No,No,No,No,Month-to-month,No,Bank transfer (automatic),53.42,1951.8,No
CUST-102091,Male,0,No,Yes,7,No,No phone service,No,No internet service,No internet service,No internet service,No internet service,No internet service,No internet service,Month-to-month,Yes,Credit card (automatic),18.33,96.01,Yes
CUST-102092,Female,0,Yes,No,4,Yes,No,Fiber optic,No,No,No,No,No,No,Two year,Yes,Mailed check,79.38,298.8,No
CUST-102093,Male,0,No,No,1,Yes,Yes,Fiber optic,No,No,Yes,Yes,Yes,Yes,Month-to-month,Yes,Electronic check,105.47,113.45,Yes
CUST-102094,Male,0,No,No,49,Yes,No,DSL,Yes,Yes,No,No,Yes,Yes,Month-to-month,Yes,Mailed check,77.53,3816.15,No
CUST-102095,Female,1,Yes,No,6,No,No phone service,DSL,No,Yes,Yes,No,No,Yes,Month-to-month,No,Credit card (automatic),60.22,367.05,No
CUST-102096,Female,1,Yes,Yes,72,Yes,No,DSL,Yes,No,No,No,No,No,One year,Yes,Credit card (automatic),54.63,3936.23,No
CUST-102097,Female,1,Yes,No,9,Yes,No,Fiber optic,No,No,Yes,Yes,No,No,Two year,Yes,Mailed check,89.03,818.36,No
CUST-102098,Female,1,Yes,No,33,Yes,No,DSL,No,No,No,Yes,Yes,Yes,One year,No,Bank transfer (automatic),75.76,2490.89,No
CUST-102099,Male,0,Yes,No,1,Yes,No,No,No internet service,No internet service,No internet service,No internet service,No internet service,No internet service,Two year,Yes,Electronic check,31.63,52.76,No
CUST-102100,Female,0,Yes,No,31,Yes,No,No,No internet service,No internet service,No internet service,No internet service,No internet service,No internet service,Month-to-month,No,Electronic check,28.52,923.82,No
CUST-102101,Female,0,Yes,Yes,5,Yes,No,DSL,Yes,No,No,No,No,No,One year,Yes,Bank transfer (automatic),52.76,242.54,No
CUST-102102,Male,0,Yes,No,1,No,No phone service,Fiber optic,Yes,No,Yes,No,No,No,Month-to-month,Yes,Mailed check,77.6,72.52,Yes
CUST-102103,Male,0,Yes,No,3,Yes,No,DSL,No,No,No,No,Yes,Yes,Two year,Yes,Electronic check,72.43,189.49,Yes
CUST-102104,Female,1,No,Yes,30,Yes,No,Fiber optic,Yes,Yes,No,No,Yes,No,Two year,No,Bank transfer (automatic),89.06,2652.5,No
CUST-102105,Male,0,Yes,No,3,Yes,No,DSL,Yes,Yes,Yes,Yes,Yes,No,Month-to-month,No,Mailed check,79.66,246.83,No
CUST-102106,Female,0,No,No,10,Yes,Yes,No,No internet service,No internet service,No internet service,No internet service,No internet service,No internet service,Two year,Yes,Mailed check,29.14,257.69,No
CUST-102107,Male,0,Yes,No,38,No,No phone service,No,No internet service,No internet service,No internet service,No internet service,No internet service,No internet service,One year,Yes,Electronic check,28.01,1048.79,No
CUST-102108,Male,0,Yes,No,14,Yes,No,DSL,Yes,Yes,No,Yes,Yes,Yes,Month-to-month,Yes,Electronic check,81.6,1163.47,No
CUST-102109,Male,0,Yes,No,1,Yes,Yes,DSL,No,No,No,Yes,No,Yes,One year,Yes,Bank transfer (automatic),65.51,69.98,No
CUST-102110,Male,0,No,No,5,Yes,Yes,Fiber optic,Yes,Yes,No,Yes,Yes,No,Two year,Yes,Credit card (automatic),107.75,554.11,No
CUST-102111,Female,0,Yes,No,7,Yes,Yes,Fiber optic,No,No,Yes,No,No,Yes,Month-to-month,No,Electronic check,87.65,587.68,Yes
CUST-102112,Female,0,No,No,16,Yes,Yes,DSL,Yes,No,Yes,Yes,No,Yes,Month-to-month,No,Credit card (automatic),79.3,1270.15,No
CUST-102113,Female,1,Yes,Yes,72,Yes,Yes,No,No internet service,No internet service,No internet service,No internet service,No internet service,No internet service,Two year,Yes,Bank transfer (automatic),29.57,2166.77,No
CUST-102114,Female,0,No,Yes,16,Yes,Yes,No,No internet service,No internet service,No internet service,No internet service,No internet service,No internet service,Month-to-month,Yes,Credit card (automatic),27.12,420.68,No
CUST-102115,Male,0,Yes,No,21,Yes,No,Fiber optic,Yes,No,Yes,Yes,No,No,Month-to-month,Yes,Bank transfer (automatic),93.81,1960.25,Yes
CUST-102116,Female,0,Yes,Yes,15,Yes,No,No,No internet service,No internet service,No internet service,No internet service,No internet service,No internet service,One year,Yes,Mailed check,27.41,422.78,No
CUST-102117,Female,0,No,Yes,4,Yes,No,Fiber optic,Yes,No,No,No,No,Yes,One year,No,Bank transfer (automatic),100.03,382.12,Yes
CUST-102118,Female,0,Yes,No,14,Yes,No,Fiber optic,Yes,No,Yes,No,No,Yes,Month-to-month,No,Mailed check,86.74,1228.71,No
CUST-102119,Female,1,Yes,No,72,Yes,No,No,No internet service,No internet service,No internet service,No internet service,No internet service,No internet service,Month-to-month,Yes,Electronic check,26.87,1898.71,No
CUST-102120,Female,0,No,Yes,22,Yes,Yes,Fiber optic,No,Yes,No,Yes,Yes,No,Two year,Yes,Mailed check,94.99,2041.27,Yes
CUST-102121,Female,0,Yes,No,41,Yes,Yes,Fiber optic,Yes,No,No,Yes,Yes,No,Month-to-month,Yes,Mailed check,95.46,3920.15,Yes
CUST-102122,Female,0,Yes,No,18,Yes,No,DSL,No,No,No,No,No,Yes,One year,Yes,Mailed check,65.32,1156.16,No
CUST-102123,Female,0,Yes,No,72,Yes,No,Fiber optic,No,No,No,No,Yes,Yes,Two year,No,Credit card (automatic),92.21,6627.81,No
CUST-102124,Female,0,Yes,No,5,Yes,No,DSL,Yes,No,No,No,Yes,Yes,Month-to-month,No,Mailed check,75.97,397.38,No
CUST-102125,Male,0,No,No,11,Yes,No,DSL,Yes,Yes,No,Yes,Yes,Yes,Two year,No,Electronic check,84.93,946.71,No
CUST-102126,Male,1,No,Yes,17,Yes,Yes,Fiber optic,No,No,No,No,Yes,No,One year,No,Credit card (automatic),89.35,1494.4,No
CUST-102127,Female,0,No,No,7,No,No phone service,Fiber optic,No,No,No,No,Yes,Yes,Two year,Yes,Electronic check,85.45,608.54,No
CUST-102128,Male,0,Yes,No,12,Yes,No,DSL,No,No,Yes,No,No,Yes,Month-to-month,No,Electronic check,66.29,789.48,Yes
CUST-102129,Male,0,No,No,43,No,No phone service,DSL,No,No,Yes,No,No,No,Month-to-month,No,Credit card (automatic),48.51,2094.27,No
CUST-102130,Female,0,No,No,36,Yes,No,No,No internet service,No internet service,No internet service,No internet service,No internet service,No internet service,One year,Yes,Credit card (automatic),24.06,865.76,No
CUST-102131,Female,1,Yes,No,16,Yes,No,Fiber optic,Yes,Yes,No,No,No,No,Two year,Yes,Bank transfer (automatic),94.4,1480.33,No
CUST-102132,Female,0,No,Yes,5,Yes,No,Fiber optic,No,No,Yes,Yes,Yes,No,Two year,No,Mailed check,91.95,445.49,No
CUST-102133,Male,0,No,No,3,Yes,No,No,No internet service,No internet service,No internet service,No internet service,No internet service,No internet service,Month-to-month,No,Mailed check,26.09,30.03,Yes
CUST-102134,Male,0,No,No,27,Yes,Yes,No,No internet service,No internet service,No internet service,No internet service,No internet service,No internet service,Month-to-month,Yes,Credit card (automatic),24.57,667.09,No
CUST-102135,Female,0,Yes,Yes,4,Yes,Yes,DSL,No,Yes,Yes,No,No,Yes,Month-to-month,No,Credit card (automatic),71.61,294.38,Yes
CUST-102136,Female,0,Yes,No,43,Yes,No,Fiber optic,Yes,No,Yes,No,Yes,Yes,One year,No,Electronic check,101.09,4332.78,No
CUST-102137,Male,0,No,No,34,Yes,No,DSL,No,Yes,No,Yes,No,No,Two year,No,Credit card (automatic),69.06,2345.73,No
CUST-102138,Female,0,No,No,50,Yes,Yes,Fiber optic,No,Yes,Yes,Yes,No,No,Two year,Yes,Bank transfer (automatic),94.14,4687.52,No
CUST-102139,Male,0,Yes,Yes,21,No,No phone service,Fiber optic,No,No,Yes,Yes,No,No,Month-to-month,Yes,Electronic check,77.89,1660.82,Yes
CUST-102140,Female,0,Yes,No,10,No,No phone service,DSL,No,No,No,No,No,Yes,Two year,No,Electronic check,49.36,467.88,No
CUST-102141,Female,0,No,Yes,13,Yes,Yes,Fiber optic,Yes,No,Yes,No,Yes,No,Month-to-month,Yes,Electronic check,94.56,1223.06,Yes
CUST-102142,Female,0,Yes,No,13,Yes,Yes,DSL,No,No,No,No,Yes,No,Month-to-month,Yes,Credit card (automatic),63.08,794.07,Yes
CUST-102143,Female,0,Yes,Yes,72,Yes,No,Fiber optic,No,No,Yes,No,Yes,Yes,One year,No,Mailed check,97.82,7047.74,No
CUST-102144,Male,0,No,No,18,No,No phone service,DSL,No,No,No,No,No,Yes,Month-to-month,Yes,Bank transfer (automatic),52.44,964.68,Yes
CUST-102145,Male,0,Yes,No,2,Yes,No,No,No internet service,No internet service,No internet service,No internet service,No internet service,No internet service,One year,Yes,Electronic check,23.92,6.32,No
CUST-102146,Male,0,Yes,No,15,Yes,No,Fiber optic,No,No,No,No,No,Yes,One year,No,Credit card (automatic),94.97,1437.63,No
CUST-102147,Female,0,Yes,No,3,No,No phone service,DSL,No,No,Yes,Yes,No,No,Month-to-month,Yes,Mailed check,53.2,192.23,No
CUST-102148,Female,0,No,Yes,0,Yes,Yes,Fiber optic,No,No,No,Yes,Yes,Yes,Month-to-month,No,Credit card (automatic),93.5,2.58,Yes
CUST-102149,Female,1,Yes,No,24,Yes,Yes,DSL,Yes,No,No,No,Yes,Yes,Month-to-month,Yes,Mailed check,69.7,1659.3,Yes
CUST-102150,Male,0,No,No,11,Yes,Yes,Fiber optic,No,No,No,No,No,No,One year,Yes,Bank transfer (automatic),76.62,842.06,No
CUST-102151,Male,0,No,No,4,Yes,No,Fiber optic,No,No,No,No,Yes,No,Month-to-month,Yes,Bank transfer (automatic),93.78,364.21,No
CUST-102152,Female,0,No,Yes,67,Yes,No,DSL,Yes,No,No,No,Yes,Yes,Month-to-month,Yes,Mailed check,73.32,4951.73,Yes
CUST-102153,Female,0,No,No,51,Yes,Yes,DSL,Yes,No,Yes,No,No,No,Month-to-month,Yes,Credit card (automatic),60.5,3102.2,No
CUST-102154,Female,0,No,No,8,Yes,Yes,DSL,Yes,No,Yes,Yes,Yes,Yes,One year,No,Mailed check,86.38,709.05,No
CUST-102155,Male,0,Yes,No,16,No,No phone service,Fiber optic,No,No,Yes,Yes,No,No,Month-to-month,No,Credit card (automatic),82.67,1365.82,No
CUST-102156,Male,0,No,No,31,Yes,Yes,Fiber optic,Yes,Yes,No,No,No,No,Month-to-month,Yes,Electronic check,90.64,2836.73,Yes
CUST-102157,Female,0,No,Yes,5,No,No phone service,DSL,No,Yes,No,No,No,No,Month-to-month,Yes,Bank transfer (automatic),50.8,251.57,No
CUST-102158,Female,1,No,No,7,Yes,No,DSL,No,No,Yes,No,No,No,Month-to-month,No,Credit card (automatic),52.58,368.57,No
CUST-102159,Male,0,Yes,No,31,Yes,No,No,No internet service,No internet service,No internet service,No internet service,No internet service,No internet service,Month-to-month,Yes,Credit card (automatic),25.0,822.2,No
CUST-102160,Female,0,Yes,No,62,No,No phone service,DSL,No,Yes,No,Yes,Yes,No,Month-to-month,Yes,Mailed check,56.64,3496.89,No
CUST-102161,Male,1,No,No,28,Yes,No,DSL,Yes,No,No,No,No,No,One year,Yes,Mailed check,57.1,1595.37,No
CUST-102162,Male,1,Yes,Yes,72,Yes,Yes,Fiber optic,No,Yes,Yes,No,No,No,Month-to-month,Yes,Credit card (automatic),85.3,6121.34,Yes
CUST-102163,Female,0,No,No,7,Yes,No,DSL,No,Yes,Yes,Yes,No,No,Month-to-month,Yes,Electronic check,64.89,417.86,No
CUST-102164,Female,0,Yes,Yes,67,Yes,No,No,No internet service,No internet service,No internet service,No internet service,No internet service,No internet service,Two year,Yes,Credit card (automatic),29.12,1933.44,No
CUST-102165,Female,0,No,No,44,Yes,Yes,DSL,No,No,Yes,No,No,No,Month-to-month,No,Electronic check,54.37,2375.08,No
CUST-102166,Male,0,No,No,7,No,No phone service,No,No internet service,No internet service,No internet service,No internet service,No internet service,No internet service,Month-to-month,Yes,Electronic check,18.64,117.98,Yes
CUST-102167,Female,0,Yes,No,12,Yes,Yes,Fiber optic,Yes,No,Yes,Yes,No,No,Month-to-month,Yes,Bank transfer (automatic),90.05,1092.85,No
CUST-102168,Female,0,Yes,No,32,Yes,Yes,DSL,No,No,No,No,No,No,Month-to-month,Yes,Mailed check,52.87,1691.6,Yes
CUST-102169,Female,0,No,No,72,Yes,No,Fiber optic,No,Yes,No,No,No,Yes,Month-to-month,Yes,Mailed check,92.46,6677.34,No
CUST-102170,Male,0,Yes,Yes,7,No,No phone service,No,No internet service,No internet service,No internet service,No internet service,No internet service,No internet service,Two year,No,Electronic check,18.0,129.02,No
CUST-102171,Female,0,Yes,No,71,Yes,No,Fiber optic,No,Yes,No,Yes,Yes,No,Month-to-month,No,Credit card (automatic),97.81,6948.09,Yes
CUST-102172,Female,0,No,No,12,Yes,No,DSL,No,Yes,Yes,No,No,Yes,One year,No,Bank transfer (automatic),71.06,846.89,Yes
CUST-102173,Female,0,Yes,No,21,Yes,No,No,No internet service,No internet service,No internet service,No internet service,No internet service,No internet service,Two year,Yes,Credit card (automatic),29.67,662.01,No
CUST-102174,Male,0,No,No,12,Yes,Yes,DSL,No,Yes,No,No,No,Yes,Month-to-month,Yes,Mailed check,66.53,789.89,Yes
CUST-102175,Female,1,Yes,Yes,11,Yes,No,DSL,No,Yes,Yes,Yes,Yes,No,One year,Yes,Mailed check,76.45,859.28,Yes
CUST-102176,Male,0,Yes,No,7,Yes,No,DSL,Yes,No,No,No,No,No,Month-to-month,Yes,Electronic check,56.34,370.74,No
CUST-102177,Male,0,No,No,20,Yes,Yes,No,No internet service,No internet service,No internet service,No internet service,No internet service,No internet service,Month-to-month,No,Mailed check,29.77,590.53,Yes
CUST-102178,Female,0,Yes,No,6,Yes,No,DSL,No,Yes,Yes,No,No,Yes,Two year,Yes,Electronic check,74.58,487.63,No
CUST-102179,Male,0,Yes,No,72,Yes,Yes,DSL,No,No,No,No,No,No,Month-to-month,Yes,Electronic check,51.02,3687.14,No
CUST-102180,Female,0,No,No,33,Yes,No,No,No internet service,No internet service,No internet service,No internet service,No internet service,No internet service,Two year,Yes,Mailed check,26.16,835.29,No
CUST-102181,Male,0,No,Yes,12,Yes,No,Fiber optic,No,No,No,Yes,Yes,Yes,One year,Yes,Bank transfer (automatic),101.52,1197.6,No
CUST-102182,Female,0,No,No,13,Yes,No,DSL,No,Yes,Yes,No,No,No,Month-to-month,Yes,Mailed check,59.78,809.18,No
CUST-102183,Female,0,No,Yes,22,Yes,Yes,Fiber optic,No,No,No,No,No,Yes,Month-to-month,Yes,Mailed check,83.12,1830.41,Yes
CUST-102184,Female,0,Yes,Yes,16,Yes,Yes,DSL,No,No,No,Yes,Yes,No,One year,No,Mailed check,67.69,1077.54,No
CUST-102185,Male,0,Yes,Yes,18,Yes,No,Fiber optic,No,Yes,No,No,No,No,Month-to-month,Yes,Mailed check,81.28,1447.46,Yes
CUST-102186,Male,0,No,No,25,Yes,No,DSL,No,No,No,No,No,No,Month-to-month,Yes,Bank transfer (automatic),57.89,1440.9,No
CUST-102187,Male,1,No,No,12,Yes,No,Fiber optic,No,No,Yes,Yes,Yes,Yes,Month-to-month,Yes,Credit card (automatic),101.14,1241.96,No
CUST-102188,Male,0,No,Yes,63,Yes,Yes,Fiber optic,No,No,No,No,No,No,Month-to-month,Yes,Credit card (automatic),74.72,4693.36,No
CUST-102189,Female,0,Yes,Yes,5,Yes,No,Fiber optic,No,No,Yes,No,Yes,No,Two year,No,Electronic check,89.98,437.86,Yes
CUST-102190,Male,0,Yes,No,0,Yes,No,DSL,No,Yes,No,No,Yes,Yes,Month-to-month,Yes,Mailed check,75.74,11.99,Yes
CUST-102191,Male,0,Yes,Yes,0,Yes,Yes,Fiber optic,Yes,No,Yes,No,Yes,Yes,Month-to-month,No,Credit card (automatic),104.28,0.0,No
CUST-102192,Male,0,No,No,8,Yes,Yes,Fiber optic,No,No,No,No,No,No,One year,No,Credit card (automatic),80.16,622.58,No
CUST-102193,Male,0,No,Yes,52,Yes,No,No,No internet service,No internet service,No internet service,No internet service,No internet service,No internet service,One year,Yes,Mailed check,25.79,1341.21,No
CUST-102194,Female,0,Yes,No,3,Yes,Yes,No,No internet service,No internet service,No internet service,No internet service,No internet service,No internet service,Two year,No,Mailed check,32.54,98.25,No
CUST-102195,Female,0,Yes,No,21,No,No phone service,No,No internet service,No internet service,No internet service,No internet service,No internet service,No internet service,Two year,No,Bank transfer (automatic),18.0,361.82,No
CUST-102196,Male,0,Yes,No,4,No,No phone service,No,No internet service,No internet service,No internet service,No internet service,No internet service,No internet service,Month-to-month,No,Credit card (automatic),18.0,81.46,No
CUST-102197,Female,0,Yes,No,31,Yes,Yes,No,No internet service,No internet service,No internet service,No internet service,No internet service,No internet service,Month-to-month,Yes,Mailed check,28.15,877.03,No
CUST-102198,Female,0,No,Yes,4,Yes,Yes,Fiber optic,No,No,No,No,No,Yes,One year,No,Electronic check,83.21,293.37,No
CUST-102199,Male,0,No,Yes,1,Yes,No,DSL,No,No,Yes,Yes,No,Yes,Month-to-month,Yes,Credit card (automatic),68.76,84.37,Yes
CUST-102200,Male,1,Yes,Yes,8,No,No phone service,Fiber optic,No,No,No,Yes,Yes,No,One year,Yes,Bank transfer (automatic),79.07,621.17,No
CUST-102201,Male,0,No,Yes,1,Yes,No,DSL,No,No,Yes,No,No,No,Month-to-month,No,Electronic check,56.17,72.29,No
CUST-102202,Male,0,No,No,9,Yes,Yes,DSL,No,No,No,Yes,No,No,Two year,Yes,Electronic check,59.85,580.24,No
CUST-102203,Male,0,Yes,Yes,44,No,No phone service,DSL,No,No,No,Yes,No,No,One year,Yes,Mailed check,47.86,2104.5,No
CUST-102204,Male,0,Yes,No,1,Yes,No,Fiber optic,No,Yes,Yes,Yes,Yes,No,One year,Yes,Bank transfer (automatic),96.48,83.58,Yes
CUST-102205,Female,0,No,Yes,41,Yes,Yes,Fiber optic,No,No,Yes,Yes,Yes,Yes,Month-to-month,Yes,Bank transfer (automatic),101.16,4175.14,Yes
CUST-102206,Male,0,Yes,No,34,Yes,Yes,Fiber optic,No,Yes,No,No,No,Yes,Two year,Yes,Electronic check,95.42,3227.5,No
CUST-102207,Female,0,No,No,61,Yes,Yes,DSL,No,No,No,Yes,No,Yes,One year,Yes,Electronic check,70.38,4331.03,No
CUST-102208,Male,0,No,No,50,Yes,No,No,No internet service,No internet service,No internet service,No internet service,No internet service,No internet service,Two year,Yes,Bank transfer (automatic),26.09,1295.23,No
CUST-102209,Male,0,Yes,No,11,Yes,No,Fiber optic,Yes,No,Yes,Yes,Yes,No,Two year,No,Electronic check,102.03,1109.79,No
CUST-102210,Female,1,Yes,No,47,Yes,No,DSL,Yes,No,No,No,No,No,Month-to-month,Yes,Mailed check,57.93,2770.03,No
CUST-102211,Female,0,No,No,54,Yes,Yes,DSL,No,Yes,No,No,Yes,No,Month-to-month,No,Mailed check,71.14,3848.82,No
CUST-102212,Female,1,Yes,No,31,Yes,No,DSL,No,No,No,No,No,Yes,Month-to-month,Yes,Electronic check,61.77,1947.31,No
CUST-102213,Male,0,No,No,2,Yes,No,No,No internet service,No internet service,No internet service,No internet service,No internet service,No internet service,One year,No,Credit card (automatic),27.19,53.86,No
CUST-102214,Male,1,No,Yes,13,Yes,No,DSL,No,Yes,Yes,No,Yes,Yes,One year,No,Electronic check,84.4,1095.25,No
CUST-102215,Male,0,No,No,9,Yes,No,No,No internet service,No internet service,No internet service,No internet service,No internet service,No internet service,Month-to-month,No,Bank transfer (automatic),24.3,160.2,Yes
CUST-102216,Male,0,No,Yes,56,Yes,No,DSL,No,No,No,No,No,No,Two year,Yes,Bank transfer (automatic),54.28,3059.91,No
CUST-102217,Female,0,No,Yes,0,Yes,No,No,No internet service,No internet service,No internet service,No internet service,No internet service,No internet service,Month-to-month,Yes,Mailed check,33.46,7.71,No
CUST-102218,Male,1,No,No,5,Yes,Yes,DSL,No,Yes,Yes,No,Yes,Yes,One year,No,Credit card (automatic),80.66,401.06,No
CUST-102219,Male,0,Yes,Yes,43,Yes,Yes,Fiber optic,Yes,No,Yes,Yes,No,Yes,Month-to-month,No,Electronic check,96.95,4180.69,No
CUST-102220,Female,0,Yes,No,22,Yes,No,Fiber optic,Yes,No,Yes,Yes,No,Yes,Month-to-month,Yes,Credit card (automatic),96.73,2128.83,Yes
CUST-102221,Male,0,Yes,No,2,Yes,No,DSL,No,Yes,Yes,No,Yes,Yes,Month-to-month,No,Electronic check,72.37,125.87,No
CUST-102222,Male,1,Yes,No,24,Yes,No,No,No internet service,No internet service,No internet service,No internet service,No internet service,No internet service,One year,No,Credit card (automatic),33.93,821.57,No
CUST-102223,Male,0,Yes,No,33,Yes,No,Fiber optic,Yes,No,No,No,Yes,Yes,One year,Yes,Electronic check,94.47,3113.7,No
CUST-102224,Male,0,Yes,No,52,Yes,No,DSL,No,Yes,Yes,No,No,No,Month-to-month,No,Mailed check,64.85,3387.02,No
CUST-102225,Female,0,Yes,No,72,No,No phone service,Fiber optic,No,Yes,Yes,No,Yes,No,Month-to-month,No,Electronic check,81.29,5847.27,No
CUST-102226,Female,1,Yes,Yes,2,Yes,Yes,DSL,No,No,No,Yes,Yes,No,One year,Yes,Mailed check,76.23,143.09,No
CUST-102227,Female,0,Yes,Yes,16,Yes,Yes,No,No internet service,No internet service,No internet service,No internet service,No internet service,No internet service,Month-to-month,Yes,Electronic check,22.59,350.56,No
CUST-102228,Male,0,No,No,29,Yes,Yes,Fiber optic,No,Yes,No,Yes,No,Yes,One year,Yes,Electronic check,96.17,2771.25,No
CUST-102229,Female,0,No,No,18,Yes,Yes,DSL,No,Yes,No,No,Yes,Yes,Month-to-month,Yes,Electronic check,78.85,1408.85,Yes
CUST-102230,Female,1,No,Yes,40,Yes,No,DSL,No,No,No,Yes,No,No,Two year,Yes,Electronic check,55.19,2216.24,No
CUST-102231,Male,1,No,No,72,Yes,No,DSL,No,Yes,Yes,No,No,No,One year,No,Bank transfer (automatic),64.26,4611.73,No
CUST-102232,Female,0,No,No,72,Yes,Yes,No,No internet service,No internet service,No internet service,No internet service,No internet service,No internet service,Month-to-month,Yes,Mailed check,26.87,1911.13,No
CUST-102233,Male,0,No,Yes,26,Yes,No,DSL,No,Yes,No,No,Yes,No,Two year,No,Electronic check,67.55,1772.09,No
CUST-102234,Female,0,Yes,Yes,31,Yes,Yes,DSL,No,No,No,No,Yes,No,Month-to-month,No,Credit card (automatic),65.32,2022.16,No
CUST-102235,Female,1,No,No,59,Yes,No,No,No internet service,No internet service,No internet service,No internet service,No internet service,No internet service,Two year,No,Bank transfer (automatic),26.29,1566.47,No
CUST-102236,Male,0,Yes,Yes,0,Yes,No,DSL,Yes,No,Yes,No,Yes,No,One year,Yes,Electronic check,75.99,0.0,No
CUST-102237,Male,0,No,Yes,5,Yes,Yes,DSL,No,No,Yes,Yes,No,No,Month-to-month,Yes,Mailed check,63.41,305.61,No
CUST-102238,Male,0,No,No,5,Yes,No,Fiber optic,No,No,No,No,Yes,Yes,One year,No,Mailed check,101.79,474.09,No
CUST-102239,Female,0,Yes,No,41,No,No phone service,DSL,No,No,Yes,No,No,Yes,Month-to-month,Yes,Mailed check,53.67,2177.87,Yes
CUST-102240,Male,0,No,No,72,No,No phone service,No,No internet service,No internet service,No internet service,No internet service,No internet service,No internet service,Two year,Yes,Credit card (automatic),18.0,1278.55,No
CUST-102241,Female,0,Yes,No,15,No,No phone service,Fiber optic,Yes,Yes,Yes,No,No,No,Two year,Yes,Bank transfer (automatic),83.07,1251.67,No
CUST-102242,Male,1,Yes,No,4,Yes,No,DSL,No,No,Yes,No,No,No,One year,Yes,Credit card (automatic),52.15,206.42,No
CUST-102243,Male,0,Yes,No,28,Yes,No,Fiber optic,No,No,No,Yes,Yes,No,Month-to-month,No,Bank transfer (automatic),94.7,2631.09,No
CUST-102244,Female,0,Yes,No,6,Yes,Yes,DSL,No,Yes,No,Yes,Yes,No,One year,Yes,Credit card (automatic),70.7,368.59,No
CUST-102245,Female,0,Yes,No,17,No,No phone service,Fiber optic,No,No,No,No,No,Yes,Month-to-month,Yes,Mailed check,73.42,1257.39,No
CUST-102246,Female,0,No,No,3,Yes,Yes,Fiber optic,Yes,No,No,No,No,No,Month-to-month,Yes,Bank transfer (automatic),79.71,256.68,Yes
CUST-102247,Male,1,No,No,18,Yes,No,Fiber optic,No,No,No,No,No,Yes,Two year,Yes,Bank transfer (automatic),82.52,1504.65,No
CUST-102248,Male,0,Yes,No,18,Yes,No,Fiber optic,No,Yes,Yes,Yes,Yes,Yes,Month-to-month,Yes,Bank transfer (automatic),111.69,1991.12,Yes
CUST-102249,Male,0,No,Yes,22,Yes,Yes,No,No internet service,No internet service,No internet service,No internet service,No internet service,No internet service,Month-to-month,No,Electronic check,29.83,676.8,No
CUST-102250,Female,0,Yes,No,23,Yes,Yes,DSL,No,No,Yes,Yes,No,Yes,Month-to-month,No,Electronic check,69.47,1609.13,No
CUST-102251,Female,0,Yes,No,11,Yes,No,No,No internet service,No internet service,No internet service,No internet service,No internet service,No internet service,Two year,No,Electronic check,26.54,303.16,No
CUST-102252,Male,0,No,No,57,Yes,No,DSL,No,No,No,No,Yes,No,Two year,Yes,Electronic check,60.05,3410.66,No
CUST-102253,Female,0,No,Yes,3,Yes,Yes,No,No internet service,No internet service,No internet service,No internet service,No internet service,No internet service,Month-to-month,Yes,Credit card (automatic),35.12,102.71,No
CUST-102254,Male,0,Yes,No,2,Yes,No,Fiber optic,Yes,Yes,No,No,No,No,Month-to-month,Yes,Bank transfer (automatic),87.06,210.75,No
CUST-102255,Female,0,Yes,No,16,Yes,No,DSL,No,No,No,Yes,No,No,Two year,No,Electronic check,61.43,1016.43,No
CUST-102256,Female,0,No,No,2,Yes,Yes,Fiber optic,No,Yes,No,No,Yes,Yes,Month-to-month,No,Mailed check,97.68,194.39,No
CUST-102257,Female,0,No,No,4,Yes,No,No,No internet service,No internet service,No internet service,No internet service,No internet service,No internet service,Two year,No,Electronic check,34.73,142.75,No
CUST-102258,Male,1,Yes,Yes,4,Yes,No,No,No internet service,No internet service,No internet service,No internet service,No internet service,No internet service,Two year,Yes,Credit card (automatic),23.12,48.58,No
CUST-102259,Female,0,Yes,Yes,2,Yes,Yes,Fiber optic,No,Yes,No,No,No,Yes,One year,Yes,Credit card (automatic),94.23,212.54,No
CUST-102260,Male,1,Yes,No,39,Yes,No,Fiber optic,Yes,No,No,Yes,No,Yes,Month-to-month,No,Electronic check,92.96,3640.35,No
CUST-102261,Female,0,No,Yes,9,No,No phone service,Fiber optic,No,No,No,Yes,Yes,Yes,One year,Yes,Mailed check,99.85,905.55,No
CUST-102262,Male,0,No,No,72,Yes,No,DSL,Yes,Yes,No,Yes,Yes,No,Two year,No,Credit card (automatic),78.79,5660.83,No
CUST-102263,Female,0,No,Yes,22,Yes,No,Fiber optic,Yes,Yes,Yes,Yes,No,No,Month-to-month,No,Bank transfer (automatic),90.18,1985.29,Yes
CUST-102264,Male,0,Yes,No,55,Yes,No,DSL,No,No,Yes,No,No,Yes,Two year,Yes,Credit card (automatic),61.27,3399.17,No
CUST-102265,Male,0,No,No,23,Yes,No,No,No internet service,No internet service,No internet service,No internet service,No internet service,No internet service,Month-to-month,No,Mailed check,30.74,714.26,Yes
CUST-102266,Female,0,No,Yes,16,Yes,No,Fiber optic,Yes,Yes,Yes,No,Yes,No,Two year,No,Electronic check,102.63,1694.71,No
CUST-102267,Female,0,Yes,No,20,Yes,Yes,Fiber optic,Yes,No,Yes,Yes,Yes,No,One year,No,Bank transfer (automatic),102.33,2062.83,No
CUST-102268,Male,0,No,No,8,Yes,Yes,Fiber optic,No,No,Yes,Yes,No,Yes,Month-to-month,Yes,Electronic check,95.63,746.66,Yes
CUST-102269,Female,0,Yes,Yes,16,Yes,Yes,DSL,No,No,No,No,Yes,No,Month-to-month,Yes,Credit card (automatic),59.72,947.3,Yes
CUST-102270,Male,1,Yes,No,3,Yes,Yes,DSL,No,No,No,No,Yes,Yes,Month-to-month,No,Bank transfer (automatic),73.35,205.85,Yes
CUST-102271,Male,1,No,No,18,Yes,No,DSL,No,Yes,No,No,Yes,No,Month-to-month,Yes,Electronic check,62.54,1142.87,No
CUST-102272,Male,0,Yes,No,30,Yes,No,DSL,No,Yes,No,No,No,No,Two year,Yes,Mailed check,58.21,1769.37,No
CUST-102273,Male,0,No,No,26,Yes,Yes,DSL,Yes,No,No,Yes,Yes,Yes,Month-to-month,Yes,Credit card (automatic),76.52,2023.85,No
CUST-102274,Male,0,No,No,9,Yes,No,Fiber optic,No,Yes,No,Yes,Yes,No,Two year,Yes,Credit card (automatic),93.2,832.15,No
CUST-102275,Male,0,Yes,Yes,4,Yes,No,Fiber optic,No,Yes,No,No,Yes,No,Month-to-month,No,Mailed check,89.16,366.0,No
CUST-102276,Male,0,Yes,Yes,29,No,No phone service,Fiber optic,Yes,No,Yes,No,Yes,No,One year,Yes,Bank transfer (automatic),84.06,2463.35,No
CUST-102277,Male,0,No,No,52,Yes,No,No,No internet service,No internet service,No internet service,No internet service,No internet service,No internet service,Two year,Yes,Electronic check,30.2,1601.4,No
CUST-102278,Male,0,Yes,No,3,No,No phone service,No,No internet service,No internet service,No internet service,No internet service,No internet service,No internet service,One year,Yes,Credit card (automatic),18.0,29.39,No
CUST-102279,Female,1,No,No,7,Yes,No,DSL,No,Yes,No,Yes,No,No,Two year,Yes,Bank transfer (automatic),64.72,465.44,No
CUST-102280,Female,0,Yes,Yes,14,Yes,Yes,Fiber optic,No,No,No,No,Yes,No,Two year,Yes,Electronic check,83.46,1144.58,Yes
CUST-102281,Male,0,Yes,No,42,Yes,Yes,No,No internet service,No internet service,No internet service,No internet service,No internet service,No internet service,One year,Yes,Bank transfer (automatic),28.12,1169.0,No
CUST-102282,Male,1,No,No,16,Yes,Yes,DSL,Yes,No,Yes,No,Yes,No,One year,Yes,Bank transfer (automatic),69.33,1083.14,No
CUST-102283,Female,0,Yes,Yes,24,Yes,No,Fiber optic,Yes,Yes,No,Yes,No,No,Month-to-month,Yes,Bank transfer (automatic),91.0,2171.58,No
CUST-102284,Female,0,No,No,4,Yes,No,No,No internet service,No internet service,No internet service,No internet service,No internet service,No internet service,Month-to-month,No,Mailed check,32.85,102.41,No
CUST-102285,Female,1,No,No,5,No,No phone service,Fiber optic,No,No,Yes,No,No,Yes,Month-to-month,Yes,Bank transfer (automatic),80.52,378.96,No
CUST-102286,Female,1,Yes,Yes,35,Yes,No,No,No internet service,No internet service,No internet service,No internet service,No internet service,No internet service,Two year,Yes,Credit card (automatic),30.81,1060.26,No
CUST-102287,Female,0,No,No,38,Yes,No,No,No internet service,No internet service,No internet service,No internet service,No internet service,No internet service,One year,Yes,Mailed check,30.87,1179.12,No
CUST-102288,Female,0,No,Yes,8,Yes,No,DSL,Yes,Yes,No,No,No,Yes,One year,No,Electronic check,69.91,559.96,No
CUST-102289,Male,0,No,No,60,Yes,No,Fiber optic,Yes,No,No,No,Yes,No,Two year,Yes,Credit card (automatic),85.97,5125.32,No
CUST-102290,Male,0,Yes,Yes,1,No,No phone service,No,No internet service,No internet service,No internet service,No internet service,No internet service,No internet service,Month-to-month,Yes,Bank transfer (automatic),18.0,72.83,Yes
CUST-102291,Male,0,Yes,Yes,7,Yes,Yes,DSL,No,Yes,No,Yes,No,No,Two year,No,Mailed check,68.12,467.07,No
CUST-102292,Male,0,No,Yes,6,Yes,Yes,DSL,No,No,No,Yes,No,No,Month-to-month,No,Credit card (automatic),59.97,333.23,No
CUST-102293,Female,0,No,Yes,4,Yes,Yes,DSL,No,Yes,No,No,No,No,Month-to-month,Yes,Electronic check,58.56,245.89,Yes
CUST-102294,Female,0,No,Yes,1,Yes,No,Fiber optic,No,No,Yes,Yes,Yes,No,One year,No,Credit card (automatic),92.73,92.64,Yes
CUST-102295,Female,0,No,No,37,No,No phone service,Fiber optic,No,No,No,No,Yes,Yes,Month-to-month,No,Mailed check,92.93,3422.16,Yes
CUST-102296,Male,0,No,Yes,28,Yes,No,No,No internet service,No internet service,No internet service,No internet service,No internet service,No internet service,One year,Yes,Electronic check,24.53,694.65,No
CUST-102297,Male,0,Yes,Yes,14,Yes,No,DSL,No,No,No,No,Yes,No,One year,No,Credit card (automatic),61.56,848.39,No
CUST-102298,Male,0,No,Yes,21,Yes,No,Fiber optic,Yes,No,Yes,No,No,No,Two year,Yes,Bank transfer (automatic),89.01,1863.3,No
CUST-102299,Female,0,Yes,No,14,Yes,No,DSL,Yes,Yes,Yes,No,Yes,No,Month-to-month,No,Electronic check,69.78,1006.23,No
CUST-102300,Male,0,Yes,Yes,34,Yes,No,No,No internet service,No internet service,No internet service,No internet service,No internet service,No internet service,Month-to-month,No,Credit card (automatic),24.97,851.45,Yes
CUST-102301,Male,0,No,No,4,Yes,No,Fiber optic,Yes,No,No,No,No,No,Month-to-month,No,Credit card (automatic),81.17,336.96,Yes
CUST-102302,Female,0,No,No,1,Yes,Yes,Fiber optic,No,Yes,Yes,No,No,Yes,Month-to-month,Yes,Credit card (automatic),98.45,88.01,Yes
CUST-102303,Female,0,Yes,No,58,Yes,Yes,DSL,No,Yes,No,No,No,No,Month-to-month,No,Electronic check,56.25,3265.56,Yes
CUST-102304,Female,0,No,Yes,13,Yes,No,DSL,No,No,Yes,No,No,Yes,Month-to-month,Yes,Electronic check,59.26,754.96,No
CUST-102305,Male,0,No,No,72,Yes,Yes,DSL,Yes,No,Yes,Yes,No,No,Two year,Yes,Bank transfer (automatic),60.87,4366.34,No
CUST-102306,Male,0,No,No,72,Yes,No,No,No internet service,No internet service,No internet service,No internet service,No internet service,No internet service,Two year,No,Credit card (automatic),24.93,1786.71,No
CUST-102307,Male,0,No,Yes,71,Yes,No,DSL,No,No,No,Yes,Yes,No,Two year,Yes,Electronic check,60.04,4248.95,No
CUST-102308,Male,1,Yes,No,23,Yes,No,No,No internet service,No internet service,No internet service,No internet service,No internet service,No internet service,Month-to-month,No,Mailed check,31.07,735.37,No
CUST-102309,Female,0,No,No,2,Yes,Yes,DSL,Yes,No,No,No,No,Yes,One year,Yes,Electronic check,69.23,150.04,No
CUST-102310,Male,0,Yes,No,72,Yes,Yes,Fiber optic,Yes,No,No,No,Yes,Yes,Month-to-month,Yes,Mailed check,99.03,7084.31,Yes
CUST-102311,Male,0,Yes,No,20,No,No phone service,DSL,No,No,Yes,Yes,Yes,Yes,Month-to-month,Yes,Bank transfer (automatic),68.95,1413.48,Yes
CUST-102312,Female,0,Yes,No,9,No,No phone service,DSL,No,No,No,No,Yes,No,Month-to-month,Yes,Electronic check,55.97,516.55,No
CUST-102313,Male,0,Yes,Yes,30,Yes,No,Fiber optic,No,No,No,No,No,Yes,Two year,Yes,Bank transfer (automatic),88.8,2686.89,No
CUST-102314,Male,0,No,No,9,Yes,No,Fiber optic,No,No,Yes,No,Yes,No,One year,Yes,Bank transfer (automatic),86.05,771.03,No
CUST-102315,Male,0,Yes,Yes,7,Yes,Yes,Fiber optic,No,Yes,No,Yes,Yes,No,Month-to-month,No,Mailed check,92.61,618.39,Yes
CUST-102316,Male,0,No,Yes,36,Yes,No,Fiber optic,No,No,Yes,Yes,Yes,Yes,One year,No,Credit card (automatic),105.83,3783.4,Yes
CUST-102317,Male,0,Yes,Yes,5,Yes,No,DSL,No,No,Yes,No,No,No,Two year,No,Electronic check,58.08,324.54,No
CUST-102318,Female,0,Yes,No,26,Yes,Yes,Fiber optic,No,Yes,Yes,No,No,No,Month-to-month,Yes,Electronic check,89.43,2292.63,Yes
CUST-102319,Female,1,No,No,20,Yes,Yes,Fiber optic,Yes,Yes,Yes,Yes,No,No,Two year,Yes,Mailed check,93.42,1839.49,No
CUST-102320,Male,0,No,No,25,No,No phone service,DSL,No,Yes,No,No,Yes,Yes,Month-to-month,No,Mailed check,62.99,1566.09,No
CUST-102321,Male,0,No,No,30,No,No phone service,Fiber optic,No,Yes,No,No,No,No,Month-to-month,Yes,Electronic check,76.86,2278.1,Yes
CUST-102322,Male,0,No,No,7,Yes,No,DSL,Yes,Yes,Yes,No,Yes,No,Two year,Yes,Credit card (automatic),72.27,516.55,Yes
CUST-102323,Female,0,Yes,No,43,Yes,No,DSL,No,No,Yes,No,Yes,No,Month-to-month,No,Electronic check,58.92,2545.78,No
CUST-102324,Female,0,No,No,37,Yes,No,DSL,No,No,No,No,No,Yes,One year,Yes,Electronic check,58.33,2166.48,No
CUST-102325,Female,0,No,Yes,7,Yes,No,Fiber optic,Yes,Yes,Yes,No,No,No,Month-to-month,No,Credit card (automatic),91.18,625.98,No
CUST-102326,Male,0,Yes,No,66,Yes,No,DSL,No,No,Yes,No,No,No,One year,Yes,Credit card (automatic),63.81,4217.24,No
CUST-102327,Male,0,No,No,63,Yes,Yes,No,No internet service,No internet service,No internet service,No internet service,No internet service,No internet service,One year,Yes,Mailed check,24.65,1588.62,No
CUST-102328,Male,1,No,No,72,Yes,No,Fiber optic,Yes,No,No,No,Yes,No,Two year,Yes,Electronic check,90.75,6505.32,No
CUST-102329,Male,0,No,No,19,Yes,No,DSL,No,Yes,Yes,No,No,No,Two year,No,Mailed check,70.17,1355.56,No
CUST-102330,Male,0,No,No,1,No,No phone service,Fiber optic,No,No,No,Yes,No,Yes,One year,No,Electronic check,78.63,94.79,No
CUST-102331,Female,0,No,Yes,38,Yes,Yes,DSL,Yes,No,No,No,No,No,Month-to-month,No,Mailed check,60.64,2302.21,Yes
CUST-102332,Male,0,Yes,No,42,Yes,Yes,DSL,Yes,No,No,Yes,No,Yes,Month-to-month,Yes,Bank transfer (automatic),68.16,2866.05,Yes
CUST-102333,Female,0,No,No,6,No,No phone service,No,No internet service,No internet service,No internet service,No internet service,No internet service,No internet service,One year,No,Mailed check,21.61,136.79,No
CUST-102334,Female,0,Yes,No,13,Yes,No,Fiber optic,No,Yes,No,No,No,No,Month-to-month,Yes,Mailed check,92.34,1180.89,Yes
CUST-102335,Female,0,Yes,Yes,3,Yes,No,DSL,No,No,Yes,Yes,Yes,No,Month-to-month,No,Bank transfer (automatic),73.17,186.86,No
CUST-102336,Male,0,Yes,Yes,10,Yes,Yes,No,No internet service,No internet service,No internet service,No internet service,No internet service,No internet service,Two year,No,Electronic check,28.61,304.23,No
CUST-102337,Female,0,No,No,31,Yes,Yes,No,No internet service,No internet service,No internet service,No internet service,No internet service,No internet service,Month-to-month,No,Electronic check,24.2,725.3,No
CUST-102338,Male,0,No,No,41,Yes,No,Fiber optic,No,Yes,Yes,Yes,No,No,Month-to-month,No,Credit card (automatic),91.3,3721.44,No
CUST-102339,Male,0,No,No,6,Yes,Yes,Fiber optic,No,No,No,No,No,No,Two year,Yes,Electronic check,75.74,444.13,No
CUST-102340,Male,0,No,No,54,Yes,Yes,No,No internet service,No internet service,No internet service,No internet service,No internet service,No internet service,One year,No,Electronic check,22.2,1204.49,No
CUST-102341,Male,0,No,Yes,18,Yes,No,Fiber optic,Yes,No,No,No,No,No,One year,Yes,Electronic check,74.48,1330.65,No
CUST-102342,Female,0,No,Yes,41,Yes,No,Fiber optic,No,No,No,No,No,Yes,Month-to-month,No,Mailed check,82.68,3375.4,No
CUST-102343,Female,0,Yes,No,11,Yes,Yes,No,No internet service,No internet service,No internet service,No internet service,No internet service,No internet service,Month-to-month,Yes,Bank transfer (automatic),27.87,325.63,No
CUST-102344,Female,1,No,Yes,3,Yes,No,Fiber optic,No,No,Yes,No,No,No,One year,Yes,Mailed check,86.48,252.78,Yes
CUST-102345,Male,0,Yes,No,37,Yes,No,DSL,No,Yes,No,Yes,No,No,Month-to-month,Yes,Mailed check,60.05,2205.88,No
CUST-102346,Male,0,Yes,No,5,Yes,Yes,DSL,No,Yes,Yes,Yes,No,No,One year,Yes,Mailed check,67.77,346.74,No
CUST-102347,Female,0,Yes,No,16,No,No phone service,Fiber optic,No,No,No,No,No,Yes,Month-to-month,Yes,Electronic check,71.2,1140.37,Yes
CUST-102348,Male,0,Yes,No,0,Yes,No,DSL,No,No,No,No,Yes,Yes,Month-to-month,No,Credit card (automatic),65.8,0.57,No
CUST-102349,Female,0,No,Yes,6,Yes,No,DSL,No,No,No,No,Yes,Yes,Month-to-month,No,Credit card (automatic),59.21,364.13,No
CUST-102350,Female,0,No,Yes,41,No,No phone service,Fiber optic,Yes,Yes,No,Yes,No,Yes,Month-to-month,Yes,Mailed check,101.94,4176.79,No
CUST-102351,Female,0,Yes,No,11,Yes,No,No,No internet service,No internet service,No internet service,No internet service,No internet service,No internet service,Month-to-month,Yes,Mailed check,28.79,333.58,No
CUST-102352,Female,0,No,No,39,Yes,Yes,DSL,Yes,No,No,Yes,No,Yes,One year,No,Credit card (automatic),71.67,2766.56,No
CUST-102353,Male,0,Yes,Yes,39,Yes,No,DSL,No,Yes,No,No,No,Yes,One year,No,Electronic check,68.14,2682.29,Yes
CUST-102354,Male,0,Yes,Yes,39,Yes,Yes,No,No internet service,No internet service,No internet service,No internet service,No internet service,No internet service,Month-to-month,Yes,Electronic check,38.13,1468.81,No
CUST-102355,Male,0,Yes,Yes,29,Yes,No,Fiber optic,No,Yes,Yes,Yes,Yes,No,One year,No,Credit card (automatic),98.26,2816.81,No
CUST-102356,Male,0,Yes,No,5,Yes,No,Fiber optic,No,No,Yes,Yes,Yes,No,Month-to-month,Yes,Electronic check,91.08,439.63,Yes
CUST-102357,Male,0,Yes,No,18,Yes,No,Fiber optic,Yes,No,No,No,Yes,Yes,Month-to-month,No,Electronic check,107.0,1919.01,Yes
CUST-102358,Female,0,Yes,No,29,Yes,No,Fiber optic,Yes,No,Yes,No,Yes,No,Two year,No,Mailed check,90.08,2597.62,No
CUST-102359,Male,0,Yes,No,51,Yes,Yes,DSL,No,No,Yes,No,No,Yes,One year,Yes,Bank transfer (automatic),70.19,3560.39,No
CUST-102360,Female,0,Yes,Yes,36,Yes,No,Fiber optic,No,No,Yes,No,No,Yes,One year,Yes,Bank transfer (automatic),89.7,3249.41,No
CUST-102361,Female,0,No,No,39,Yes,Yes,Fiber optic,Yes,Yes,Yes,Yes,No,No,Month-to-month,No,Electronic check,98.73,3833.06,No
CUST-102362,Female,0,Yes,Yes,33,Yes,No,DSL,Yes,Yes,No,Yes,Yes,No,Month-to-month,Yes,Bank transfer (automatic),70.25,2273.09,No
CUST-102363,Male,0,Yes,No,5,No,No phone service,DSL,No,No,No,No,Yes,Yes,One year,Yes,Electronic check,71.37,349.84,No
CUST-102364,Female,1,No,Yes,10,Yes,No,Fiber optic,Yes,No,No,Yes,No,No,One year,Yes,Credit card (automatic),86.47,905.61,No
CUST-102365,Male,0,Yes,No,15,Yes,No,Fiber optic,No,No,No,No,Yes,Yes,One year,No,Electronic check,91.19,1346.57,No
CUST-102366,Male,0,No,Yes,17,Yes,Yes,Fiber optic,No,Yes,Yes,Yes,No,Yes,Two year,Yes,Electronic check,102.19,1719.24,Yes
CUST-102367,Male,0,Yes,No,16,No,No phone service,Fiber optic,Yes,No,No,No,Yes,No,Month-to-month,Yes,Mailed check,80.42,1278.65,Yes
CUST-102368,Male,0,No,Yes,6,Yes,No,Fiber optic,No,Yes,No,Yes,Yes,Yes,Two year,No,Electronic check,105.7,665.08,No
CUST-102369,Male,0,No,No,44,Yes,Yes,DSL,Yes,Yes,No,No,No,No,One year,No,Bank transfer (automatic),57.96,2543.05,No
CUST-102370,Male,0,No,Yes,10,Yes,Yes,No,No internet service,No internet service,No internet service,No internet service,No internet service,No internet service,Month-to-month,Yes,Electronic check,28.58,265.33,No
CUST-102371,Female,0,No,No,7,Yes,Yes,No,No internet service,No internet service,No internet service,No internet service,No internet service,No internet service,Month-to-month,Yes,Mailed check,25.59,186.39,No
CUST-102372,Male,0,Yes,No,8,Yes,Yes,DSL,Yes,Yes,No,No,No,No,One year,Yes,Electronic check,59.87,484.73,No
CUST-102373,Male,0,Yes,Yes,29,Yes,No,Fiber optic,No,Yes,No,Yes,Yes,Yes,Month-to-month,Yes,Mailed check,100.23,2916.4,Yes
CUST-102374,Female,1,Yes,Yes,25,Yes,Yes,DSL,No,Yes,Yes,No,No,No,One year,Yes,Electronic check,65.54,1617.25,No
CUST-102375,Female,0,No,No,13,Yes,No,No,No internet service,No internet service,No internet service,No internet service,No internet service,No internet service,One year,Yes,Electronic check,26.6,334.51,No
CUST-102376,Female,0,Yes,No,33,Yes,Yes,Fiber optic,Yes,Yes,No,Yes,Yes,No,Month-to-month,Yes,Electronic check,100.26,3331.09,No
CUST-102377,Male,1,Yes,No,12,Yes,No,Fiber optic,Yes,Yes,No,No,Yes,Yes,Month-to-month,No,Credit card (automatic),105.71,1276.7,No
CUST-102378,Female,0,No,Yes,54,Yes,Yes,No,No internet service,No internet service,No internet service,No internet service,No internet service,No internet service,One year,Yes,Bank transfer (automatic),32.56,1774.41,No
CUST-102379,Female,0,Yes,No,72,Yes,Yes,Fiber optic,Yes,No,Yes,No,Yes,No,Month-to-month,Yes,Electronic check,91.31,6573.24,No
CUST-102380,Male,0,Yes,Yes,8,Yes,No,DSL,No,Yes,No,No,No,No,Two year,No,Electronic check,58.88,492.17,No
CUST-102381,Male,1,No,Yes,28,Yes,Yes,Fiber optic,No,No,Yes,No,No,Yes,Month-to-month,Yes,Electronic check,86.36,2423.94,No
CUST-102382,Female,0,Yes,No,52,Yes,Yes,No,No internet service,No internet service,No internet service,No internet service,No internet service,No internet service,Two year,No,Electronic check,27.17,1402.37,No
CUST-102383,Male,0,No,No,16,Yes,No,DSL,No,No,Yes,Yes,No,No,Month-to-month,Yes,Mailed check,66.26,1075.07,No
CUST-102384,Male,1,No,Yes,37,Yes,Yes,Fiber optic,Yes,No,No,No,No,No,Month-to-month,Yes,Mailed check,73.62,2706.44,No
CUST-102385,Female,0,No,No,10,Yes,No,Fiber optic,No,No,No,No,Yes,Yes,One year,Yes,Credit card (automatic),90.31,933.97,No
CUST-102386,Female,1,Yes,No,17,Yes,Yes,Fiber optic,No,Yes,Yes,Yes,No,Yes,Month-to-month,Yes,Credit card (automatic),99.07,1704.35,No
CUST-102387,Female,1,Yes,No,3,Yes,No,No,No internet service,No internet service,No internet service,No internet service,No internet service,No internet service,Month-to-month,No,Electronic check,29.52,82.71,Yes
CUST-102388,Female,1,No,Yes,5,Yes,Yes,Fiber optic,Yes,Yes,Yes,Yes,No,No,Month-to-month,Yes,Electronic check,101.88,505.7,No
CUST-102389,Female,0,No,No,20,Yes,No,Fiber optic,No,No,Yes,Yes,No,No,One year,Yes,Electronic check,80.21,1606.85,No
CUST-102390,Male,0,No,No,2,Yes,Yes,No,No internet service,No internet service,No internet service,No internet service,No internet service,No internet service,One year,Yes,Electronic check,33.66,63.86,Yes
CUST-102391,Male,0,Yes,No,7,Yes,No,DSL,No,No,Yes,Yes,Yes,Yes,Month-to-month,Yes,Mailed check,80.08,586.94,Yes
CUST-102392,Female,0,Yes,Yes,14,Yes,Yes,DSL,No,No,No,No,Yes,No,Month-to-month,Yes,Electronic check,60.04,829.78,Yes
CUST-102393,Male,0,Yes,No,42,Yes,No,No,No internet service,No internet service,No internet service,No internet service,No internet service,No internet service,Month-to-month,Yes,Electronic check,22.12,898.99,No
CUST-102394,Male,1,Yes,No,1,Yes,Yes,Fiber optic,No,No,Yes,Yes,No,Yes,Two year,Yes,Electronic check,92.71,87.54,No
CUST-102395,Female,0,Yes,No,0,Yes,Yes,Fiber optic,Yes,No,No,Yes,No,No,Month-to-month,No,Bank transfer (automatic),92.1,15.05,No
CUST-102396,Female,0,No,No,67,No,No phone service,DSL,No,No,No,Yes,No,No,One year,No,Electronic check,50.11,3377.66,No
CUST-102397,Male,0,Yes,No,23,Yes,Yes,DSL,No,Yes,No,Yes,No,Yes,Month-to-month,Yes,Credit card (automatic),70.28,1618.72,No
CUST-102398,Male,0,No,No,14,Yes,Yes,DSL,No,No,No,No,No,No,One year,No,Mailed check,49.11,674.86,No
CUST-102399,Female,0,No,No,14,Yes,Yes,Fiber optic,No,No,Yes,Yes,Yes,Yes,Two year,Yes,Electronic check,105.94,1482.28,Yes
CUST-102400,Male,0,Yes,Yes,10,Yes,No,Fiber optic,Yes,No,Yes,Yes,Yes,No,Month-to-month,Yes,Mailed check,99.4,980.9,No
CUST-102401,Female,0,No,Yes,5,Yes,No,DSL,No,No,Yes,Yes,Yes,No,One year,No,Mailed check,69.05,299.14,No
CUST-102402,Female,0,No,No,40,No,No phone service,Fiber optic,No,No,Yes,No,Yes,No,Month-to-month,No,Mailed check,81.62,3247.76,No
CUST-102403,Female,0,Yes,No,64,Yes,No,No,No internet service,No internet service,No internet service,No internet service,No internet service,No internet service,One year,Yes,Mailed check,25.42,1637.09,No
CUST-102404,Male,0,Yes,No,23,Yes,Yes,No,No internet service,No internet service,No internet service,No internet service,No internet service,No internet service,Month-to-month,No,Electronic check,24.74,563.61,Yes
CUST-102405,Female,0,No,No,57,Yes,No,No,No internet service,No internet service,No internet service,No internet service,No internet service,No internet service,Month-to-month,No,Electronic check,21.92,1243.27,No
CUST-102406,Male,0,No,No,16,No,No phone service,Fiber optic,No,Yes,No,No,Yes,No,Month-to-month,Yes,Electronic check,80.52,1310.46,No
CUST-102407,Female,1,No,No,3,Yes,No,Fiber optic,No,No,Yes,No,No,Yes,Month-to-month,Yes,Bank transfer (automatic),82.8,229.12,Yes
CUST-102408,Male,0,No,No,44,No,No phone service,Fiber optic,No,No,No,Yes,Yes,Yes,Two year,No,Bank transfer (automatic),92.94,4072.04,Yes
CUST-102409,Male,0,Yes,No,2,Yes,Yes,DSL,No,No,No,Yes,Yes,Yes,One year,No,Bank transfer (automatic),71.33,149.28,No
CUST-102410,Female,0,No,Yes,29,Yes,No,No,No internet service,No internet service,No internet service,No internet service,No internet service,No internet service,Month-to-month,Yes,Credit card (automatic),26.43,752.23,No
CUST-102411,Male,0,No,No,20,Yes,Yes,Fiber optic,No,No,Yes,No,Yes,No,Month-to-month,Yes,Mailed check,89.85,1782.66,No
CUST-102412,Female,1,No,No,7,Yes,No,Fiber optic,Yes,No,Yes,Yes,No,No,One year,No,Credit card (automatic),88.79,652.51,No
CUST-102413,Female,0,No,Yes,15,Yes,No,DSL,No,Yes,No,No,Yes,No,Month-to-month,Yes,Mailed check,61.3,898.06,No
CUST-102414,Male,0,No,No,72,Yes,No,DSL,No,No,No,Yes,No,Yes,Month-to-month,No,Mailed check,66.89,4801.43,No
CUST-102415,Male,0,No,No,25,Yes,No,No,No internet service,No internet service,No internet service,No internet service,No internet service,No internet service,One year,Yes,Bank transfer (automatic),35.56,897.78,No
CUST-102416,Female,0,Yes,No,47,Yes,Yes,DSL,No,Yes,Yes,Yes,No,No,Month-to-month,No,Electronic check,70.64,3319.1,No
CUST-102417,Male,0,No,No,6,Yes,No,DSL,No,Yes,No,No,No,Yes,Month-to-month,Yes,Electronic check,71.12,399.25,No
CUST-102418,Male,0,Yes,Yes,31,Yes,No,Fiber optic,No,Yes,Yes,No,No,No,Month-to-month,Yes,Mailed check,81.81,2571.79,Yes
CUST-102419,Male,0,No,No,19,Yes,No,Fiber optic,Yes,Yes,No,No,No,Yes,Month-to-month,No,Electronic check,95.23,1793.48,Yes
CUST-102420,Male,0,No,Yes,3,No,No phone service,DSL,No,No,No,No,Yes,Yes,One year,Yes,Electronic check,60.21,175.72,Yes
CUST-102421,Female,1,No,No,12,Yes,No,DSL,No,Yes,Yes,No,No,No,One year,Yes,Credit card (automatic),67.71,821.26,Yes
CUST-102422,Male,0,Yes,No,72,Yes,Yes,No,No internet service,No internet service,No internet service,No internet service,No internet service,No internet service,Two year,Yes,Mailed check,31.67,2323.49,No
CUST-102423,Female,1,No,Yes,18,Yes,Yes,No,No internet service,No internet service,No internet service,No internet service,No internet service,No internet service,Month-to-month,No,Electronic check,27.34,483.93,No
CUST-102424,Male,0,Yes,Yes,39,Yes,No,Fiber optic,No,Yes,Yes,No,Yes,No,One year,Yes,Electronic check,85.85,3329.76,No
CUST-102425,Female,0,Yes,No,6,Yes,No,No,No internet service,No internet service,No internet service,No internet service,No internet service,No internet service,Two year,No,Credit card (automatic),23.36,150.11,No
CUST-102426,Male,0,Yes,No,40,No,No phone service,DSL,No,No,No,No,Yes,No,One year,Yes,Credit card (automatic),55.53,2262.96,Yes
CUST-102427,Male,0,No,Yes,22,Yes,Yes,Fiber optic,No,No,No,No,No,No,Two year,No,Bank transfer (automatic),76.72,1690.56,No
CUST-102428,Female,0,Yes,No,51,Yes,No,Fiber optic,No,No,No,Yes,No,Yes,Two year,Yes,Electronic check,90.56,4612.85,Yes
CUST-102429,Male,1,No,No,10,Yes,No,No,No internet service,No internet service,No internet service,No internet service,No internet service,No internet service,Two year,Yes,Mailed check,30.45,312.33,No
CUST-102430,Male,0,Yes,Yes,16,No,No phone service,Fiber optic,Yes,No,No,Yes,Yes,Yes,Two year,Yes,Electronic check,100.53,1566.97,No
CUST-102431,Female,0,No,No,47,Yes,Yes,DSL,No,No,No,No,Yes,Yes,One year,Yes,Bank transfer (automatic),65.88,3084.06,No
CUST-102432,Male,0,No,No,29,Yes,Yes,DSL,No,No,No,Yes,No,No,Month-to-month,No,Mailed check,60.37,1714.22,No
CUST-102433,Male,0,No,Yes,12,Yes,No,No,No internet service,No internet service,No internet service,No internet service,No internet service,No internet service,Two year,No,Bank transfer (automatic),34.45,406.2,No
CUST-102434,Male,0,No,No,3,No,No phone service,DSL,No,No,No,No,No,Yes,Two year,No,Mailed check,58.71,165.87,No
CUST-102435,Female,0,No,Yes,3,Yes,No,Fiber optic,No,Yes,Yes,No,No,Yes,Month-to-month,No,Credit card (automatic),92.88,225.89,No
CUST-102436,Female,0,No,Yes,72,Yes,Yes,Fiber optic,No,No,Yes,Yes,Yes,Yes,Month-to-month,No,Mailed check,104.18,7504.54,No
CUST-102437,Female,0,No,Yes,15,Yes,Yes,DSL,Yes,No,No,No,Yes,No,Month-to-month,No,Mailed check,69.0,1047.36,No
CUST-102438,Female,0,Yes,No,15,Yes,Yes,Fiber optic,No,No,Yes,Yes,Yes,Yes,Two year,No,Mailed check,103.08,1542.33,No
CUST-102439,Male,0,Yes,No,17,Yes,Yes,Fiber optic,No,No,Yes,Yes,No,Yes,Month-to-month,Yes,Bank transfer (automatic),94.0,1567.43,No
CUST-102440,Male,0,No,No,72,Yes,No,No,No internet service,No internet service,No internet service,No internet service,No internet service,No internet service,Month-to-month,Yes,Credit card (automatic),21.08,1543.06,No
CUST-102441,Male,0,No,Yes,8,No,No phone service,DSL,Yes,No,Yes,No,No,Yes,Month-to-month,Yes,Mailed check,58.54,506.26,No
CUST-102442,Male,0,No,No,20,Yes,Yes,DSL,No,No,No,No,No,No,Month-to-month,No,Credit card (automatic),50.22,1012.4,Yes
CUST-102443,Male,0,No,No,5,Yes,No,DSL,Yes,Yes,No,No,No,No,Two year,Yes,Mailed check,57.95,282.67,No
CUST-102444,Female,0,Yes,No,8,Yes,Yes,DSL,No,Yes,No,No,Yes,Yes,Month-to-month,Yes,Electronic check,74.44,588.7,Yes
CUST-102445,Female,1,No,Yes,1,Yes,No,Fiber optic,Yes,No,No,Yes,Yes,No,Month-to-month,No,Electronic check,99.47,108.14,Yes
CUST-102446,Female,0,No,No,8,Yes,No,Fiber optic,Yes,Yes,No,No,Yes,No,Month-to-month,Yes,Electronic check,94.32,756.36,Yes
CUST-102447,Female,0,No,Yes,17,Yes,Yes,DSL,No,No,No,No,No,No,Two year,Yes,Credit card (automatic),44.19,759.94,No
CUST-102448,Female,1,No,No,7,No,No phone service,No,No internet service,No internet service,No internet service,No internet service,No internet service,No internet service,One year,No,Electronic check,19.53,145.71,No
CUST-102449,Male,0,No,No,23,Yes,No,DSL,No,Yes,No,No,No,Yes,Month-to-month,Yes,Electronic check,67.1,1528.54,Yes
CUST-102450,Female,0,No,Yes,0,Yes,No,Fiber optic,Yes,Yes,No,No,No,Yes,Month-to-month,Yes,Electronic check,96.83,0.0,No
CUST-102451,Female,1,No,No,10,Yes,No,No,No internet service,No internet service,No internet service,No internet service,No internet service,No internet service,Two year,Yes,Bank transfer (automatic),25.12,245.59,No
CUST-102452,Male,1,Yes,No,3,Yes,Yes,Fiber optic,No,No,No,No,Yes,No,One year,Yes,Credit card (automatic),81.18,252.89,No
CUST-102453,Male,0,No,No,7,Yes,No,DSL,Yes,Yes,No,No,No,Yes,One year,Yes,Credit card (automatic),74.55,490.66,Yes
CUST-102454,Female,0,No,No,0,Yes,No,No,No internet service,No internet service,No internet service,No internet service,No internet service,No internet service,Month-to-month,Yes,Electronic check,29.41,0.0,No
CUST-102455,Male,0,Yes,No,11,Yes,Yes,Fiber optic,No,No,No,Yes,Yes,No,Two year,No,Mailed check,88.28,970.36,No
CUST-102456,Female,1,Yes,No,29,Yes,No,DSL,No,Yes,No,No,Yes,Yes,One year,No,Electronic check,68.0,1962.26,No
CUST-102457,Female,1,No,Yes,11,Yes,No,DSL,Yes,Yes,No,Yes,Yes,Yes,Month-to-month,Yes,Credit card (automatic),84.89,961.84,Yes
CUST-102458,Male,0,Yes,No,4,Yes,Yes,No,No internet service,No internet service,No internet service,No internet service,No internet service,No internet service,Two year,Yes,Electronic check,24.41,122.28,No
CUST-102459,Male,0,No,No,36,Yes,No,DSL,No,No,Yes,Yes,Yes,No,Two year,Yes,Credit card (automatic),71.53,2583.39,No
CUST-102460,Male,0,Yes,No,25,Yes,No,No,No internet service,No internet service,No internet service,No internet service,No internet service,No internet service,One year,Yes,Credit card (automatic),28.63,751.16,No
CUST-102461,Male,0,Yes,No,28,Yes,No,DSL,No,Yes,Yes,Yes,Yes,Yes,One year,Yes,Bank transfer (automatic),91.31,2574.25,No
CUST-102462,Male,0,No,Yes,1,Yes,No,DSL,Yes,No,Yes,No,Yes,Yes,Month-to-month,Yes,Bank transfer (automatic),77.69,80.37,No
CUST-102463,Female,0,Yes,No,23,Yes,Yes,No,No internet service,No internet service,No internet service,No internet service,No internet service,No internet service,Month-to-month,Yes,Electronic check,36.0,818.46,No
CUST-102464,Male,0,Yes,Yes,13,Yes,Yes,No,No internet service,No internet service,No internet service,No internet service,No internet service,No internet service,Month-to-month,No,Electronic check,28.33,360.39,No
CUST-102465,Male,0,No,Yes,28,Yes,No,DSL,No,Yes,Yes,Yes,No,No,One year,Yes,Mailed check,64.33,1808.85,No
CUST-102466,Male,0,No,No,67,Yes,No,DSL,No,No,No,No,No,Yes,Month-to-month,No,Electronic check,56.78,3796.82,No
CUST-102467,Female,0,Yes,No,27,Yes,No,Fiber optic,Yes,No,Yes,No,No,No,Month-to-month,Yes,Bank transfer (automatic),83.49,2223.89,No
CUST-102468,Male,0,No,Yes,10,Yes,No,Fiber optic,Yes,Yes,No,Yes,No,No,Two year,No,Mailed check,94.72,939.59,No
CUST-102469,Male,0,No,No,3,Yes,Yes,Fiber optic,No,No,Yes,No,No,No,Month-to-month,Yes,Credit card (automatic),82.52,268.11,No
CUST-102470,Female,1,No,No,15,Yes,No,DSL,No,No,Yes,No,No,No,Two year,No,Credit card (automatic),49.65,693.27,No
CUST-102471,Male,0,Yes,Yes,2,Yes,Yes,No,No internet service,No internet service,No internet service,No internet service,No internet service,No internet service,Month-to-month,No,Electronic check,32.08,92.22,No
CUST-102472,Male,0,Yes,No,17,No,No phone service,DSL,Yes,No,No,No,Yes,Yes,Month-to-month,Yes,Electronic check,71.91,1233.95,No
CUST-102473,Male,0,No,No,5,Yes,No,DSL,No,No,Yes,No,No,No,Month-to-month,Yes,Mailed check,49.6,243.31,No
CUST-102474,Male,0,No,No,5,Yes,No,DSL,Yes,No,Yes,No,Yes,No,Month-to-month,No,Electronic check,74.05,376.0,Yes
CUST-102475,Male,0,Yes,Yes,4,Yes,No,DSL,Yes,Yes,Yes,No,No,No,Month-to-month,No,Bank transfer (automatic),73.73,314.14,Yes
CUST-102476,Female,0,No,No,40,Yes,Yes,Fiber optic,No,No,No,No,No,No,Month-to-month,No,Bank transfer (automatic),70.82,2833.47,No
CUST-102477,Male,0,Yes,No,37,Yes,No,Fiber optic,Yes,No,Yes,Yes,Yes,Yes,One year,Yes,Bank transfer (automatic),106.13,3945.78,Yes
CUST-102478,Male,0,No,Yes,18,Yes,Yes,Fiber optic,Yes,No,No,No,Yes,Yes,Month-to-month,Yes,Mailed check,95.6,1737.82,No
CUST-102479,Male,0,No,Yes,19,No,No phone service,Fiber optic,Yes,No,Yes,Yes,Yes,Yes,Month-to-month,Yes,Credit card (automatic),103.9,1977.6,No
CUST-102480,Female,0,No,Yes,72,Yes,Yes,DSL,No,Yes,Yes,No,No,Yes,Month-to-month,No,Bank transfer (automatic),68.34,4898.27,No
CUST-102481,Female,0,No,Yes,46,Yes,No,No,No internet service,No internet service,No internet service,No internet service,No internet service,No internet service,Month-to-month,Yes,Credit card (automatic),26.18,1202.32,No
CUST-102482,Male,0,Yes,No,56,Yes,Yes,Fiber optic,No,No,Yes,No,No,No,Month-to-month,Yes,Credit card (automatic),83.69,4645.81,No
CUST-102483,Male,0,No,No,24,Yes,No,DSL,No,No,Yes,No,Yes,No,Month-to-month,Yes,Bank transfer (automatic),71.24,1718.67,No
CUST-102484,Male,0,Yes,No,0,Yes,No,DSL,No,Yes,No,No,Yes,Yes,One year,Yes,Electronic check,73.75,0.0,No
CUST-102485,Male,0,No,No,33,Yes,Yes,Fiber optic,No,No,No,No,No,Yes,One year,No,Credit card (automatic),84.12,2763.65,No
CUST-102486,Male,0,No,No,14,Yes,No,No,No internet service,No internet service,No internet service,No internet service,No internet service,No internet service,Two year,Yes,Electronic check,26.86,389.15,No
CUST-102487,Male,0,Yes,No,2,Yes,No,Fiber optic,Yes,No,No,Yes,Yes,Yes,One year,No,Mailed check,106.63,187.85,No
CUST-102488,Female,1,Yes,No,13,Yes,Yes,No,No internet service,No internet service,No internet service,No internet service,No internet service,No internet service,Month-to-month,Yes,Mailed check,22.67,296.95,No
CUST-102489,Male,1,Yes,No,39,Yes,No,DSL,Yes,No,No,No,Yes,No,Month-to-month,No,Electronic check,65.93,2564.47,No
CUST-102490,Male,1,Yes,Yes,7,No,No phone service,No,No internet service,No internet service,No internet service,No internet service,No internet service,No internet service,Month-to-month,Yes,Electronic check,18.0,122.39,No
CUST-102491,Male,0,Yes,No,3,Yes,Yes,DSL,Yes,No,Yes,No,Yes,No,One year,Yes,Electronic check,65.19,201.26,No
CUST-102492,Female,0,No,No,3,Yes,No,DSL,No,Yes,No,No,No,Yes,Month-to-month,Yes,Credit card (automatic),58.22,211.13,No
CUST-102493,Female,0,No,Yes,1,Yes,No,Fiber optic,Yes,Yes,No,Yes,Yes,No,Month-to-month,No,Bank transfer (automatic),98.94,106.91,Yes
CUST-102494,Male,0,No,No,53,Yes,Yes,DSL,Yes,Yes,No,No,Yes,No,Two year,Yes,Credit card (automatic),75.31,4018.6,No
CUST-102495,Male,0,No,No,34,Yes,No,Fiber optic,No,No,No,Yes,Yes,No,Month-to-month,Yes,Credit card (automatic),83.07,2852.29,No
CUST-102496,Female,0,No,No,70,Yes,No,DSL,No,Yes,Yes,No,No,No,Month-to-month,No,Mailed check,64.17,4507.29,No
CUST-102497,Female,0,Yes,Yes,36,Yes,No,Fiber optic,No,No,No,Yes,Yes,No,Two year,Yes,Bank transfer (automatic),88.4,3145.52,No
CUST-102498,Male,0,No,No,27,Yes,Yes,Fiber optic,No,No,No,No,No,Yes,Month-to-month,Yes,Bank transfer (automatic),81.75,2202.46,No
CUST-102499,Female,0,No,No,12,Yes,Yes,Fiber optic,Yes,No,No,No,No,No,Month-to-month,Yes,Electronic check,84.38,990.75,Yes
CUST-102500,Female,0,No,No,11,Yes,Yes,Fiber optic,No,Yes,Yes,Yes,Yes,No,Month-to-month,Yes,Credit card (automatic),105.24,1214.91,Yes
CUST-102501,Male,0,No,No,19,Yes,No,DSL,No,Yes,Yes,No,Yes,Yes,Month-to-month,Yes,Credit card (automatic),83.99,1575.73,No
CUST-102502,Female,1,No,Yes,32,Yes,Yes,No,No internet service,No internet service,No internet service,No internet service,No internet service,No internet service,Two year,Yes,Electronic check,29.13,902.22,No
CUST-102503,Male,0,No,Yes,6,No,No phone service,Fiber optic,No,No,No,Yes,Yes,No,One year,Yes,Credit card (automatic),82.72,440.91,No
CUST-102504,Male,0,No,No,24,Yes,No,Fiber optic,No,No,No,Yes,No,No,Month-to-month,Yes,Electronic check,84.57,2008.95,No
CUST-102505,Male,0,Yes,Yes,10,Yes,No,DSL,No,Yes,Yes,No,No,No,Month-to-month,No,Credit card (automatic),71.91,721.56,No
CUST-102506,Male,0,No,No,43,Yes,Yes,DSL,Yes,Yes,Yes,No,No,No,Month-to-month,No,Bank transfer (automatic),65.83,2852.43,No
CUST-102507,Female,0,Yes,No,12,Yes,No,Fiber optic,No,No,No,No,No,Yes,One year,Yes,Electronic check,90.54,1065.08,Yes
CUST-102508,Male,0,Yes,Yes,13,No,No phone service,Fiber optic,No,No,Yes,Yes,No,No,Month-to-month,Yes,Credit card (automatic),76.63,1019.62,No
CUST-102509,Male,0,No,No,27,Yes,Yes,No,No internet service,No internet service,No internet service,No internet service,No internet service,No internet service,Month-to-month,No,Mailed check,24.68,665.09,No
CUST-102510,Male,0,Yes,No,22,Yes,No,No,No internet service,No internet service,No internet service,No internet service,No internet service,No internet service,One year,Yes,Electronic check,35.08,762.05,No
CUST-102511,Female,0,No,No,24,No,No phone service,Fiber optic,Yes,No,Yes,Yes,No,Yes,Two year,No,Credit card (automatic),92.01,2211.7,No
CUST-102512,Female,1,Yes,Yes,3,Yes,Yes,Fiber optic,No,Yes,No,No,Yes,Yes,Two year,Yes,Bank transfer (automatic),99.9,328.05,Yes
CUST-102513,Female,0,No,Yes,20,Yes,No,Fiber optic,No,No,Yes,No,No,No,Two year,Yes,Mailed check,84.19,1684.82,No
CUST-102514,Male,0,Yes,No,2,Yes,Yes,DSL,Yes,Yes,Yes,No,No,Yes,Month-to-month,Yes,Bank transfer (automatic),71.43,120.69,Yes
CUST-102515,Female,0,No,Yes,7,Yes,No,Fiber optic,No,No,No,No,No,Yes,One year,No,Electronic check,84.25,598.23,No
CUST-102516,Female,0,Yes,No,9,Yes,Yes,Fiber optic,No,Yes,Yes,No,No,Yes,Two year,Yes,Electronic check,92.43,840.03,Yes
CUST-102517,Female,0,Yes,No,8,Yes,No,DSL,Yes,Yes,Yes,Yes,No,No,Month-to-month,Yes,Bank transfer (automatic),73.33,582.83,No
CUST-102518,Male,0,Yes,Yes,2,Yes,Yes,DSL,No,Yes,No,No,No,Yes,Month-to-month,Yes,Electronic check,67.47,155.37,Yes
CUST-102519,Female,0,No,No,11,Yes,Yes,Fiber optic,No,Yes,No,No,No,Yes,Month-to-month,No,Mailed check,88.6,928.82,Yes
CUST-102520,Male,0,No,Yes,14,Yes,No,Fiber optic,Yes,Yes,No,Yes,No,No,Two year,Yes,Credit card (automatic),101.11,1422.68,No
CUST-102521,Male,0,No,Yes,43,Yes,Yes,DSL,No,No,No,Yes,Yes,No,Two year,No,Credit card (automatic),65.89,2848.96,No
CUST-102522,Male,0,Yes,No,41,Yes,No,DSL,No,No,No,No,Yes,No,Two year,Yes,Mailed check,61.41,2488.83,No
CUST-102523,Male,1,No,No,64,Yes,No,DSL,No,No,No,No,No,No,Month-to-month,Yes,Bank transfer (automatic),58.37,3706.01,Yes
CUST-102524,Male,0,Yes,Yes,65,Yes,Yes,No,No internet service,No internet service,No internet service,No internet service,No internet service,No internet service,Two year,Yes,Credit card (automatic),24.5,1612.46,No
CUST-102525,Male,1,No,Yes,26,No,No phone service,No,No internet service,No internet service,No internet service,No internet service,No internet service,No internet service,Month-to-month,No,Credit card (automatic),18.0,491.49,No
CUST-102526,Male,0,No,No,72,Yes,Yes,No,No internet service,No internet service,No internet service,No internet service,No internet service,No internet service,Month-to-month,Yes,Electronic check,29.14,2125.28,No
CUST-102527,Female,0,Yes,Yes,8,Yes,No,No,No internet service,No internet service,No internet service,No internet service,No internet service,No internet service,One year,Yes,Mailed check,22.1,162.94,No
CUST-102528,Male,0,No,No,9,Yes,No,DSL,No,Yes,No,Yes,No,Yes,Two year,No,Electronic check,70.05,634.47,No
CUST-102529,Female,1,No,No,4,Yes,No,DSL,Yes,Yes,No,No,No,Yes,Two year,Yes,Electronic check,79.2,323.47,Yes
CUST-102530,Female,0,Yes,No,1,Yes,No,Fiber optic,No,No,Yes,No,Yes,Yes,Month-to-month,Yes,Electronic check,105.32,71.18,No
CUST-102531,Female,0,Yes,No,2,Yes,No,Fiber optic,No,No,No,No,No,No,Month-to-month,Yes,Bank transfer (automatic),81.59,166.33,Yes
CUST-102532,Female,0,Yes,No,3,Yes,No,Fiber optic,Yes,Yes,Yes,No,Yes,No,Month-to-month,No,Credit card (automatic),104.73,316.96,Yes
CUST-102533,Male,0,Yes,Yes,72,Yes,Yes,DSL,No,No,Yes,No,No,No,Month-to-month,Yes,Credit card (automatic),58.97,4260.75,No
CUST-102534,Female,0,Yes,No,18,Yes,No,No,No internet service,No internet service,No internet service,No internet service,No internet service,No internet service,Two year,No,Mailed check,26.27,461.43,No
CUST-102535,Female,0,No,No,7,Yes,No,DSL,Yes,Yes,No,No,No,No,Month-to-month,No,Mailed check,69.57,512.0,No
CUST-102536,Male,0,Yes,No,8,Yes,No,Fiber optic,Yes,Yes,Yes,No,No,Yes,Month-to-month,Yes,Electronic check,96.2,771.21,Yes
CUST-102537,Male,1,No,No,4,Yes,No,No,No internet service,No internet service,No internet service,No internet service,No internet service,No internet service,Month-to-month,Yes,Electronic check,31.87,161.67,Yes
CUST-102538,Female,0,No,No,14,Yes,Yes,Fiber optic,Yes,Yes,Yes,Yes,No,No,One year,No,Electronic check,94.96,1344.37,No
CUST-102539,Male,0,No,No,12,Yes,Yes,Fiber optic,Yes,No,Yes,No,No,No,Two year,No,Credit card (automatic),85.2,1027.95,No
CUST-102540,Male,0,No,Yes,52,Yes,Yes,Fiber optic,Yes,Yes,No,No,Yes,No,Month-to-month,No,Electronic check,98.15,5080.16,Yes
CUST-102541,Female,0,Yes,No,72,Yes,No,No,No internet service,No internet service,No internet service,No internet service,No internet service,No internet service,Month-to-month,Yes,Bank transfer (automatic),36.14,2575.68,No
CUST-102542,Female,0,Yes,No,7,Yes,No,No,No internet service,No internet service,No internet service,No internet service,No internet service,No internet service,Two year,No,Electronic check,33.71,267.99,Yes
CUST-102543,Male,1,Yes,No,36,Yes,Yes,Fiber optic,No,Yes,No,No,No,No,One year,No,Mailed check,84.36,3054.51,Yes
CUST-102544,Female,0,No,No,21,Yes,No,Fiber optic,Yes,No,Yes,No,Yes,No,Month-to-month,No,Credit card (automatic),95.25,1994.55,Yes
CUST-102545,Male,0,No,No,26,Yes,Yes,No,No internet service,No internet service,No internet service,No internet service,No internet service,No internet service,Month-to-month,Yes,Credit card (automatic),31.13,801.04,No
CUST-102546,Female,0,Yes,No,13,Yes,No,Fiber optic,Yes,Yes,No,Yes,Yes,Yes,Two year,No,Electronic check,114.46,1492.42,Yes
CUST-102547,Female,0,Yes,No,45,Yes,Yes,Fiber optic,Yes,Yes,No,Yes,No,Yes,One year,No,Credit card (automatic),93.96,4201.3,No
CUST-102548,Male,0,No,No,38,Yes,Yes,Fiber optic,No,No,No,No,Yes,Yes,Month-to-month,No,Electronic check,93.49,3543.27,Yes
CUST-102549,Male,0,Yes,No,22,Yes,No,DSL,Yes,No,No,No,No,Yes,Month-to-month,No,Credit card (automatic),61.79,1371.63,No
CUST-102550,Female,1,No,Yes,20,Yes,Yes,Fiber optic,No,Yes,Yes,No,Yes,Yes,Month-to-month,No,Electronic check,102.13,2057.53,No
CUST-102551,Male,0,Yes,Yes,3,Yes,Yes,No,No internet service,No internet service,No internet service,No internet service,No internet service,No internet service,Month-to-month,Yes,Mailed check,22.97,61.55,No
CUST-102552,Male,0,Yes,No,6,Yes,Yes,DSL,Yes,Yes,No,No,Yes,Yes,Month-to-month,Yes,Bank transfer (automatic),71.78,462.68,Yes
CUST-102553,Male,0,Yes,No,7,Yes,No,DSL,Yes,Yes,Yes,Yes,Yes,No,Month-to-month,Yes,Credit card (automatic),74.72,543.94,Yes
CUST-102554,Female,0,Yes,No,1,No,No phone service,DSL,No,No,No,No,Yes,Yes,Month-to-month,No,Credit card (automatic),58.79,43.41,No
CUST-102555,Male,1,Yes,Yes,11,Yes,Yes,Fiber optic,No,No,Yes,Yes,Yes,No,Month-to-month,Yes,Electronic check,97.35,1045.33,Yes
CUST-102556,Female,0,No,Yes,21,Yes,Yes,DSL,No,Yes,Yes,Yes,No,No,Month-to-month,No,Credit card (automatic),63.74,1350.43,No
CUST-102557,Female,1,Yes,No,38,Yes,No,Fiber optic,No,No,No,Yes,No,Yes,Month-to-month,No,Electronic check,87.54,3317.52,Yes
CUST-102558,Male,0,No,No,0,Yes,Yes,DSL,Yes,No,No,Yes,Yes,Yes,Two year,No,Electronic check,80.58,0.0,No
CUST-102559,Female,0,Yes,No,18,Yes,No,DSL,Yes,Yes,No,No,No,Yes,Month-to-month,No,Electronic check,72.15,1303.16,No
CUST-102560,Female,1,Yes,No,63,Yes,No,DSL,No,No,No,No,No,Yes,Two year,No,Electronic check,67.81,4286.42,No
CUST-102561,Male,0,Yes,No,9,Yes,Yes,DSL,Yes,No,Yes,No,No,Yes,Two year,Yes,Electronic check,73.74,679.5,No
CUST-102562,Female,0,Yes,No,2,Yes,No,No,No internet service,No internet service,No internet service,No internet service,No internet service,No internet service,Two year,Yes,Bank transfer (automatic),23.9,48.9,No
CUST-102563,Male,0,Yes,Yes,35,Yes,No,No,No internet service,No internet service,No internet service,No internet service,No internet service,No internet service,Month-to-month,Yes,Electronic check,25.32,840.32,No
CUST-102564,Male,0,Yes,No,12,Yes,No,Fiber optic,No,No,Yes,No,No,No,Month-to-month,No,Bank transfer (automatic),84.99,1038.97,Yes
CUST-102565,Male,0,No,No,24,Yes,No,No,No internet service,No internet service,No internet service,No internet service,No internet service,No internet service,One year,Yes,Electronic check,24.45,570.68,No
CUST-102566,Female,0,No,No,9,Yes,No,DSL,No,No,No,No,No,Yes,Month-to-month,Yes,Bank transfer (automatic),59.7,543.47,No
CUST-102567,Female,0,No,No,18,Yes,Yes,No,No internet service,No internet service,No internet service,No internet service,No internet service,No internet service,Month-to-month,No,Electronic check,21.16,378.44,No
CUST-102568,Male,1,Yes,Yes,70,Yes,No,Fiber optic,Yes,No,Yes,No,Yes,No,Month-to-month,Yes,Electronic check,89.77,6328.78,No
CUST-102569,Female,0,No,Yes,10,Yes,Yes,Fiber optic,Yes,Yes,No,No,Yes,No,One year,No,Bank transfer (automatic),101.04,1051.56,No
CUST-102570,Female,0,No,No,33,Yes,No,Fiber optic,No,Yes,Yes,No,Yes,No,Two year,Yes,Credit card (automatic),95.67,3147.92,No
CUST-102571,Female,0,Yes,No,23,Yes,No,Fiber optic,No,No,Yes,Yes,No,No,Month-to-month,No,Credit card (automatic),84.48,1916.15,Yes
CUST-102572,Female,0,Yes,No,40,Yes,Yes,DSL,No,No,Yes,No,Yes,Yes,Two year,Yes,Mailed check,71.05,2816.67,No
CUST-102573,Male,0,No,No,38,Yes,No,DSL,Yes,Yes,Yes,No,No,Yes,Two year,No,Credit card (automatic),81.86,3116.11,No
CUST-102574,Female,0,No,Yes,21,Yes,No,Fiber optic,No,Yes,Yes,No,Yes,No,Month-to-month,No,Bank transfer (automatic),92.37,1928.98,No
CUST-102575,Male,0,Yes,No,63,Yes,Yes,Fiber optic,Yes,No,Yes,No,Yes,No,Month-to-month,Yes,Credit card (automatic),96.89,6081.85,Yes
CUST-102576,Male,0,Yes,No,1,No,No phone service,No,No internet service,No internet service,No internet service,No internet service,No internet service,No internet service,Month-to-month,Yes,Electronic check,23.49,13.02,No
CUST-102577,Male,0,No,Yes,2,Yes,No,DSL,Yes,Yes,Yes,No,Yes,No,Two year,No,Electronic check,80.78,170.58,No
CUST-102578,Female,0,Yes,No,2,Yes,Yes,Fiber optic,No,No,No,No,No,No,One year,Yes,Electronic check,74.6,147.63,No
CUST-102579,Female,0,No,No,21,Yes,No,Fiber optic,No,Yes,No,No,No,Yes,One year,No,Credit card (automatic),85.4,1783.75,No
CUST-102580,Male,0,No,No,3,Yes,Yes,DSL,No,No,Yes,No,No,No,One year,Yes,Electronic check,52.59,150.63,Yes
CUST-102581,Male,0,No,Yes,18,Yes,No,DSL,No,No,Yes,No,No,Yes,Month-to-month,No,Electronic check,67.92,1219.32,No
CUST-102582,Male,0,No,Yes,22,Yes,Yes,Fiber optic,No,No,Yes,No,Yes,No,Two year,Yes,Bank transfer (automatic),97.97,2159.79,No
CUST-102583,Female,0,Yes,No,20,No,No phone service,Fiber optic,No,No,Yes,No,No,No,Two year,No,Credit card (automatic),77.06,1546.83,No
CUST-102584,Male,0,No,No,12,Yes,No,DSL,No,Yes,No,No,No,Yes,One year,Yes,Mailed check,63.36,727.35,Yes
CUST-102585,Female,1,No,No,18,Yes,No,DSL,No,No,Yes,Yes,No,No,Month-to-month,Yes,Bank transfer (automatic),66.75,1204.83,No
CUST-102586,Male,0,No,No,27,Yes,No,DSL,No,No,No,Yes,Yes,No,Month-to-month,Yes,Electronic check,64.12,1724.0,No
CUST-102587,Male,0,Yes,No,48,Yes,No,No,No internet service,No internet service,No internet service,No internet service,No internet service,No internet service,Month-to-month,No,Credit card (automatic),24.67,1163.88,No
CUST-102588,Female,0,Yes,Yes,3,Yes,No,No,No internet service,No internet service,No internet service,No internet service,No internet service,No internet service,Month-to-month,No,Electronic check,26.67,72.56,No
CUST-102589,Male,0,Yes,No,42,Yes,Yes,DSL,No,Yes,Yes,No,No,Yes,One year,No,Electronic check,67.68,2865.68,No
CUST-102590,Male,0,Yes,No,19,No,No phone service,Fiber optic,No,Yes,No,Yes,No,No,Two year,No,Mailed check,77.19,1482.78,Yes
CUST-102591,Male,0,No,Yes,2,Yes,No,No,No internet service,No internet service,No internet service,No internet service,No internet service,No internet service,Two year,No,Electronic check,32.89,67.72,No
CUST-102592,Female,0,No,Yes,13,Yes,Yes,DSL,No,No,No,Yes,No,No,Month-to-month,Yes,Bank transfer (automatic),55.94,709.28,No
CUST-102593,Male,0,No,No,14,Yes,No,DSL,Yes,No,Yes,Yes,Yes,Yes,Month-to-month,No,Bank transfer (automatic),76.65,1045.91,No
CUST-102594,Male,0,No,No,17,No,No phone service,DSL,No,No,Yes,Yes,No,Yes,Month-to-month,Yes,Electronic check,64.34,1074.94,No
CUST-102595,Male,0,Yes,No,18,No,No phone service,DSL,No,Yes,Yes,No,No,Yes,Two year,Yes,Electronic check,58.18,1047.48,No
CUST-102596,Female,0,Yes,Yes,62,Yes,No,No,No internet service,No internet service,No internet service,No internet service,No internet service,No internet service,One year,No,Electronic check,24.31,1507.89,No
CUST-102597,Female,0,Yes,No,17,Yes,No,No,No internet service,No internet service,No internet service,No internet service,No internet service,No internet service,Month-to-month,No,Electronic check,30.8,510.57,No
CUST-102598,Female,0,Yes,Yes,20,Yes,Yes,Fiber optic,No,Yes,No,No,Yes,Yes,One year,Yes,Credit card (automatic),96.1,1939.56,No
CUST-102599,Male,1,Yes,Yes,4,Yes,Yes,DSL,No,No,No,No,No,No,One year,Yes,Bank transfer (automatic),51.19,212.45,No
CUST-102600,Female,0,Yes,No,16,Yes,No,No,No internet service,No internet service,No internet service,No internet service,No internet service,No internet service,Month-to-month,No,Electronic check,28.17,397.69,No
CUST-102601,Male,0,Yes,No,48,Yes,Yes,DSL,Yes,Yes,Yes,Yes,Yes,No,Month-to-month,No,Electronic check,78.85,3786.98,Yes
CUST-102602,Female,0,No,No,19,Yes,No,DSL,No,No,No,No,Yes,Yes,Month-to-month,Yes,Credit card (automatic),67.28,1293.43,Yes
CUST-102603,Female,0,Yes,No,10,Yes,No,DSL,Yes,No,No,No,No,No,Month-to-month,No,Credit card (automatic),48.63,490.35,No
CUST-102604,Female,1,Yes,No,5,Yes,No,No,No internet service,No internet service,No internet service,No internet service,No internet service,No internet service,One year,Yes,Credit card (automatic),27.31,148.18,No
CUST-102605,Female,0,Yes,Yes,8,No,No phone service,Fiber optic,No,No,No,No,Yes,Yes,Month-to-month,Yes,Electronic check,92.45,734.33,No
CUST-102606,Female,0,No,No,9,Yes,Yes,Fiber optic,No,Yes,Yes,No,Yes,No,One year,No,Mailed check,97.52,876.37,Yes
CUST-102607,Male,0,No,No,3,Yes,No,Fiber optic,No,No,No,No,No,Yes,One year,Yes,Electronic check,84.5,252.61,No
CUST-102608,Female,1,Yes,No,72,Yes,Yes,DSL,Yes,No,Yes,No,No,No,Month-to-month,No,Credit card (automatic),63.88,4603.04,No
CUST-102609,Female,0,Yes,No,10,Yes,Yes,Fiber optic,No,No,Yes,No,Yes,Yes,Two year,Yes,Mailed check,100.51,993.52,No
CUST-102610,Female,0,No,No,5,Yes,No,No,No internet service,No internet service,No internet service,No internet service,No internet service,No internet service,Month-to-month,No,Bank transfer (automatic),24.63,145.0,Yes
CUST-102611,Female,0,No,Yes,10,Yes,No,No,No internet service,No internet service,No internet service,No internet service,No internet service,No internet service,One year,Yes,Electronic check,33.03,358.76,Yes
CUST-102612,Male,0,No,No,5,Yes,No,Fiber optic,No,No,No,No,Yes,No,Month-to-month,No,Bank transfer (automatic),86.65,422.63,No
CUST-102613,Female,0,No,No,39,Yes,No,DSL,No,No,No,No,Yes,No,One year,No,Electronic check,59.75,2306.88,No
CUST-102614,Male,0,No,Yes,11,Yes,Yes,No,No internet service,No internet service,No internet service,No internet service,No internet service,No internet service,Month-to-month,Yes,Credit card (automatic),34.36,351.05,No
CUST-102615,Female,0,No,No,0,Yes,Yes,Fiber optic,No,Yes,Yes,No,Yes,No,Month-to-month,No,Electronic check,86.73,8.1,Yes
CUST-102616,Female,0,Yes,No,13,Yes,Yes,DSL,No,No,Yes,No,No,Yes,Month-to-month,Yes,Credit card (automatic),60.3,795.66,Yes
CUST-102617,Male,1,No,No,27,Yes,Yes,DSL,No,Yes,No,No,No,No,One year,Yes,Electronic check,60.57,1643.57,No
CUST-102618,Female,0,Yes,No,0,Yes,Yes,DSL,No,No,No,No,No,Yes,One year,No,Bank transfer (automatic),63.7,9.9,No
CUST-102619,Female,0,No,No,11,Yes,No,Fiber optic,Yes,Yes,No,No,Yes,Yes,One year,No,Bank transfer (automatic),110.59,1205.12,No
CUST-102620,Female,1,Yes,Yes,26,Yes,No,Fiber optic,No,No,No,No,No,No,Month-to-month,No,Mailed check,68.98,1753.68,Yes
CUST-102621,Male,0,Yes,Yes,3,Yes,Yes,DSL,No,No,No,No,No,Yes,One year,No,Electronic check,64.43,183.34,No
CUST-102622,Male,1,No,Yes,7,Yes,No,DSL,No,No,No,Yes,No,No,One year,Yes,Mailed check,53.02,404.22,No
CUST-102623,Female,0,No,Yes,22,Yes,Yes,Fiber optic,No,Yes,Yes,No,No,Yes,Month-to-month,Yes,Electronic check,96.68,2132.26,Yes
CUST-102624,Female,1,Yes,Yes,72,Yes,Yes,Fiber optic,Yes,Yes,No,No,No,No,Month-to-month,Yes,Bank transfer (automatic),87.74,6325.77,No
CUST-102625,Female,0,No,No,9,Yes,No,DSL,No,Yes,No,No,No,No,Month-to-month,Yes,Electronic check,61.4,570.69,Yes
CUST-102626,Female,0,Yes,Yes,54,Yes,No,DSL,No,No,No,No,No,No,Two year,No,Electronic check,52.06,2794.44,No
CUST-102627,Male,0,Yes,No,49,Yes,No,No,No internet service,No internet service,No internet service,No internet service,No internet service,No internet service,Month-to-month,Yes,Electronic check,32.04,1574.43,No
CUST-102628,Female,0,No,Yes,13,Yes,Yes,No,No internet service,No internet service,No internet service,No internet service,No internet service,No internet service,Month-to-month,Yes,Electronic check,24.69,331.21,Yes
CUST-102629,Male,1,Yes,No,14,Yes,No,Fiber optic,No,Yes,No,No,Yes,No,Two year,Yes,Electronic check,90.67,1250.73,No
CUST-102630,Female,0,Yes,No,2,Yes,No,Fiber optic,Yes,No,Yes,No,No,No,Two year,Yes,Bank transfer (automatic),87.77,182.82,No
CUST-102631,Female,0,No,Yes,4,Yes,No,No,No internet service,No internet service,No internet service,No internet service,No internet service,No internet service,Month-to-month,No,Electronic check,34.71,164.75,No
CUST-102632,Female,0,Yes,No,2,No,No phone service,DSL,Yes,Yes,No,No,No,No,Two year,Yes,Credit card (automatic),58.33,108.65,No
CUST-102633,Female,0,Yes,No,72,No,No phone service,No,No internet service,No internet service,No internet service,No internet service,No internet service,No internet service,Month-to-month,No,Bank transfer (automatic),20.82,1464.59,No
CUST-102634,Male,0,Yes,No,32,No,No phone service,Fiber optic,Yes,No,No,No,No,No,Two year,No,Mailed check,77.56,2485.37,No
CUST-102635,Male,0,No,Yes,10,Yes,Yes,Fiber optic,Yes,No,No,Yes,No,No,Month-to-month,Yes,Credit card (automatic),92.34,910.27,No
CUST-102636,Male,0,Yes,No,10,Yes,Yes,Fiber optic,No,No,Yes,No,Yes,No,Month-to-month,No,Bank transfer (automatic),91.5,918.62,Yes
CUST-102637,Female,1,Yes,No,25,Yes,No,DSL,No,No,Yes,Yes,No,Yes,Two year,No,Bank transfer (automatic),65.9,1630.66,No
CUST-102638,Male,0,No,No,72,Yes,Yes,No,No internet service,No internet service,No internet service,No internet service,No internet service,No internet service,Month-to-month,Yes,Electronic check,30.51,2197.94,No
CUST-102639,Female,0,Yes,Yes,20,Yes,No,Fiber optic,Yes,No,No,No,No,Yes,Two year,No,Bank transfer (automatic),90.89,1842.34,Yes
CUST-102640,Male,0,Yes,Yes,9,Yes,No,DSL,No,No,No,No,Yes,No,Month-to-month,Yes,Electronic check,59.59,535.75,No
CUST-102641,Male,0,No,No,30,Yes,No,Fiber optic,No,Yes,Yes,No,No,No,Month-to-month,Yes,Mailed check,83.86,2482.82,No
CUST-102642,Male,0,No,No,9,Yes,Yes,No,No internet service,No internet service,No internet service,No internet service,No internet service,No internet service,Two year,No,Electronic check,30.32,280.39,No
CUST-102643,Male,0,Yes,Yes,72,Yes,No,No,No internet service,No internet service,No internet service,No internet service,No internet service,No internet service,Month-to-month,No,Mailed check,30.05,2164.0,Yes
CUST-102644,Male,0,No,No,12,Yes,Yes,Fiber optic,No,No,Yes,Yes,No,No,Two year,No,Bank transfer (automatic),83.18,1002.42,Yes
CUST-102645,Male,0,No,No,3,Yes,Yes,DSL,No,No,Yes,No,Yes,No,Two year,No,Electronic check,60.58,201.2,No
CUST-102646,Female,0,Yes,Yes,17,Yes,Yes,Fiber optic,No,Yes,Yes,No,Yes,No,Month-to-month,No,Electronic check,102.57,1733.19,No
CUST-102647,Female,0,No,Yes,26,Yes,Yes,DSL,Yes,Yes,Yes,No,No,No,Month-to-month,No,Credit card (automatic),70.44,1825.68,No
CUST-102648,Female,0,No,No,17,Yes,No,No,No internet service,No internet service,No internet service,No internet service,No internet service,No internet service,Month-to-month,Yes,Electronic check,28.35,461.36,No
CUST-102649,Male,0,No,No,12,Yes,Yes,Fiber optic,No,No,No,Yes,No,No,Month-to-month,Yes,Electronic check,85.42,1028.91,No
CUST-102650,Female,0,No,No,14,Yes,No,No,No internet service,No internet service,No internet service,No internet service,No internet service,No internet service,Month-to-month,Yes,Electronic check,26.13,369.16,No
CUST-102651,Female,0,No,No,16,Yes,No,DSL,Yes,No,No,No,Yes,Yes,Month-to-month,No,Credit card (automatic),73.31,1167.77,No
CUST-102652,Female,0,No,Yes,30,Yes,No,No,No internet service,No internet service,No internet service,No internet service,No internet service,No internet service,Two year,Yes,Bank transfer (automatic),28.09,857.64,No
CUST-102653,Male,0,No,No,1,No,No phone service,No,No internet service,No internet service,No internet service,No internet service,No internet service,No internet service,Month-to-month,Yes,Bank transfer (automatic),23.86,3.13,Yes
CUST-102654,Female,0,No,No,31,No,No phone service,Fiber optic,No,No,Yes,No,Yes,Yes,One year,Yes,Credit card (automatic),84.35,2617.39,Yes
CUST-102655,Female,0,No,No,4,Yes,No,No,No internet service,No internet service,No internet service,No internet service,No internet service,No internet service,Month-to-month,Yes,Bank transfer (automatic),23.92,107.7,No
CUST-102656,Male,1,No,No,2,Yes,Yes,Fiber optic,No,Yes,No,Yes,No,No,Month-to-month,Yes,Credit card (automatic),83.1,155.36,Yes
CUST-102657,Male,0,No,No,2,Yes,No,DSL,No,No,No,No,Yes,No,Month-to-month,Yes,Bank transfer (automatic),64.41,101.35,Yes
CUST-102658,Female,0,Yes,No,19,No,No phone service,DSL,Yes,Yes,No,No,No,Yes,Month-to-month,Yes,Credit card (automatic),62.6,1155.49,Yes
CUST-102659,Male,0,Yes,No,61,Yes,Yes,DSL,No,Yes,No,No,No,No,One year,Yes,Bank transfer (automatic),54.33,3317.24,No
CUST-102660,Male,0,No,Yes,2,Yes,No,DSL,No,No,Yes,No,No,No,Month-to-month,Yes,Electronic check,56.11,146.1,No
CUST-102661,Female,0,Yes,No,22,Yes,No,Fiber optic,No,Yes,No,No,Yes,Yes,Two year,No,Electronic check,96.47,2110.15,No
CUST-102662,Male,1,No,No,69,Yes,No,DSL,No,Yes,Yes,No,Yes,Yes,Two year,Yes,Electronic check,72.26,4994.97,No
CUST-102663,Male,0,No,No,42,Yes,Yes,DSL,Yes,Yes,No,No,No,No,Month-to-month,Yes,Mailed check,68.04,2809.17,No
CUST-102664,Male,0,No,Yes,8,Yes,Yes,DSL,No,Yes,No,Yes,Yes,Yes,Two year,Yes,Credit card (automatic),78.4,634.67,No
CUST-102665,Female,0,Yes,No,39,Yes,No,Fiber optic,No,Yes,No,Yes,Yes,Yes,Two year,No,Bank transfer (automatic),109.13,4234.3,No
CUST-102666,Male,0,No,No,5,Yes,No,No,No internet service,No internet service,No internet service,No internet service,No internet service,No internet service,Month-to-month,Yes,Bank transfer (automatic),22.2,103.13,No
CUST-102667,Female,0,Yes,No,70,No,No phone service,Fiber optic,Yes,Yes,Yes,No,Yes,No,Two year,Yes,Bank transfer (automatic),94.02,6582.98,No
CUST-102668,Male,0,No,No,0,Yes,No,Fiber optic,No,No,Yes,Yes,No,No,Month-to-month,No,Credit card (automatic),81.23,0.0,No
CUST-102669,Female,0,Yes,Yes,16,Yes,Yes,No,No internet service,No internet service,No internet service,No internet service,No internet service,No internet service,One year,No,Bank transfer (automatic),37.78,667.39,No
CUST-102670,Female,1,No,No,6,Yes,Yes,Fiber optic,No,No,Yes,Yes,Yes,No,Month-to-month,Yes,Electronic check,88.08,516.37,Yes
CUST-102671,Female,0,No,No,20,Yes,No,Fiber optic,No,Yes,Yes,No,Yes,No,Two year,Yes,Mailed check,102.18,2055.74,No
CUST-102672,Female,1,No,No,0,Yes,Yes,Fiber optic,Yes,No,Yes,Yes,Yes,No,Two year,Yes,Mailed check,99.92,29.85,No
CUST-102673,Male,0,No,Yes,10,Yes,No,No,No internet service,No internet service,No internet service,No internet service,No internet service,No internet service,Two year,Yes,Electronic check,27.27,278.56,No
CUST-102674,Female,0,Yes,Yes,29,Yes,Yes,DSL,No,No,Yes,Yes,No,No,Two year,Yes,Electronic check,64.36,1841.89,No
CUST-102675,Female,0,Yes,No,2,Yes,No,No,No internet service,No internet service,No internet service,No internet service,No internet service,No internet service,Month-to-month,No,Electronic check,24.25,50.55,Yes
CUST-102676,Female,0,Yes,Yes,72,Yes,Yes,Fiber optic,No,Yes,No,No,Yes,No,One year,Yes,Electronic check,94.14,6741.33,No
CUST-102677,Female,1,No,No,19,Yes,Yes,DSL,No,Yes,Yes,Yes,No,Yes,Month-to-month,Yes,Electronic check,78.43,1483.55,Yes
CUST-102678,Female,0,No,Yes,2,Yes,Yes,Fiber optic,No,Yes,No,No,No,Yes,Month-to-month,Yes,Credit card (automatic),91.05,215.64,Yes
CUST-102679,Male,1,Yes,No,7,Yes,No,No,No internet service,No internet service,No internet service,No internet service,No internet service,No internet service,Month-to-month,Yes,Mailed check,29.0,174.78,Yes
CUST-102680,Male,0,Yes,No,36,Yes,No,No,No internet service,No internet service,No internet service,No internet service,No internet service,No internet service,Two year,Yes,Credit card (automatic),35.72,1269.44,No
CUST-102681,Male,0,Yes,No,2,Yes,No,No,No internet service,No internet service,No internet service,No internet service,No internet service,No internet service,One year,Yes,Electronic check,30.6,98.27,No
CUST-102682,Male,0,No,Yes,31,Yes,No,Fiber optic,No,No,No,Yes,No,No,Month-to-month,Yes,Credit card (automatic),79.87,2472.49,Yes
CUST-102683,Female,0,Yes,Yes,24,Yes,Yes,Fiber optic,Yes,No,Yes,No,No,Yes,Two year,Yes,Bank transfer (automatic),98.0,2334.13,No
CUST-102684,Female,1,Yes,Yes,4,Yes,No,No,No internet service,No internet service,No internet service,No internet service,No internet service,No internet service,Two year,Yes,Credit card (automatic),25.85,111.18,No
CUST-102685,Male,0,Yes,Yes,47,Yes,Yes,DSL,No,Yes,No,No,No,Yes,Month-to-month,No,Mailed check,63.07,2954.91,No
CUST-102686,Male,0,Yes,No,46,Yes,Yes,DSL,No,Yes,No,No,Yes,Yes,Month-to-month,Yes,Bank transfer (automatic),76.05,3443.98,No
CUST-102687,Female,0,Yes,No,7,Yes,No,Fiber optic,No,Yes,No,Yes,Yes,Yes,One year,Yes,Mailed check,99.96,672.51,No
CUST-102688,Female,0,Yes,Yes,22,Yes,No,Fiber optic,Yes,No,No,No,No,No,One year,No,Mailed check,83.19,1871.32,No
CUST-102689,Female,0,No,Yes,24,Yes,No,Fiber optic,No,Yes,No,Yes,No,Yes,Month-to-month,No,Bank transfer (automatic),98.7,2375.36,Yes
CUST-102690,Female,0,No,No,12,Yes,Yes,No,No internet service,No internet service,No internet service,No internet service,No internet service,No internet service,Month-to-month,Yes,Electronic check,35.64,456.95,No
CUST-102691,Female,0,Yes,Yes,2,Yes,No,DSL,No,No,No,No,Yes,Yes,Month-to-month,Yes,Electronic check,71.55,122.52,No
CUST-102692,Female,0,No,No,20,Yes,No,No,No internet service,No internet service,No internet service,No internet service,No internet service,No internet service,Month-to-month,Yes,Credit card (automatic),22.12,441.3,No
CUST-102693,Male,0,No,No,16,Yes,No,Fiber optic,No,No,No,Yes,No,No,Month-to-month,Yes,Electronic check,77.74,1240.46,Yes
CUST-102694,Female,0,No,Yes,16,Yes,No,No,No internet service,No internet service,No internet service,No internet service,No internet service,No internet service,Month-to-month,No,Bank transfer (automatic),34.91,547.61,No
CUST-102695,Male,0,No,No,7,Yes,Yes,Fiber optic,Yes,No,No,Yes,No,No,Month-to-month,No,Electronic check,85.46,602.42,Yes
CUST-102696,Male,0,Yes,Yes,0,Yes,Yes,Fiber optic,Yes,Yes,No,Yes,No,No,One year,Yes,Mailed check,86.93,0.0,Yes
CUST-102697,Male,1,No,No,39,Yes,No,Fiber optic,No,No,Yes,Yes,Yes,Yes,Month-to-month,Yes,Electronic check,98.98,3884.41,No
CUST-102698,Male,0,No,No,44,Yes,Yes,Fiber optic,No,No,No,Yes,No,No,Month-to-month,Yes,Mailed check,86.18,3801.27,No
CUST-102699,Male,0,No,No,30,Yes,No,DSL,No,No,No,Yes,Yes,No,Month-to-month,Yes,Credit card (automatic),66.45,1990.02,Yes
CUST-102700,Female,0,Yes,No,17,Yes,No,DSL,No,No,No,No,Yes,Yes,Two year,Yes,Credit card (automatic),71.59,1219.7,No
CUST-102701,Female,0,Yes,No,16,No,No phone service,DSL,No,No,No,No,Yes,Yes,Month-to-month,Yes,Electronic check,60.87,967.87,Yes
CUST-102702,Male,0,Yes,No,12,Yes,No,Fiber optic,Yes,Yes,Yes,No,Yes,Yes,Month-to-month,No,Electronic check,103.59,1208.61,Yes
CUST-102703,Female,0,No,No,3,No,No phone service,Fiber optic,No,No,Yes,Yes,No,Yes,Month-to-month,No,Credit card (automatic),79.85,219.74,Yes
CUST-102704,Male,0,No,No,68,Yes,No,Fiber optic,No,No,No,Yes,No,Yes,One year,No,Electronic check,87.66,5957.28,No
CUST-102705,Male,0,Yes,No,6,Yes,Yes,Fiber optic,No,No,No,No,No,Yes,Month-to-month,No,Electronic check,86.49,511.88,Yes
CUST-102706,Female,0,No,No,1,Yes,No,DSL,Yes,No,Yes,Yes,Yes,No,Month-to-month,No,Mailed check,70.27,83.22,No
CUST-102707,Male,0,Yes,Yes,6,Yes,Yes,DSL,No,No,No,No,No,No,Two year,No,Credit card (automatic),56.93,352.79,No
CUST-102708,Female,0,Yes,Yes,10,Yes,Yes,Fiber optic,No,No,No,No,No,No,One year,Yes,Electronic check,74.0,728.8,No
CUST-102709,Female,0,No,No,12,No,No phone service,No,No internet service,No internet service,No internet service,No internet service,No internet service,No internet service,Month-to-month,Yes,Electronic check,18.0,196.86,Yes
CUST-102710,Male,0,No,Yes,14,Yes,Yes,Fiber optic,No,Yes,No,No,No,No,Month-to-month,Yes,Credit card (automatic),83.0,1177.1,No
CUST-102711,Male,0,No,No,37,No,No phone service,Fiber optic,No,Yes,No,No,Yes,Yes,Two year,No,Credit card (automatic),94.04,3483.27,No
CUST-102712,Female,0,No,Yes,72,Yes,Yes,No,No internet service,No internet service,No internet service,No internet service,No internet service,No internet service,Two year,No,Bank transfer (automatic),33.97,2433.41,No
CUST-102713,Female,0,No,No,26,Yes,No,No,No internet service,No internet service,No internet service,No internet service,No internet service,No internet service,One year,Yes,Bank transfer (automatic),21.55,537.46,No
CUST-102714,Female,0,No,No,72,No,No phone service,Fiber optic,No,No,Yes,No,Yes,No,One year,No,Credit card (automatic),87.69,6300.16,No
CUST-102715,Male,0,Yes,No,6,Yes,Yes,DSL,No,No,Yes,No,No,Yes,Two year,No,Bank transfer (automatic),65.74,402.28,No
CUST-102716,Male,0,No,No,27,Yes,No,DSL,No,No,Yes,No,No,No,Two year,No,Bank transfer (automatic),54.52,1505.78,No
CUST-102717,Female,0,No,Yes,5,Yes,Yes,Fiber optic,No,No,Yes,Yes,No,No,Month-to-month,Yes,Mailed check,89.72,444.36,No
CUST-102718,Female,1,Yes,Yes,27,Yes,Yes,Fiber optic,Yes,No,Yes,No,Yes,No,Two year,Yes,Electronic check,100.42,2694.68,No
CUST-102719,Male,0,Yes,No,3,Yes,No,DSL,No,Yes,No,Yes,Yes,No,One year,Yes,Credit card (automatic),64.28,235.98,No
CUST-102720,Female,0,Yes,No,5,No,No phone service,DSL,No,No,No,No,Yes,No,One year,Yes,Bank transfer (automatic),51.28,248.96,Yes
CUST-102721,Female,0,Yes,No,5,No,No phone service,No,No internet service,No internet service,No internet service,No internet service,No internet service,No internet service,Month-to-month,No,Electronic check,18.0,74.12,No
CUST-102722,Male,0,No,No,14,Yes,Yes,DSL,No,No,Yes,No,Yes,No,Month-to-month,Yes,Bank transfer (automatic),67.5,936.85,No
CUST-102723,Male,0,Yes,No,31,Yes,No,No,No internet service,No internet service,No internet service,No internet service,No internet service,No internet service,Two year,Yes,Credit card (automatic),33.84,1039.9,No
CUST-102724,Female,0,No,No,0,Yes,No,No,No internet service,No internet service,No internet service,No internet service,No internet service,No internet service,One year,Yes,Electronic check,28.29,25.41,Yes
CUST-102725,Female,1,Yes,No,50,Yes,No,Fiber optic,Yes,Yes,No,Yes,No,Yes,Month-to-month,Yes,Bank transfer (automatic),99.83,4958.03,Yes
CUST-102726,Male,0,Yes,No,3,Yes,Yes,DSL,Yes,Yes,No,No,No,Yes,One year,Yes,Electronic check,72.78,230.23,Yes
CUST-102727,Male,0,Yes,Yes,24,Yes,Yes,No,No internet service,No internet service,No internet service,No internet service,No internet service,No internet service,Month-to-month,No,Bank transfer (automatic),27.06,649.22,Yes
CUST-102728,Female,0,Yes,Yes,9,Yes,No,Fiber optic,Yes,Yes,No,No,No,No,Month-to-month,Yes,Credit card (automatic),79.32,702.75,No
CUST-102729,Male,0,No,No,2,No,No phone service,DSL,No,Yes,No,Yes,Yes,No,One year,No,Credit card (automatic),65.07,123.42,Yes
CUST-102730,Female,1,Yes,No,7,Yes,No,Fiber optic,No,No,Yes,Yes,Yes,Yes,One year,Yes,Credit card (automatic),106.94,743.57,No
CUST-102731,Female,0,Yes,No,3,Yes,No,DSL,No,No,Yes,No,No,No,Month-to-month,Yes,Bank transfer (automatic),61.29,185.63,Yes
CUST-102732,Female,0,Yes,No,7,Yes,Yes,Fiber optic,Yes,No,No,Yes,No,No,Month-to-month,No,Mailed check,83.38,574.63,No
CUST-102733,Male,0,Yes,Yes,0,Yes,No,No,No internet service,No internet service,No internet service,No internet service,No internet service,No internet service,Month-to-month,No,Bank transfer (automatic),30.43,0.0,Yes
CUST-102734,Male,0,No,No,34,Yes,No,Fiber optic,Yes,No,Yes,Yes,No,No,One year,No,Electronic check,98.13,3320.87,No
CUST-102735,Male,0,No,Yes,35,Yes,Yes,No,No internet service,No internet service,No internet service,No internet service,No internet service,No internet service,Two year,No,Mailed check,38.12,1377.84,No
CUST-102736,Female,0,Yes,No,50,No,No phone service,Fiber optic,No,No,No,No,No,No,One year,Yes,Mailed check,71.92,3616.19,No
CUST-102737,Male,1,No,Yes,34,Yes,No,No,No internet service,No internet service,No internet service,No internet service,No internet service,No internet service,One year,No,Mailed check,31.94,1095.73,No
CUST-102738,Male,0,No,No,72,No,No phone service,Fiber optic,Yes,No,Yes,Yes,No,Yes,Month-to-month,Yes,Mailed check,88.03,6329.28,No
CUST-102739,Male,0,No,No,1,Yes,No,DSL,Yes,Yes,No,Yes,Yes,No,Month-to-month,No,Mailed check,71.51,87.94,Yes
CUST-102740,Male,0,No,Yes,1,Yes,Yes,No,No internet service,No internet service,No internet service,No internet service,No internet service,No internet service,Two year,No,Electronic check,31.95,37.94,No
CUST-102741,Male,0,Yes,Yes,3,No,No phone service,No,No internet service,No internet service,No internet service,No internet service,No internet service,No internet service,Month-to-month,No,Electronic check,18.0,56.38,No
CUST-102742,Female,0,No,Yes,11,Yes,Yes,Fiber optic,No,Yes,No,No,No,No,Month-to-month,No,Mailed check,83.62,909.16,No
CUST-102743,Female,0,No,No,25,No,No phone service,No,No internet service,No internet service,No internet service,No internet service,No internet service,No internet service,Month-to-month,No,Electronic check,25.72,648.49,No
CUST-102744,Male,0,Yes,No,2,Yes,Yes,DSL,No,No,No,Yes,No,Yes,One year,Yes,Credit card (automatic),68.85,171.37,No
CUST-102745,Male,0,No,No,18,Yes,No,DSL,No,No,Yes,No,Yes,Yes,Month-to-month,Yes,Electronic check,75.82,1366.37,No
CUST-102746,Male,1,No,Yes,41,Yes,No,DSL,Yes,No,No,No,Yes,No,Month-to-month,No,Credit card (automatic),65.8,2692.53,No
CUST-102747,Female,0,Yes,No,59,Yes,No,Fiber optic,Yes,No,No,No,Yes,Yes,One year,No,Electronic check,97.36,5746.22,Yes
CUST-102748,Male,0,No,Yes,7,Yes,No,DSL,No,Yes,No,Yes,No,No,Month-to-month,Yes,Credit card (automatic),71.62,502.22,Yes
CUST-102749,Female,0,No,No,42,Yes,Yes,DSL,No,Yes,No,No,No,Yes,Month-to-month,No,Bank transfer (automatic),70.93,2968.12,No
CUST-102750,Male,0,No,No,14,Yes,Yes,No,No internet service,No internet service,No internet service,No internet service,No internet service,No internet service,Two year,Yes,Credit card (automatic),31.39,424.64,No
CUST-102751,Male,0,No,No,3,Yes,Yes,Fiber optic,No,No,No,No,Yes,Yes,Two year,No,Credit card (automatic),94.11,298.2,Yes
CUST-102752,Female,0,No,No,3,Yes,No,No,No internet service,No internet service,No internet service,No internet service,No internet service,No internet service,Month-to-month,No,Bank transfer (automatic),25.66,101.09,No
CUST-102753,Female,0,No,No,8,Yes,No,DSL,No,No,No,No,Yes,No,Month-to-month,Yes,Electronic check,65.32,567.88,No
CUST-102754,Female,1,No,No,10,Yes,Yes,DSL,Yes,Yes,No,No,No,Yes,Month-to-month,Yes,Mailed check,69.77,706.87,No
CUST-102755,Female,0,Yes,No,5,No,No phone service,No,No internet service,No internet service,No internet service,No internet service,No internet service,No internet service,Month-to-month,No,Electronic check,20.31,103.88,Yes
CUST-102756,Female,0,Yes,No,17,Yes,No,Fiber optic,No,No,No,No,Yes,No,Two year,Yes,Credit card (automatic),88.46,1521.86,No
CUST-102757,Female,0,No,No,20,Yes,Yes,Fiber optic,Yes,No,No,Yes,Yes,Yes,One year,No,Credit card (automatic),104.84,2078.64,No
CUST-102758,Male,1,No,No,37,Yes,No,No,No internet service,No internet service,No internet service,No internet service,No internet service,No internet service,Month-to-month,Yes,Electronic check,34.2,1278.25,No
CUST-102759,Male,0,Yes,No,4,Yes,Yes,DSL,Yes,No,No,No,No,No,One year,Yes,Bank transfer (automatic),52.72,231.66,Yes
CUST-102760,Male,1,No,No,30,Yes,Yes,Fiber optic,No,No,Yes,No,Yes,Yes,Month-to-month,Yes,Electronic check,98.27,2968.58,No
CUST-102761,Male,1,No,No,15,No,No phone service,Fiber optic,Yes,No,Yes,No,Yes,No,Month-to-month,No,Bank transfer (automatic),95.55,1466.6,No
CUST-102762,Male,0,No,Yes,24,Yes,No,DSL,Yes,No,No,No,Yes,No,Two year,Yes,Bank transfer (automatic),69.59,1658.19,No
CUST-102763,Male,0,Yes,Yes,19,Yes,No,Fiber optic,Yes,No,No,No,Yes,Yes,Month-to-month,No,Mailed check,98.21,1856.14,No
CUST-102764,Male,0,No,No,22,Yes,Yes,Fiber optic,Yes,No,Yes,No,Yes,Yes,Month-to-month,No,Credit card (automatic),106.2,2332.1,No
CUST-102765,Female,0,Yes,No,21,Yes,Yes,DSL,No,No,No,No,Yes,No,Two year,No,Electronic check,60.81,1254.7,No
CUST-102766,Male,0,Yes,No,69,Yes,No,Fiber optic,No,No,Yes,Yes,Yes,No,Month-to-month,Yes,Credit card (automatic),100.87,6970.8,No
CUST-102767,Female,0,No,Yes,11,Yes,No,Fiber optic,Yes,No,No,No,No,Yes,Month-to-month,Yes,Bank transfer (automatic),94.29,1050.69,Yes
CUST-102768,Male,0,No,No,3,Yes,Yes,Fiber optic,Yes,No,No,No,No,No,Month-to-month,No,Electronic check,79.53,249.82,Yes
CUST-102769,Female,0,Yes,Yes,3,Yes,Yes,No,No internet service,No internet service,No internet service,No internet service,No internet service,No internet service,Month-to-month,Yes,Mailed check,28.95,89.84,No
CUST-102770,Female,1,No,No,16,Yes,No,Fiber optic,No,No,No,Yes,Yes,No,Month-to-month,No,Electronic check,92.67,1502.84,Yes
CUST-102771,Male,0,No,No,7,Yes,Yes,Fiber optic,Yes,No,No,No,No,No,Month-to-month,No,Bank transfer (automatic),84.87,605.59,No
CUST-102772,Male,0,Yes,No,9,Yes,Yes,No,No internet service,No internet service,No internet service,No internet service,No internet service,No internet service,Month-to-month,No,Credit card (automatic),29.27,251.38,No
CUST-102773,Female,1,Yes,No,1,Yes,Yes,No,No internet service,No internet service,No internet service,No internet service,No internet service,No internet service,Month-to-month,No,Electronic check,30.26,0.0,No
CUST-102774,Female,0,No,Yes,14,No,No phone service,DSL,No,Yes,No,No,Yes,Yes,One year,No,Electronic check,67.68,940.9,No
CUST-102775,Male,0,No,Yes,37,Yes,No,DSL,Yes,Yes,No,No,No,No,Two year,No,Mailed check,60.12,2225.22,No
CUST-102776,Female,0,Yes,No,10,Yes,No,DSL,No,Yes,No,Yes,Yes,No,One year,No,Electronic check,69.17,692.65,No
CUST-102777,Female,1,No,No,8,Yes,No,DSL,Yes,No,No,No,Yes,No,One year,Yes,Electronic check,64.98,516.26,No
CUST-102778,Male,0,No,Yes,7,Yes,No,Fiber optic,No,Yes,Yes,No,Yes,Yes,Two year,Yes,Bank transfer (automatic),103.38,712.92,No
CUST-102779,Male,0,No,No,11,Yes,No,Fiber optic,No,No,Yes,Yes,Yes,No,Month-to-month,Yes,Mailed check,94.0,1017.06,Yes
CUST-102780,Male,0,No,No,72,Yes,Yes,No,No internet service,No internet service,No internet service,No internet service,No internet service,No internet service,Month-to-month,No,Credit card (automatic),32.41,2312.86,No
CUST-102781,Female,0,Yes,No,9,Yes,No,Fiber optic,Yes,Yes,Yes,Yes,Yes,No,Month-to-month,No,Mailed check,101.16,919.14,Yes
CUST-102782,Female,0,Yes,No,0,Yes,Yes,DSL,No,Yes,Yes,No,Yes,No,Month-to-month,No,Bank transfer (automatic),63.06,21.77,No
CUST-102783,Female,0,Yes,No,32,Yes,No,No,No internet service,No internet service,No internet service,No internet service,No internet service,No internet service,Two year,Yes,Mailed check,35.87,1122.82,No
CUST-102784,Female,1,No,Yes,0,Yes,Yes,Fiber optic,No,No,Yes,No,No,No,Month-to-month,No,Electronic check,78.73,0.0,Yes
CUST-102785,Male,0,No,Yes,26,Yes,No,DSL,No,No,Yes,No,Yes,Yes,Two year,Yes,Mailed check,77.4,2028.17,No
CUST-102786,Male,1,No,No,24,Yes,No,DSL,No,Yes,Yes,No,Yes,Yes,Month-to-month,No,Bank transfer (automatic),80.43,1926.54,No
CUST-102787,Male,0,Yes,No,47,Yes,No,Fiber optic,Yes,No,No,No,No,Yes,Month-to-month,Yes,Credit card (automatic),87.87,4144.21,No
CUST-102788,Male,1,No,No,3,Yes,No,Fiber optic,No,Yes,Yes,No,Yes,Yes,Month-to-month,No,Electronic check,102.47,328.98,Yes
CUST-102789,Female,0,Yes,Yes,11,Yes,No,Fiber optic,Yes,No,Yes,No,Yes,No,Month-to-month,No,Mailed check,93.87,1040.46,Yes
CUST-102790,Female,0,Yes,No,70,Yes,No,No,No internet service,No internet service,No internet service,No internet service,No internet service,No internet service,Month-to-month,Yes,Bank transfer (automatic),29.43,2050.19,No
CUST-102791,Male,0,Yes,No,10,Yes,Yes,Fiber optic,No,Yes,Yes,Yes,No,No,One year,Yes,Electronic check,88.93,915.6,No
CUST-102792,Female,0,No,No,4,Yes,No,No,No internet service,No internet service,No internet service,No internet service,No internet service,No internet service,Month-to-month,Yes,Credit card (automatic),27.29,103.81,No
CUST-102793,Female,0,Yes,No,55,Yes,Yes,Fiber optic,No,Yes,Yes,No,Yes,Yes,Two year,Yes,Electronic check,102.85,5651.4,No
CUST-102794,Male,0,No,Yes,9,No,No phone service,Fiber optic,Yes,Yes,No,Yes,No,Yes,Two year,Yes,Credit card (automatic),97.41,886.99,Yes
CUST-102795,Female,0,No,No,1,Yes,No,DSL,No,Yes,No,No,Yes,No,Month-to-month,Yes,Mailed check,64.36,58.33,Yes
CUST-102796,Female,0,No,No,16,Yes,Yes,Fiber optic,No,No,No,No,Yes,Yes,Two year,Yes,Electronic check,90.1,1437.12,No
CUST-102797,Female,0,Yes,No,24,Yes,No,Fiber optic,Yes,No,No,No,No,No,Month-to-month,Yes,Bank transfer (automatic),80.82,1932.21,No
CUST-102798,Female,0,No,No,6,Yes,No,Fiber optic,No,Yes,No,No,No,No,Month-to-month,No,Electronic check,84.47,503.21,Yes
CUST-102799,Male,0,No,No,13,Yes,Yes,Fiber optic,No,No,No,Yes,No,No,Month-to-month,Yes,Bank transfer (automatic),75.91,990.77,No
CUST-102800,Female,0,Yes,Yes,22,No,No phone service,Fiber optic,No,No,Yes,Yes,Yes,No,One year,Yes,Credit card (automatic),91.79,1979.93,No
CUST-102801,Male,0,No,No,23,Yes,No,Fiber optic,No,Yes,Yes,Yes,No,No,Month-to-month,No,Bank transfer (automatic),92.08,2115.88,No
CUST-102802,Female,1,No,No,19,Yes,No,Fiber optic,No,No,No,No,No,No,One year,Yes,Electronic check,79.73,1479.57,No
CUST-102803,Male,0,Yes,No,1,Yes,No,Fiber optic,No,Yes,No,No,No,Yes,Two year,No,Mailed check,91.88,83.75,No
CUST-102804,Male,0,No,No,4,Yes,Yes,No,No internet service,No internet service,No internet service,No internet service,No internet service,No internet service,Month-to-month,No,Mailed check,25.33,108.08,No
CUST-102805,Female,0,Yes,No,39,Yes,No,Fiber optic,No,No,No,Yes,No,No,Two year,No,Bank transfer (automatic),78.67,3061.58,No
CUST-102806,Male,0,Yes,No,21,Yes,Yes,Fiber optic,No,No,Yes,No,No,Yes,One year,Yes,Bank transfer (automatic),87.2,1845.26,Yes
CUST-102807,Male,0,No,Yes,19,Yes,No,Fiber optic,No,Yes,No,Yes,No,No,Month-to-month,Yes,Mailed check,81.98,1564.57,Yes
CUST-102808,Female,1,Yes,No,49,Yes,No,Fiber optic,No,Yes,No,No,Yes,Yes,Month-to-month,No,Bank transfer (automatic),100.39,4875.99,No
CUST-102809,Male,0,Yes,Yes,13,Yes,Yes,No,No internet service,No internet service,No internet service,No internet service,No internet service,No internet service,Month-to-month,No,Bank transfer (automatic),27.35,379.51,No
CUST-102810,Female,0,Yes,Yes,15,No,No phone service,No,No internet service,No internet service,No internet service,No internet service,No internet service,No internet service,Month-to-month,Yes,Bank transfer (automatic),18.0,274.99,No
CUST-102811,Male,0,Yes,No,5,Yes,Yes,Fiber optic,Yes,Yes,No,No,No,No,One year,No,Electronic check,85.53,416.27,No
CUST-102812,Male,0,Yes,No,13,Yes,Yes,No,No internet service,No internet service,No internet service,No internet service,No internet service,No internet service,Month-to-month,No,Mailed check,30.61,388.53,Yes
CUST-102813,Female,0,No,No,14,Yes,Yes,Fiber optic,No,No,No,Yes,No,No,Month-to-month,No,Mailed check,88.17,1192.69,No
CUST-102814,Male,0,Yes,No,2,Yes,Yes,No,No internet service,No internet service,No internet service,No internet service,No internet service,No internet service,One year,Yes,Credit card (automatic),22.86,50.08,No
CUST-102815,Male,0,Yes,No,18,Yes,No,No,No internet service,No internet service,No internet service,No internet service,No internet service,No internet service,One year,Yes,Credit card (automatic),36.65,672.72,Yes
CUST-102816,Female,1,No,No,5,Yes,No,Fiber optic,No,No,Yes,Yes,No,No,Two year,Yes,Credit card (automatic),83.16,402.2,Yes
CUST-102817,Female,0,No,No,39,Yes,No,No,No internet service,No internet service,No internet service,No internet service,No internet service,No internet service,Month-to-month,Yes,Electronic check,21.18,807.92,No
CUST-102818,Male,1,Yes,No,9,Yes,No,Fiber optic,Yes,No,Yes,No,No,Yes,One year,No,Bank transfer (automatic),102.03,921.08,Yes
CUST-102819,Female,0,Yes,No,15,Yes,No,Fiber optic,Yes,Yes,Yes,No,No,No,Month-to-month,Yes,Credit card (automatic),87.84,1341.49,Yes
CUST-102820,Female,0,Yes,No,19,Yes,Yes,Fiber optic,No,Yes,Yes,No,No,No,One year,Yes,Electronic check,93.1,1790.72,No
CUST-102821,Female,0,Yes,No,2,Yes,No,Fiber optic,Yes,Yes,No,No,No,Yes,Month-to-month,Yes,Electronic check,93.34,203.26,No
CUST-102822,Male,0,Yes,Yes,30,No,No phone service,Fiber optic,No,Yes,Yes,Yes,No,Yes,Month-to-month,No,Electronic check,90.83,2765.3,Yes
CUST-102823,Female,0,No,No,40,Yes,No,DSL,No,No,Yes,No,No,Yes,Two year,No,Bank transfer (automatic),59.78,2409.69,No
CUST-102824,Female,0,No,Yes,8,Yes,Yes,Fiber optic,No,No,Yes,No,No,Yes,One year,No,Mailed check,95.11,784.01,No
CUST-102825,Female,0,Yes,Yes,17,Yes,Yes,Fiber optic,No,No,No,No,No,No,One year,No,Electronic check,82.56,1405.26,No
CUST-102826,Male,0,No,Yes,14,Yes,No,Fiber optic,No,Yes,Yes,No,No,Yes,Month-to-month,No,Mailed check,92.36,1286.11,No
CUST-102827,Female,0,Yes,Yes,10,Yes,Yes,DSL,No,No,Yes,No,Yes,Yes,One year,Yes,Bank transfer (automatic),72.7,749.69,Yes
CUST-102828,Female,1,Yes,No,15,No,No phone service,DSL,No,No,No,No,No,No,Month-to-month,Yes,Credit card (automatic),47.65,695.13,No
CUST-102829,Male,1,Yes,No,28,Yes,Yes,Fiber optic,Yes,Yes,Yes,Yes,No,No,Month-to-month,No,Bank transfer (automatic),95.11,2671.56,No
CUST-102830,Female,0,Yes,No,9,Yes,No,Fiber optic,Yes,No,No,No,No,No,Month-to-month,No,Credit card (automatic),88.46,783.98,Yes
CUST-102831,Female,1,No,No,8,Yes,No,DSL,Yes,No,Yes,Yes,Yes,Yes,Month-to-month,Yes,Bank transfer (automatic),82.58,667.43,No
CUST-102832,Male,0,Yes,No,46,Yes,No,DSL,Yes,No,No,No,No,No,Month-to-month,No,Credit card (automatic),55.92,2577.68,No
CUST-102833,Female,0,No,Yes,2,Yes,No,Fiber optic,No,No,No,No,Yes,No,One year,Yes,Mailed check,79.67,162.6,No
CUST-102834,Male,1,Yes,Yes,16,Yes,Yes,DSL,No,Yes,Yes,Yes,No,Yes,Month-to-month,No,Credit card (automatic),69.83,1116.93,Yes
CUST-102835,Female,0,No,No,21,No,No phone service,DSL,No,No,No,No,No,No,Two year,No,Credit card (automatic),47.35,1005.0,No
CUST-102836,Female,0,No,No,40,Yes,No,Fiber optic,No,No,Yes,No,No,No,Two year,Yes,Bank transfer (automatic),82.94,3331.46,No
CUST-102837,Female,0,No,No,45,Yes,Yes,Fiber optic,No,No,Yes,No,No,No,Month-to-month,No,Mailed check,85.26,3808.72,No
CUST-102838,Male,0,Yes,No,5,Yes,No,No,No internet service,No internet service,No internet service,No internet service,No internet service,No internet service,One year,No,Electronic check,25.75,127.84,No
CUST-102839,Female,0,No,No,45,Yes,No,DSL,No,Yes,No,Yes,Yes,No,Month-to-month,No,Electronic check,64.43,2890.99,No
CUST-102840,Male,0,No,No,37,No,No phone service,DSL,Yes,Yes,No,No,No,No,Two year,No,Electronic check,53.01,1965.25,No
CUST-102841,Female,0,Yes,No,3,Yes,No,DSL,No,No,Yes,No,No,Yes,Month-to-month,Yes,Electronic check,73.15,211.13,Yes
CUST-102842,Female,0,No,Yes,26,No,No phone service,Fiber optic,No,No,No,No,No,No,Month-to-month,Yes,Mailed check,66.14,1745.14,No
CUST-102843,Male,0,Yes,No,9,Yes,No,DSL,No,No,Yes,No,Yes,No,Month-to-month,Yes,Electronic check,64.85,582.28,Yes
CUST-102844,Male,0,Yes,No,19,Yes,No,DSL,Yes,No,Yes,No,No,No,Two year,Yes,Credit card (automatic),52.35,1014.38,No
CUST-102845,Male,1,No,No,16,Yes,Yes,Fiber optic,No,No,Yes,Yes,No,No,Month-to-month,Yes,Bank transfer (automatic),84.92,1339.68,No
CUST-102846,Female,0,Yes,No,41,Yes,Yes,Fiber optic,No,No,No,Yes,No,No,Two year,Yes,Credit card (automatic),81.34,3329.33,No
CUST-102847,Male,1,Yes,No,8,Yes,No,Fiber optic,No,Yes,No,No,No,Yes,Month-to-month,Yes,Mailed check,92.33,726.35,No
CUST-102848,Male,0,Yes,No,13,No,No phone service,Fiber optic,No,No,No,No,No,No,One year,Yes,Electronic check,68.73,901.36,No
CUST-102849,Male,0,Yes,No,7,Yes,Yes,No,No internet service,No internet service,No internet service,No internet service,No internet service,No internet service,Month-to-month,Yes,Electronic check,21.93,129.81,No
CUST-102850,Male,0,Yes,Yes,72,Yes,Yes,Fiber optic,No,No,No,No,No,No,Month-to-month,Yes,Credit card (automatic),75.34,5390.3,No
CUST-102851,Male,0,Yes,No,0,Yes,Yes,DSL,No,No,No,No,Yes,No,Month-to-month,No,Electronic check,60.18,0.0,Yes
CUST-102852,Male,0,No,No,26,Yes,No,Fiber optic,No,No,Yes,Yes,No,Yes,Month-to-month,No,Bank transfer (automatic),91.02,2377.74,Yes
CUST-102853,Male,0,No,No,72,Yes,No,DSL,No,No,Yes,Yes,No,Yes,One year,No,Electronic check,66.6,4779.01,No
CUST-102854,Female,1,No,No,18,Yes,Yes,DSL,No,Yes,No,No,No,No,One year,Yes,Mailed check,62.02,1121.67,No
CUST-102855,Male,0,Yes,No,27,Yes,No,Fiber optic,No,Yes,Yes,Yes,Yes,No,Month-to-month,No,Electronic check,97.5,2619.55,Yes
CUST-102856,Female,1,No,No,56,Yes,Yes,DSL,Yes,Yes,Yes,Yes,Yes,Yes,Month-to-month,Yes,Mailed check,89.76,4991.5,No
CUST-102857,Female,0,Yes,No,7,No,No phone service,DSL,No,No,Yes,Yes,No,No,Month-to-month,Yes,Electronic check,53.29,390.07,No
CUST-102858,Female,0,Yes,No,2,No,No phone service,Fiber optic,No,No,No,No,No,No,One year,No,Credit card (automatic),65.08,143.15,No
CUST-102859,Male,0,No,No,5,Yes,No,No,No internet service,No internet service,No internet service,No internet service,No internet service,No internet service,Two year,Yes,Electronic check,26.67,132.55,No
CUST-102860,Male,0,Yes,No,17,Yes,Yes,DSL,Yes,No,No,No,Yes,No,Two year,No,Electronic check,67.16,1142.58,No
CUST-102861,Female,0,No,No,16,No,No phone service,Fiber optic,No,No,No,No,No,Yes,Two year,No,Electronic check,84.95,1355.05,No
CUST-102862,Female,0,No,Yes,30,Yes,No,No,No internet service,No internet service,No internet service,No internet service,No internet service,No internet service,Month-to-month,Yes,Credit card (automatic),24.91,726.65,No
CUST-102863,Female,1,No,No,8,Yes,No,DSL,No,No,No,No,Yes,No,Month-to-month,Yes,Bank transfer (automatic),60.66,511.4,Yes
CUST-102864,Male,0,Yes,Yes,38,Yes,No,Fiber optic,No,No,No,Yes,Yes,No,Two year,No,Bank transfer (automatic),94.64,3594.31,No
CUST-102865,Male,0,Yes,Yes,4,Yes,No,DSL,No,No,No,No,Yes,Yes,Month-to-month,Yes,Mailed check,74.04,303.39,No
CUST-102866,Male,0,Yes,No,6,Yes,Yes,No,No internet service,No internet service,No internet service,No internet service,No internet service,No internet service,Month-to-month,Yes,Credit card (automatic),25.4,142.42,No
CUST-102867,Male,0,No,No,12,Yes,Yes,DSL,Yes,No,Yes,No,Yes,No,Month-to-month,Yes,Electronic check,69.38,841.42,No
CUST-102868,Female,0,No,No,23,Yes,Yes,DSL,Yes,No,No,No,Yes,Yes,One year,No,Credit card (automatic),78.45,1827.25,No
CUST-102869,Male,0,No,No,4,Yes,No,No,No internet service,No internet service,No internet service,No internet service,No internet service,No internet service,One year,Yes,Credit card (automatic),30.05,123.53,Yes
CUST-102870,Male,0,Yes,Yes,53,Yes,No,Fiber optic,No,No,Yes,No,Yes,Yes,Two year,No,Electronic check,102.13,5420.1,No
CUST-102871,Female,0,No,Yes,27,Yes,Yes,DSL,Yes,No,No,Yes,Yes,Yes,Month-to-month,No,Electronic check,83.69,2277.19,Yes
CUST-102872,Female,0,No,Yes,16,Yes,No,No,No internet service,No internet service,No internet service,No internet service,No internet service,No internet service,Month-to-month,Yes,Mailed check,30.21,497.51,No
CUST-102873,Male,0,No,Yes,14,Yes,No,No,No internet service,No internet service,No internet service,No internet service,No internet service,No internet service,Month-to-month,Yes,Electronic check,28.57,420.86,No
CUST-102874,Male,0,No,No,6,Yes,No,Fiber optic,No,No,No,Yes,No,Yes,One year,No,Electronic check,88.32,536.34,No
CUST-102875,Female,0,Yes,No,4,No,No phone service,DSL,No,Yes,Yes,No,Yes,Yes,Month-to-month,Yes,Mailed check,69.02,282.49,Yes
CUST-102876,Female,0,Yes,No,22,Yes,No,DSL,Yes,No,No,No,No,No,Two year,Yes,Electronic check,57.29,1265.17,No
CUST-102877,Female,0,No,Yes,6,Yes,No,No,No internet service,No internet service,No internet service,No internet service,No internet service,No internet service,Month-to-month,Yes,Bank transfer (automatic),32.8,214.1,No
CUST-102878,Female,1,Yes,No,7,Yes,No,DSL,Yes,No,No,No,No,Yes,One year,No,Mailed check,66.71,458.34,No
CUST-102879,Female,0,Yes,Yes,59,Yes,Yes,DSL,No,Yes,No,No,No,No,Two year,No,Bank transfer (automatic),58.74,3476.27,No
CUST-102880,Male,0,Yes,No,8,Yes,No,DSL,No,No,Yes,No,Yes,Yes,Month-to-month,Yes,Mailed check,69.02,598.11,No
CUST-102881,Male,0,Yes,No,3,Yes,No,DSL,No,No,Yes,No,Yes,No,One year,Yes,Mailed check,69.82,216.64,No
CUST-102882,Female,0,No,Yes,3,Yes,Yes,Fiber optic,No,No,No,No,No,No,Month-to-month,Yes,Mailed check,74.93,200.85,Yes
CUST-102883,Male,0,Yes,No,12,Yes,No,Fiber optic,Yes,Yes,No,Yes,Yes,No,Two year,No,Credit card (automatic),99.86,1192.52,No
CUST-102884,Male,1,Yes,No,14,Yes,No,DSL,No,Yes,Yes,No,No,Yes,Two year,Yes,Mailed check,75.24,1065.78,No
CUST-102885,Male,1,No,No,5,Yes,No,DSL,No,Yes,No,No,No,No,One year,No,Bank transfer (automatic),61.55,294.34,Yes
CUST-102886,Female,0,No,No,41,Yes,No,DSL,No,Yes,No,No,Yes,Yes,Month-to-month,No,Credit card (automatic),70.6,2875.04,No
CUST-102887,Male,0,Yes,No,21,Yes,Yes,DSL,No,No,Yes,No,Yes,Yes,Two year,Yes,Bank transfer (automatic),68.68,1414.69,No
CUST-102888,Male,0,Yes,Yes,11,Yes,No,DSL,No,No,Yes,No,No,No,Two year,No,Electronic check,56.19,613.92,No
CUST-102889,Male,0,Yes,Yes,18,Yes,Yes,Fiber optic,Yes,Yes,Yes,Yes,No,No,One year,No,Electronic check,94.69,1736.65,Yes
CUST-102890,Male,0,Yes,No,5,Yes,No,DSL,No,No,Yes,No,No,Yes,Two year,No,Bank transfer (automatic),59.13,285.03,No
CUST-102891,Female,0,Yes,No,32,Yes,No,DSL,No,No,Yes,No,No,No,Month-to-month,Yes,Bank transfer (automatic),53.99,1745.2,Yes
CUST-102892,Male,0,Yes,No,10,Yes,No,Fiber optic,Yes,Yes,Yes,No,No,No,Month-to-month,No,Bank transfer (automatic),81.01,804.52,Yes
CUST-102893,Female,0,No,No,16,No,No phone service,Fiber optic,No,No,No,Yes,Yes,No,Month-to-month,Yes,Bank transfer (automatic),86.62,1378.17,Yes
CUST-102894,Male,0,No,No,28,Yes,No,Fiber optic,No,No,No,No,No,No,Month-to-month,No,Electronic check,81.36,2288.42,Yes
CUST-102895,Female,0,No,No,5,Yes,No,No,No internet service,No internet service,No internet service,No internet service,No internet service,No internet service,Month-to-month,Yes,Bank transfer (automatic),33.64,137.53,No
CUST-102896,Female,0,Yes,Yes,0,Yes,Yes,DSL,Yes,No,No,No,Yes,No,One year,Yes,Bank transfer (automatic),67.41,33.39,No
CUST-102897,Female,0,Yes,No,8,Yes,No,DSL,Yes,Yes,Yes,No,No,No,Month-to-month,No,Credit card (automatic),65.21,532.43,No
CUST-102898,Female,0,No,No,45,Yes,Yes,DSL,No,No,No,No,Yes,No,Month-to-month,Yes,Bank transfer (automatic),65.09,2950.08,No
CUST-102899,Male,0,No,No,5,Yes,No,DSL,No,Yes,Yes,Yes,No,No,One year,Yes,Mailed check,64.19,315.79,Yes
CUST-102900,Female,0,No,No,20,Yes,No,No,No internet service,No internet service,No internet service,No internet service,No internet service,No internet service,Two year,No,Bank transfer (automatic),22.69,463.73,No
CUST-102901,Female,0,Yes,Yes,28,Yes,No,Fiber optic,No,No,No,No,No,Yes,Two year,Yes,Bank transfer (automatic),85.41,2410.14,No
CUST-102902,Female,0,Yes,No,6,Yes,Yes,No,No internet service,No internet service,No internet service,No internet service,No internet service,No internet service,Month-to-month,No,Electronic check,29.64,176.03,Yes
CUST-102903,Female,0,No,No,30,Yes,Yes,No,No internet service,No internet service,No internet service,No internet service,No internet service,No internet service,Two year,No,Mailed check,24.75,725.04,No
CUST-102904,Female,0,No,Yes,59,Yes,Yes,No,No internet service,No internet service,No internet service,No internet service,No internet service,No internet service,Month-to-month,Yes,Electronic check,23.81,1385.93,No
CUST-102905,Female,0,Yes,Yes,2,Yes,No,Fiber optic,Yes,No,Yes,No,Yes,No,Month-to-month,Yes,Electronic check,93.33,178.2,Yes
CUST-102906,Female,1,No,No,10,Yes,No,No,No internet service,No internet service,No internet service,No internet service,No internet service,No internet service,One year,No,Bank transfer (automatic),29.65,301.04,No
CUST-102907,Female,0,No,No,1,Yes,No,Fiber optic,Yes,Yes,No,No,No,No,Month-to-month,No,Mailed check,87.42,84.16,Yes
CUST-102908,Male,1,No,No,40,Yes,No,DSL,No,No,No,No,No,Yes,Two year,Yes,Bank transfer (automatic),71.55,2852.21,Yes
CUST-102909,Male,0,Yes,Yes,28,Yes,Yes,Fiber optic,No,No,No,No,No,No,Month-to-month,No,Mailed check,77.46,2182.44,No
CUST-102910,Male,0,No,No,5,Yes,Yes,No,No internet service,No internet service,No internet service,No internet service,No internet service,No internet service,Month-to-month,No,Credit card (automatic),31.0,145.78,No
CUST-102911,Male,0,No,Yes,19,Yes,No,No,No internet service,No internet service,No internet service,No internet service,No internet service,No internet service,Month-to-month,Yes,Bank transfer (automatic),22.2,409.85,No
CUST-102912,Male,0,Yes,Yes,10,Yes,Yes,Fiber optic,No,No,No,Yes,Yes,No,Month-to-month,No,Bank transfer (automatic),93.35,952.29,No
CUST-102913,Male,0,No,No,6,Yes,Yes,No,No internet service,No internet service,No internet service,No internet service,No internet service,No internet service,Month-to-month,Yes,Mailed check,26.15,167.91,No
CUST-102914,Male,0,No,No,24,Yes,Yes,Fiber optic,No,No,No,Yes,No,Yes,Month-to-month,Yes,Credit card (automatic),90.96,2158.54,Yes
CUST-102915,Male,0,No,No,6,No,No phone service,Fiber optic,No,No,No,Yes,No,No,Month-to-month,Yes,Mailed check,81.75,463.88,Yes
CUST-102916,Female,0,Yes,No,10,Yes,No,DSL,No,Yes,Yes,Yes,Yes,No,One year,No,Credit card (automatic),73.51,712.95,No
CUST-102917,Female,0,No,Yes,6,Yes,Yes,DSL,No,No,No,Yes,No,No,Month-to-month,Yes,Mailed check,52.77,316.01,No
CUST-102918,Female,0,Yes,Yes,22,Yes,No,DSL,No,Yes,Yes,No,Yes,Yes,One year,Yes,Electronic check,73.39,1638.15,Yes
CUST-102919,Male,0,Yes,No,6,Yes,No,No,No internet service,No internet service,No internet service,No internet service,No internet service,No internet service,One year,Yes,Bank transfer (automatic),28.69,201.09,No
CUST-102920,Male,0,Yes,Yes,9,Yes,No,No,No internet service,No internet service,No internet service,No internet service,No internet service,No internet service,Month-to-month,Yes,Mailed check,28.47,271.24,No
CUST-102921,Female,0,Yes,Yes,15,Yes,Yes,DSL,Yes,Yes,Yes,No,No,Yes,Month-to-month,No,Electronic check,75.31,1167.91,No
CUST-102922,Male,0,Yes,No,7,Yes,Yes,DSL,No,No,No,No,No,Yes,One year,Yes,Mailed check,55.86,395.05,No
CUST-102923,Female,0,No,Yes,11,Yes,No,DSL,Yes,No,No,No,Yes,Yes,Two year,Yes,Electronic check,82.11,925.39,No
CUST-102924,Male,0,No,No,72,Yes,Yes,Fiber optic,No,No,Yes,Yes,Yes,Yes,Month-to-month,No,Credit card (automatic),108.86,7826.5,No
CUST-102925,Male,0,Yes,No,13,Yes,No,Fiber optic,No,Yes,No,No,Yes,No,Two year,Yes,Bank transfer (automatic),91.52,1158.64,Yes
CUST-102926,Female,0,No,Yes,9,Yes,Yes,Fiber optic,No,No,Yes,Yes,No,No,Month-to-month,Yes,Electronic check,80.92,722.11,Yes
CUST-102927,Male,0,Yes,No,19,Yes,No,DSL,No,Yes,No,Yes,Yes,No,Month-to-month,No,Bank transfer (automatic),77.34,1466.96,No
CUST-102928,Male,0,No,No,33,Yes,No,DSL,No,No,No,Yes,No,No,Month-to-month,No,Bank transfer (automatic),62.55,2115.85,No
CUST-102929,Female,0,No,No,22,Yes,No,No,No internet service,No internet service,No internet service,No internet service,No internet service,No internet service,Month-to-month,Yes,Bank transfer (automatic),28.41,625.01,Yes
CUST-102930,Male,0,No,Yes,46,Yes,No,Fiber optic,Yes,Yes,Yes,Yes,No,No,Month-to-month,No,Bank transfer (automatic),101.8,4662.44,No
CUST-102931,Female,1,No,No,29,Yes,Yes,DSL,No,No,Yes,No,Yes,Yes,Month-to-month,No,Electronic check,71.02,2078.87,Yes
CUST-102932,Male,0,No,Yes,7,No,No phone service,DSL,No,No,No,No,No,Yes,Month-to-month,No,Electronic check,49.16,328.93,Yes
CUST-102933,Male,0,Yes,No,9,No,No phone service,DSL,No,Yes,Yes,No,No,Yes,One year,Yes,Bank transfer (automatic),62.63,566.54,No
CUST-102934,Female,0,Yes,Yes,3,Yes,Yes,DSL,Yes,No,No,No,Yes,No,Month-to-month,No,Bank transfer (automatic),59.79,196.92,No
CUST-102935,Male,0,Yes,No,32,Yes,Yes,DSL,No,No,No,No,No,No,Two year,Yes,Bank transfer (automatic),48.56,1535.29,No
CUST-102936,Female,0,Yes,Yes,1,No,No phone service,Fiber optic,No,No,Yes,No,No,Yes,Two year,No,Electronic check,84.18,114.53,No
CUST-102937,Female,0,Yes,No,36,Yes,No,DSL,No,No,No,No,Yes,No,Month-to-month,No,Credit card (automatic),61.96,2253.1,Yes
CUST-102938,Female,0,Yes,No,10,Yes,Yes,Fiber optic,No,No,No,No,No,No,Month-to-month,No,Mailed check,72.47,731.77,Yes
CUST-102939,Male,0,No,No,24,Yes,No,Fiber optic,No,Yes,Yes,No,No,Yes,Month-to-month,No,Bank transfer (automatic),93.36,2275.67,No
CUST-102940,Female,0,No,No,4,Yes,Yes,DSL,No,Yes,No,No,No,No,Two year,Yes,Electronic check,52.65,202.96,No
CUST-102941,Female,0,No,No,5,Yes,Yes,Fiber optic,No,Yes,Yes,No,Yes,Yes,Month-to-month,Yes,Bank transfer (automatic),101.05,521.13,Yes
CUST-102942,Female,1,No,No,60,Yes,No,No,No internet service,No internet service,No internet service,No internet service,No internet service,No internet service,Month-to-month,Yes,Credit card (automatic),25.61,1542.18,No
CUST-102943,Male,1,Yes,No,29,Yes,Yes,DSL,Yes,Yes,Yes,Yes,No,Yes,Two year,Yes,Electronic check,83.97,2422.37,Yes
CUST-102944,Female,0,Yes,No,4,Yes,Yes,No,No internet service,No internet service,No internet service,No internet service,No internet service,No internet service,Month-to-month,No,Bank transfer (automatic),27.37,97.32,No
CUST-102945,Male,0,No,Yes,4,No,No phone service,DSL,No,No,No,No,Yes,No,Month-to-month,No,Bank transfer (automatic),52.03,248.74,No
CUST-102946,Female,0,No,No,33,Yes,Yes,DSL,Yes,Yes,No,No,No,Yes,Two year,Yes,Electronic check,69.43,2312.38,No
CUST-102947,Male,0,Yes,Yes,9,Yes,No,DSL,Yes,Yes,No,No,Yes,Yes,Two year,Yes,Electronic check,72.12,666.87,No
CUST-102948,Female,0,Yes,Yes,72,Yes,Yes,Fiber optic,No,Yes,No,Yes,No,No,Month-to-month,No,Bank transfer (automatic),87.61,6295.41,No
CUST-102949,Female,0,No,Yes,12,No,No phone service,Fiber optic,No,No,No,Yes,No,No,Month-to-month,No,Electronic check,76.93,937.32,No
CUST-102950,Male,1,Yes,No,72,Yes,Yes,Fiber optic,No,No,Yes,Yes,Yes,No,Month-to-month,Yes,Electronic check,95.93,6899.6,No
CUST-102951,Female,1,Yes,No,8,Yes,Yes,DSL,No,No,No,No,Yes,No,Month-to-month,Yes,Credit card (automatic),63.77,544.12,No
CUST-102952,Female,0,Yes,No,41,Yes,No,Fiber optic,Yes,No,No,No,No,Yes,Month-to-month,Yes,Bank transfer (automatic),93.97,3877.03,No
CUST-102953,Male,0,No,Yes,4,No,No phone service,DSL,Yes,Yes,No,No,Yes,Yes,Month-to-month,No,Bank transfer (automatic),79.79,337.55,Yes
CUST-102954,Male,0,No,No,28,Yes,No,DSL,Yes,No,No,No,Yes,No,One year,Yes,Bank transfer (automatic),61.49,1738.08,Yes
CUST-102955,Female,0,No,No,60,Yes,Yes,Fiber optic,No,Yes,No,Yes,No,Yes,One year,Yes,Mailed check,96.94,5814.64,No
CUST-102956,Male,0,No,No,15,No,No phone service,DSL,No,No,No,No,No,No,Two year,Yes,Bank transfer (automatic),46.39,705.59,No
CUST-102957,Male,0,No,Yes,7,Yes,No,Fiber optic,No,Yes,Yes,No,Yes,Yes,Two year,Yes,Electronic check,101.72,742.87,No
CUST-102958,Female,0,Yes,No,15,Yes,Yes,Fiber optic,Yes,No,Yes,Yes,No,No,Month-to-month,Yes,Electronic check,89.47,1351.38,Yes
CUST-102959,Male,0,No,No,6,Yes,No,Fiber optic,Yes,No,No,No,Yes,No,Month-to-month,Yes,Bank transfer (automatic),93.0,541.19,No
CUST-102960,Female,0,No,No,34,Yes,No,Fiber optic,Yes,No,Yes,No,No,Yes,Month-to-month,No,Credit card (automatic),96.61,3309.84,Yes
CUST-102961,Male,0,No,No,2,Yes,No,DSL,No,No,Yes,No,No,No,Month-to-month,No,Mailed check,52.79,91.99,Yes
CUST-102962,Female,0,Yes,Yes,4,No,No phone service,DSL,Yes,Yes,No,No,Yes,No,Month-to-month,Yes,Credit card (automatic),55.81,222.65,Yes
CUST-102963,Male,1,No,No,4,Yes,Yes,Fiber optic,Yes,Yes,Yes,Yes,No,No,One year,Yes,Bank transfer (automatic),95.03,370.65,No
CUST-102964,Female,0,No,Yes,14,Yes,No,DSL,No,No,Yes,No,No,No,Month-to-month,No,Mailed check,54.31,708.16,No
CUST-102965,Female,0,Yes,No,3,Yes,No,DSL,Yes,No,No,No,No,Yes,Month-to-month,Yes,Mailed check,68.41,208.74,No
CUST-102966,Male,0,Yes,No,3,Yes,Yes,Fiber optic,No,Yes,Yes,No,No,No,Month-to-month,Yes,Electronic check,83.3,293.36,No
CUST-102967,Male,0,Yes,Yes,30,Yes,No,Fiber optic,No,Yes,Yes,No,Yes,No,Two year,Yes,Bank transfer (automatic),94.29,2835.1,No
CUST-102968,Female,1,No,No,2,Yes,No,Fiber optic,Yes,Yes,Yes,No,No,Yes,One year,No,Electronic check,93.17,245.61,No
CUST-102969,Female,0,No,Yes,24,Yes,No,DSL,Yes,No,No,Yes,No,No,Month-to-month,No,Mailed check,56.79,1359.9,No
CUST-102970,Female,1,Yes,Yes,5,Yes,No,DSL,Yes,No,No,Yes,No,Yes,Month-to-month,Yes,Electronic check,67.92,344.03,No
CUST-102971,Male,0,No,No,1,Yes,No,DSL,Yes,No,Yes,Yes,No,No,Two year,No,Credit card (automatic),66.0,63.92,Yes
CUST-102972,Female,0,Yes,No,7,Yes,No,DSL,No,Yes,No,Yes,No,Yes,Month-to-month,No,Mailed check,67.72,475.25,No
CUST-102973,Female,0,Yes,No,22,Yes,No,No,No internet service,No internet service,No internet service,No internet service,No internet service,No internet service,One year,No,Mailed check,28.57,635.94,No
CUST-102974,Male,0,Yes,No,9,Yes,Yes,DSL,No,No,Yes,No,Yes,No,One year,No,Mailed check,58.19,553.92,No
CUST-102975,Male,0,No,Yes,2,Yes,No,DSL,No,Yes,No,Yes,No,Yes,One year,No,Electronic check,70.14,123.5,No
CUST-102976,Male,0,No,No,15,Yes,No,No,No internet service,No internet service,No internet service,No internet service,No internet service,No internet service,Month-to-month,No,Mailed check,27.19,408.02,No
CUST-102977,Female,0,Yes,No,29,Yes,Yes,Fiber optic,No,Yes,Yes,No,Yes,No,Two year,No,Bank transfer (automatic),89.21,2599.4,No
CUST-102978,Male,0,Yes,Yes,13,Yes,Yes,DSL,Yes,No,No,No,Yes,No,Month-to-month,Yes,Bank transfer (automatic),66.91,895.43,No
CUST-102979,Male,1,No,No,72,Yes,Yes,Fiber optic,No,No,No,Yes,Yes,No,Month-to-month,No,Mailed check,82.32,5883.88,Yes
CUST-102980,Female,0,No,No,20,Yes,Yes,Fiber optic,Yes,No,No,No,No,No,Month-to-month,No,Credit card (automatic),80.26,1577.23,Yes
CUST-102981,Male,0,No,Yes,16,Yes,No,No,No internet service,No internet service,No internet service,No internet service,No internet service,No internet service,Month-to-month,Yes,Electronic check,31.15,499.21,Yes
CUST-102982,Female,0,No,No,8,Yes,Yes,No,No internet service,No internet service,No internet service,No internet service,No internet service,No internet service,Month-to-month,Yes,Credit card (automatic),19.1,175.19,No
CUST-102983,Female,0,No,No,12,Yes,No,Fiber optic,No,No,Yes,Yes,No,Yes,One year,Yes,Electronic check,97.68,1162.55,No
CUST-102984,Female,1,Yes,Yes,11,Yes,No,DSL,No,Yes,No,No,Yes,No,Two year,Yes,Credit card (automatic),61.34,688.12,No
CUST-102985,Female,0,No,No,40,Yes,No,Fiber optic,Yes,Yes,Yes,Yes,No,Yes,Month-to-month,Yes,Credit card (automatic),102.64,4145.16,No
CUST-102986,Female,0,Yes,Yes,5,Yes,No,DSL,No,Yes,No,Yes,Yes,Yes,Two year,Yes,Credit card (automatic),84.63,423.36,No
CUST-102987,Female,0,Yes,Yes,50,Yes,No,Fiber optic,Yes,Yes,No,No,Yes,No,Two year,Yes,Electronic check,93.49,4669.94,No
CUST-102988,Female,0,Yes,No,18,Yes,No,No,No internet service,No internet service,No internet service,No internet service,No internet service,No internet service,Month-to-month,No,Mailed check,34.46,629.72,No
CUST-102989,Male,0,Yes,No,28,Yes,No,DSL,Yes,No,No,No,Yes,Yes,One year,Yes,Credit card (automatic),72.78,2041.44,No
CUST-102990,Male,0,No,Yes,37,Yes,Yes,No,No internet service,No internet service,No internet service,No internet service,No internet service,No internet service,Two year,Yes,Mailed check,27.66,1028.52,No
CUST-102991,Female,1,No,No,28,Yes,No,Fiber optic,Yes,No,No,No,Yes,Yes,Two year,Yes,Mailed check,102.37,2862.74,No
CUST-102992,Male,1,No,No,12,Yes,No,DSL,Yes,No,No,No,No,No,Month-to-month,Yes,Mailed check,60.18,717.02,No
CUST-102993,Female,0,Yes,No,0,Yes,No,No,No internet service,No internet service,No internet service,No internet service,No internet service,No internet service,Two year,Yes,Electronic check,28.62,0.0,No
CUST-102994,Female,0,No,No,72,Yes,Yes,Fiber optic,Yes,No,No,No,Yes,No,One year,No,Mailed check,89.15,6431.07,No
CUST-102995,Female,0,No,No,5,Yes,No,Fiber optic,No,Yes,Yes,Yes,Yes,Yes,Month-to-month,Yes,Electronic check,101.8,488.2,Yes
CUST-102996,Male,0,Yes,No,3,Yes,No,Fiber optic,Yes,Yes,Yes,No,Yes,No,Month-to-month,Yes,Bank transfer (automatic),93.99,265.63,No
CUST-102997,Male,0,No,No,25,Yes,No,DSL,No,Yes,No,No,Yes,No,Month-to-month,Yes,Mailed check,71.25,1757.29,Yes
CUST-102998,Male,1,No,No,23,No,No phone service,DSL,Yes,No,No,No,No,No,Month-to-month,No,Electronic check,56.8,1299.88,Yes
CUST-102999,Female,0,Yes,No,4,Yes,Yes,Fiber optic,Yes,No,No,No,No,Yes,Month-to-month,Yes,Electronic check,91.52,366.6,Yes
